Time,South(Wh/m2),West(Wh/m2),East(Wh/m2),North(Wh/m2)
0,0,0,0,0
1,0,0,0,0
2,0,0,0,0
3,0,0,0,0
4,0,0,0,0
5,0,0,0,0
6,51.5,51.5,210.7296992,107.2925571
7,73.5,73.5,85.11030087,76.14795752
8,108.5,108.5,496.3065344,152.8207626
9,172.1288695,171,321.5269755,171
10,197.5580907,161.5,372.3085513,161.5
11,173.9764557,166.5,180.6388506,166.5
12,248.3467423,179.0506166,177,177
13,195.1240689,278.4176501,109.5,109.5
14,72.5,72.5,72.5,72.5
15,56.5,56.5,56.5,56.5
16,41,41,41,41
17,25.5,25.5,25.5,25.5
18,10.5,10.5,10.5,10.5
19,0,0,0,0
20,0,0,0,0
21,0,0,0,0
22,0,0,0,0
23,0,0,0,0
0,0,0,0,0
1,0,0,0,0
2,0,0,0,0
3,0,0,0,0
4,0,0,0,0
5,0,0,0,0
6,37.5,37.5,282.6074017,124.0077992
7,71,71,476.1862801,164.4560745
8,124.5,124.5,173.2527556,130.2100106
9,112.1943735,110.5,529.4309727,110.5
10,159.835973,105.5,432.6268929,105.5
11,213.4240135,168.5,255.142004,168.5
12,227.9913608,146.5316682,144.5,144.5
13,119.9563498,121.4104962,118.5,118.5
14,72.5,72.5,72.5,72.5
15,56.5,56.5,56.5,56.5
16,128.5,218.3631173,128.5,139.3816026
17,80.5,214.584606,80.5,111.9780726
18,29,312.8331019,29,130.5122315
19,0,0,0,0
20,0,0,0,0
21,0,0,0,0
22,0,0,0,0
23,0,0,0,0
0,0,0,0,0
1,0,0,0,0
2,0,0,0,0
3,0,0,0,0
4,0,0,0,0
5,0,0,0,0
6,38,38,44.46906236,40.29903064
7,94,94,172.4876175,112.2974421
8,137,137,161.7657366,139.9678874
9,139.5173296,139.5,162.9526554,139.5
10,179.0213586,136,402.6009143,136
11,200.3697391,113.5,284.287455,113.5
12,187.4866994,73.28397241,71,71
13,170.3255376,273.4728529,69.5,69.5
14,160.7266313,396.9153749,117,117
15,101.5,470.9730311,101.5,102.5590369
16,99,448.3839082,99,142.0119634
17,40,548.9984131,40,160.392743
18,24,376.882288,24,150.7874386
19,0,0,0,0
20,0,0,0,0
21,0,0,0,0
22,0,0,0,0
23,0,0,0,0
0,0,0,0,0
1,0,0,0,0
2,0,0,0,0
3,0,0,0,0
4,0,0,0,0
5,0,0,0,0
6,38,38,182.9752867,89.86332181
7,25.5,25.5,25.5,25.5
8,43,43,43,43
9,57.5,57.5,57.5,57.5
10,68.5,68.5,68.5,68.5
11,95.7100212,95,96.42226685,95
12,110.1064275,108.5234021,108.5,108.5
13,200.3996765,275.6266802,128.5,128.5
14,178.5068793,222.8441109,170.5,170.5
15,143,170.4711354,143,143.1427075
16,101,487.5706281,101,149.3161668
17,82.5,251.9980715,82.5,122.8690556
18,31.5,70.26824315,31.5,45.48795558
19,0,0,0,0
20,0,0,0,0
21,0,0,0,0
22,0,0,0,0
23,0,0,0,0
0,0,0,0,0
1,0,0,0,0
2,0,0,0,0
3,0,0,0,0
4,0,0,0,0
5,0,0,0,0
6,19.5,19.5,19.5,19.5
7,79,79,95.92680421,83.0244408
8,99,99,530.1188573,152.849123
9,141.5,141.5,430.0993385,143.0627077
10,209.6758438,191,313.4101773,191
11,207.3954437,127.5,290.4737352,127.5
12,220.3468216,130.8334024,130,130
13,203.4272262,288.7982318,123.5,123.5
14,166.1382193,379.497931,128.5,128.5
15,167,275.4096259,167,167.7973411
16,117.5,192.6429111,117.5,127.0225481
17,51,543.8583765,51,169.1286001
18,21,398.2501321,21,157.6411091
19,0,0,0,0
20,0,0,0,0
21,0,0,0,0
22,0,0,0,0
23,0,0,0,0
0,0,0,0,0
1,0,0,0,0
2,0,0,0,0
3,0,0,0,0
4,0,0,0,0
5,0,0,0,0
6,36,36,331.9770121,143.1831629
7,47.5,47.5,586.2168627,176.7417299
8,51,51,628.8770473,124.5360792
9,50,50,583.6040989,54.40674598
10,124.5940545,70.5,434.7636594,70.5
11,164.0819841,67.5,268.0024406,67.5
12,176.527979,61.91275599,61.5,61.5
13,158.7158929,268.3348469,58,58
14,118.4408857,442.5850934,62.5,62.5
15,44.5,583.1194122,44.5,49.53362227
16,47.5,635.1656388,47.5,122.9120554
17,34,588.7377731,34,167.7280191
18,21.5,394.8014793,21.5,157.1840949
19,0,0,0,0
20,0,0,0,0
21,0,0,0,0
22,0,0,0,0
23,0,0,0,0
0,0,0,0,0
1,0,0,0,0
2,0,0,0,0
3,0,0,0,0
4,0,0,0,0
5,0,0,0,0
6,43,43,273.3569732,126.8899169
7,90,90,185.2345836,113.0416267
8,139,139,256.3092832,154.188231
9,109,109,508.4546204,113.3715767
10,160.9001713,158.5,175.0912545,158.5
11,203.7834219,197,211.3225727,197
12,260.6175929,215,215.1061606,215
13,181.2790673,280.1128385,92,92
14,117.3618645,441.7869892,62.5,62.5
15,56.5,563.064205,56.5,62.15594243
16,53,602.5138556,53,124.3173895
17,45,537.8667469,45,164.4323126
18,25.5,358.9506482,25.5,147.0801505
19,0,0,0,0
20,0,0,0,0
21,0,0,0,0
22,0,0,0,0
23,0,0,0,0
0,0,0,0,0
1,0,0,0,0
2,0,0,0,0
3,0,0,0,0
4,0,0,0,0
5,0,0,0,0
6,51.5,51.5,202.5196646,106.7893007
7,79,79,95.90410984,83.12243978
8,131,131,341.650103,158.7136568
9,125,125,453.5012288,129.424611
10,150.0450424,104.5,427.3830179,104.5
11,172.555209,82,276.3273195,82
12,226.396656,153,153.6243108,153
13,209.2737895,292.7471243,135,135
14,190.3737695,301.0741788,172,172
15,81,544.5633719,81,86.93989164
16,57,601.1296804,57,128.3348332
17,48,504.0107568,48,159.0155683
18,28,317.9825901,28,134.0255905
19,0,0,0,0
20,0,0,0,0
21,0,0,0,0
22,0,0,0,0
23,0,0,0,0
0,0,0,0,0
1,0,0,0,0
2,0,0,0,0
3,0,0,0,0
4,0,0,0,0
5,0,0,0,0
6,19.5,19.5,19.5,19.5
7,29,29,29,29
8,60,60,60,60
9,106.5,106.5,110.4118719,106.561934
10,202.8357497,194,258.1748141,194
11,178.4453276,172.5,185.4575562,172.5
12,261.8571302,221,221.6099802,221
13,211.984152,293.390579,140.5,140.5
14,123.9488406,439.2093511,72.5,72.5
15,54.5,567.3898065,54.5,61.82880219
16,48.5,630.2513896,48.5,125.4499785
17,31.5,615.9400921,31.5,174.3652988
18,20.5,418.8896434,20.5,166.5163063
19,0,0,0,0
20,0,0,0,0
21,0,0,0,0
22,0,0,0,0
23,0,0,0,0
0,0,0,0,0
1,0,0,0,0
2,0,0,0,0
3,0,0,0,0
4,0,0,0,0
5,0,0,0,0
6,37.5,37.5,273.8961496,124.8825988
7,88.5,88.5,239.650674,125.8913034
8,83,83,83,83
9,165,165,315.6604747,167.7166863
10,102.9922921,101.5,112.5916212,101.5
11,182.4354981,106.5,274.4489631,106.5
12,248.226975,220.5,221.0982667,220.5
13,230.0230065,269.2089546,196,196
14,165.2421386,421.796772,124,124
15,56.5,545.9800521,56.5,64.1317407
16,45.5,626.6557165,45.5,122.9705001
17,55,500.5465754,55,164.3003847
18,35,182.1362221,35,89.04000385
19,0,0,0,0
20,0,0,0,0
21,0,0,0,0
22,0,0,0,0
23,0,0,0,0
0,0,0,0,0
1,0,0,0,0
2,0,0,0,0
3,0,0,0,0
4,0,0,0,0
5,0,0,0,0
6,41,41,152.2455319,82.29951928
7,86,86,153.5568927,102.8185778
8,89.5,89.5,89.5,89.5
9,171.5,171.5,266.7622472,173.4115446
10,171.461648,170,181.1034866,170
11,210.6013484,203.5,219.425644,203.5
12,146.7285315,144.5,144.5633463,144.5
13,222.915039,242.5804564,206,206
14,173.6298761,366.6925676,143,143
15,104.5,462.5295537,104.5,110.486141
16,93.5,472.3488893,93.5,144.3385922
17,54.5,479.334283,54.5,159.0336181
18,27,342.2783819,27,142.9955417
19,0,0,0,0
20,0,0,0,0
21,0,0,0,0
22,0,0,0,0
23,0,0,0,0
0,0,0,0,0
1,0,0,0,0
2,0,0,0,0
3,0,0,0,0
4,0,0,0,0
5,0,0,0,0
6,41,41,152.1971401,82.4470352
7,72,72,72,72
8,80,80,80,80
9,157,157,343.0457002,161.0806757
10,68.5,68.5,68.5,68.5
11,110,110,110,110
12,146.7110434,144.5,144.5783776,144.5
13,206.4386938,240.333823,177.5,177.5
14,67,67,67,67
15,57,57,57,57
16,41,41,41,41
17,25.5,25.5,25.5,25.5
18,15,15,15,15
19,0,0,0,0
20,0,0,0,0
21,0,0,0,0
22,0,0,0,0
23,0,0,0,0
0,0,0,0,0
1,0,0,0,0
2,0,0,0,0
3,0,0,0,0
4,0,0,0,0
5,0,0,0,0
6,38,38,313.5890074,141.1000031
7,58.5,58.5,534.7976216,178.407019
8,67,67,576.1634469,138.2990409
9,61.5,61.5,572.9098211,73.58631705
10,115.2710223,68.5,438.0917635,68.5
11,153.3769134,64.5,268.8776041,64.5
12,183.8053897,85,89.21096669,85
13,163.3316209,265.0043563,77,77
14,139.5369416,426.019771,95,95
15,79.5,516.6610429,79.5,87.56611337
16,57.5,594.9984087,57.5,130.3512646
17,41.5,563.2331866,41.5,170.4454547
18,24.5,399.235697,24.5,162.7054267
19,0.5,0.5,0.5,0.5
20,0,0,0,0
21,0,0,0,0
22,0,0,0,0
23,0,0,0,0
0,0,0,0,0
1,0,0,0,0
2,0,0,0,0
3,0,0,0,0
4,0,0,0,0
5,0,0,0,0
6,9.5,9.5,9.5,9.5
7,43.5,43.5,43.5,43.5
8,70,70,70,70
9,104,104,111.8423509,104.197343
10,206.0568152,185.5,350.7963936,185.5
11,193.8425646,119.5,292.3667551,119.5
12,233.7027254,159.5,163.2032642,159.5
13,226.4615215,276.0525372,184.5,184.5
14,208.2704841,271.5637354,198.5,198.5
15,149,194.7895429,149,149.8724477
16,46.5,46.5,46.5,46.5
17,26,26,26,26
18,19.5,19.5,19.5,19.5
19,0,0,0,0
20,0,0,0,0
21,0,0,0,0
22,0,0,0,0
23,0,0,0,0
0,0,0,0,0
1,0,0,0,0
2,0,0,0,0
3,0,0,0,0
4,0,0,0,0
5,0,0,0,0
6,35,35,343.4675967,151.1390401
7,47,47,590.7672867,185.1464456
8,53.5,53.5,626.7712262,135.1729969
9,65.5,65.5,565.7750375,78.76927333
10,152.4271628,116,413.5561976,116
11,221.6870616,198.5,252.9651118,198.5
12,195.5381498,100,105.4727062,100
13,167.9345022,269.0544177,82.5,82.5
14,154.8682858,391.6252801,118.5,118.5
15,71,549.5973049,71,80.32290077
16,49,613.3052725,49,125.9190565
17,41,552.4374699,41,167.6937902
18,26.5,361.5496626,26.5,150.1995116
19,0.5,0.5,0.5,0.5
20,0,0,0,0
21,0,0,0,0
22,0,0,0,0
23,0,0,0,0
0,0,0,0,0
1,0,0,0,0
2,0,0,0,0
3,0,0,0,0
4,0,0,0,0
5,0,0,0,0
6,38.5,38.5,313.8525578,142.4518946
7,57.5,57.5,539.9689659,180.5401083
8,65.5,65.5,579.8469667,139.2976637
9,71.5,71.5,555.7677643,84.92051555
10,125.6925232,85,422.0764004,85
11,188.1487596,116,287.0232958,116
12,192.9808252,100,106.0170744,100
13,177.6758624,270.1577115,99.5,99.5
14,139.9993752,420.7000401,97,97
15,77,520.2954827,77,85.74601271
16,70,550.0453167,70,135.5149519
17,51.5,506.0957727,51.5,164.1549575
18,27.5,353.3016357,27.5,147.7875044
19,0.5,0.5,0.5,0.5
20,0,0,0,0
21,0,0,0,0
22,0,0,0,0
23,0,0,0,0
0,0,0,0,0
1,0,0,0,0
2,0,0,0,0
3,0,0,0,0
4,0,0,0,0
5,0,0,0,0
6,38,38,320.642972,144.9584024
7,50,50,565.380463,181.8673771
8,54.5,54.5,617.7705129,135.8071771
9,62.5,62.5,563.5085972,76.89403219
10,116.8182308,73.5,436.7051142,73.5
11,157.6473196,73.5,274.5771783,73.5
12,214.2832261,129.5,135.6183277,129.5
13,217.9246862,255.0063467,186.5,186.5
14,151.9877872,390.3211228,115.5,115.5
15,133,415.7739751,133,138.5997771
16,74,535.526214,74,136.9992093
17,48,528.0442798,48,166.9440045
18,24.5,379.6129735,24.5,155.5677575
19,0.5,0.5,0.5,0.5
20,0,0,0,0
21,0,0,0,0
22,0,0,0,0
23,0,0,0,0
0,0,0,0,0
1,0,0,0,0
2,0,0,0,0
3,0,0,0,0
4,0,0,0,0
5,0,0,0,0
6,34,34,356.0596609,156.1251207
7,54.5,54.5,537.0614191,178.3158166
8,58.5,58.5,602.821182,137.4687828
9,74,74,539.3661739,87.76301823
10,143.2567114,105,429.0570466,105
11,218.4939701,173.5,281.7690558,173.5
12,242.4895181,226,227.3126111,226
13,224.7181662,274.8975501,182,182
14,161.1289259,413.0460251,122.5,122.5
15,69,534.4342122,69,78.16909766
16,63.5,580.0029233,63.5,133.94258
17,55.5,469.0884764,55.5,157.9096524
18,29.5,281.8138553,29.5,122.5650795
19,0.5,0.5,0.5,0.5
20,0,0,0,0
21,0,0,0,0
22,0,0,0,0
23,0,0,0,0
0,0,0,0,0
1,0,0,0,0
2,0,0,0,0
3,0,0,0,0
4,0,0,0,0
5,0,0,0,0
6,38,38,327.9213746,148.1283395
7,49.5,49.5,571.2542021,183.6794612
8,51,51,625.162828,134.6355716
9,67.5,67.5,561.4765244,82.4407798
10,105.1133729,59.5,449.0615519,59.5
11,160.7858966,79,276.9603847,79
12,179.3872859,82,90.47209384,82
13,154.8069592,256.6903194,67.5,67.5
14,128.9658409,424.3533132,83.5,83.5
15,88,529.870211,88,96.58151941
16,122,364.3075464,122,154.9834636
17,56.5,454.9395083,56.5,155.0420037
18,28.5,310.1578341,28.5,132.2859684
19,0.5,0.5,0.5,0.5
20,0,0,0,0
21,0,0,0,0
22,0,0,0,0
23,0,0,0,0
0,0,0,0,0
1,0,0,0,0
2,0,0,0,0
3,0,0,0,0
4,0,0,0,0
5,0,0,0,0
6,34,34,317.490043,141.8362352
7,49.5,49.5,571.3709976,183.9505274
8,73.5,73.5,569.5514433,145.9785193
9,82.5,82.5,528.994969,96.22690044
10,168.6349925,141,378.4807947,141
11,210.9932391,162.5,280.435869,162.5
12,220.2987638,153,159.3464933,153
13,223.6385769,275.2827844,179,179
14,148.0949335,426.4226346,105,105
15,86,497.3279206,86,93.80112453
16,50,607.7042972,50,125.6906157
17,50.5,504.4778349,50.5,162.5871356
18,28,309.6560864,28,131.6483686
19,0.5,0.5,0.5,0.5
20,0,0,0,0
21,0,0,0,0
22,0,0,0,0
23,0,0,0,0
0,0,0,0,0
1,0,0,0,0
2,0,0,0,0
3,0,0,0,0
4,0,0,0,0
5,0,0,0,0
6,39.5,39.5,85.37306593,56.96828238
7,76,76,384.5841935,155.6040323
8,148.5,148.5,305.4050711,171.4730998
9,152,152,383.3488654,159.1874454
10,161.0240487,131.5,386.2586442,131.5
11,172.6931671,99,278.8731895,99
12,217.5849727,144.5,151.9179139,144.5
13,194.3826846,276.6650209,122.5,122.5
14,117.6347818,432.4216887,68.5,68.5
15,71,535.0791338,71,79.50883611
16,51.5,618.3816508,51.5,128.1264495
17,39,564.4081123,39,168.4361858
18,27,372.8929191,27,154.0771292
19,1,47.25037683,1,24.76576932
20,0,0,0,0
21,0,0,0,0
22,0,0,0,0
23,0,0,0,0
0,0,0,0,0
1,0,0,0,0
2,0,0,0,0
3,0,0,0,0
4,0,0,0,0
5,0,0,0,0
6,34.5,34.5,34.5,34.5
7,77.5,77.5,363.9447949,151.4515121
8,113.5,113.5,403.4722236,156.0024491
9,91,91,546.2687503,105.2123011
10,109.2984029,65,448.0126575,65
11,146.1889021,57,275.2382015,57
12,191.8793801,100,109.9727939,100
13,163.6724986,259.372019,79,79
14,142.2730523,416.7045207,99,99
15,66.5,537.853073,66.5,74.7623218
16,51.5,618.1236009,51.5,127.7018026
17,61,438.8806291,61,153.838252
18,23,403.7940879,23,162.6222528
19,1,1,1,1
20,0,0,0,0
21,0,0,0,0
22,0,0,0,0
23,0,0,0,0
0,0,0,0,0
1,0,0,0,0
2,0,0,0,0
3,0,0,0,0
4,0,0,0,0
5,0,0,0,0
6,34.5,34.5,34.5,34.5
7,69,69,69,69
8,123.5,123.5,178.00599,131.4900999
9,124,124,455.9315479,134.3539736
10,145.7358499,113.5,392.1892492,113.5
11,194.8316081,137.5,277.9751935,137.5
12,201.9760609,112,122.3838356,112
13,168.7598609,262.0429739,85,85
14,142.3810956,404.7644654,100.5,100.5
15,88,494.4297042,88,94.72581677
16,71,572.800591,71,138.0683133
17,82.5,148.7103822,82.5,98.71388559
18,31.5,358.205197,31.5,151.0132213
19,1,45.50476886,1,23.78611306
20,0,0,0,0
21,0,0,0,0
22,0,0,0,0
23,0,0,0,0
0,0,0,0,0
1,0,0,0,0
2,0,0,0,0
3,0,0,0,0
4,0,0,0,0
5,0,0,0,0
6,32,32,343.1329468,150.6247671
7,70,70,424.3349785,161.486381
8,134.5,134.5,277.2785247,155.4120394
9,110,110,506.248045,122.2816093
10,204.8856817,191,310.7817059,191
11,226.5321716,195,272.2770096,195
12,218.8593074,156,163.6725949,156
13,196.5804153,277.7112846,122.5,122.5
14,137.366757,433.0271927,89.5,89.5
15,144.5,353.3097988,144.5,147.7145083
16,62,600.6390814,62,133.4702262
17,36.5,582.9274206,36.5,169.8082397
18,23.5,399.8361408,23.5,160.8056545
19,1,1,1,1
20,0,0,0,0
21,0,0,0,0
22,0,0,0,0
23,0,0,0,0
0,0,0,0,0
1,0,0,0,0
2,0,0,0,0
3,0,0,0,0
4,0,0,0,0
5,0,0,0,0
6,34.5,34.5,326.4244353,145.7731893
7,66.5,66.5,454.848747,166.6970266
8,135,135,248.185066,151.5470999
9,183.5,183.5,271.9483484,186.2085103
10,205.9751142,198,266.5010166,198
11,201.0553078,134,298.1830496,134
12,231.8452721,197,201.4766755,197
13,217.963473,280.7983449,159.5,159.5
14,182.2455364,232.3628357,174,174
15,164.5,259.5802157,164.5,165.8375446
16,47,47,47,47
17,81,275.2068927,81,128.1766172
18,11,11,11,11
19,1,45.54668582,1,23.70341031
20,0,0,0,0
21,0,0,0,0
22,0,0,0,0
23,0,0,0,0
0,0,0,0,0
1,0,0,0,0
2,0,0,0,0
3,0,0,0,0
4,0,0,0,0
5,0,0,0,0
6,40,40,86.83089195,57.84013526
7,91.5,91.5,186.855172,116.0724377
8,123.5,123.5,379.7753551,160.8602936
9,170.5,170.5,259.0520797,173.1633497
10,186.7865086,162,373.5540895,162
11,221.0202481,201,249.9187669,201
12,238.5074023,165.5,175.3282143,165.5
13,196.5310074,266.0362234,130.5,130.5
14,199.809291,270.3116161,188,188
15,104.5,468.6391294,104.5,109.0768271
16,99,498.0461988,99,151.0090519
17,75.5,95.80453708,75.5,80.40869654
18,37.5,52.19433252,37.5,42.82770532
19,1,1,1,1
20,0,0,0,0
21,0,0,0,0
22,0,0,0,0
23,0,0,0,0
0,0,0,0,0
1,0,0,0,0
2,0,0,0,0
3,0,0,0,0
4,0,0,0,0
5,0,0,0,0
6,37.5,37.5,310.309426,141.3305081
7,57,57,542.0702919,181.7841151
8,56,56,608.3794268,136.2194497
9,105,105,478.8241611,115.9745607
10,192.4591107,170.5,356.3643844,170.5
11,190.4813123,129.5,278.0360905,129.5
12,188.4479501,88.5,102.5401626,88.5
13,170.0589946,260.6570419,82,82
14,178.7625201,393.9576502,142,142
15,171,250.6701748,171,171.8683794
16,135,255.4011491,135,150.525847
17,54.5,54.5,54.5,54.5
18,19.5,19.5,19.5,19.5
19,1,1,1,1
20,0,0,0,0
21,0,0,0,0
22,0,0,0,0
23,0,0,0,0
0,0,0,0,0
1,0,0,0,0
2,0,0,0,0
3,0,0,0,0
4,0,0,0,0
5,0,0,0,0
6,35.5,35.5,282.6823365,129.4585953
7,62.5,62.5,423.8482645,155.2490843
8,135,135,278.2462371,155.7027409
9,107,107,489.2387664,117.8806905
10,198.8666334,178,352.8091352,178
11,230.2282111,205.5,265.4767903,205.5
12,221.5834939,150.5,160.8793956,150.5
13,212.3560257,265.9022417,159,159
14,187.840514,307.2550704,167,167
15,115,141.7557589,115,115.2424392
16,112,455.0637406,112,155.7176414
17,66.5,429.4303386,66.5,153.2628199
18,37.5,126.6509599,37.5,69.57939461
19,1,31.34518445,1,16.33262117
20,0,0,0,0
21,0,0,0,0
22,0,0,0,0
23,0,0,0,0
0,0,0,0,0
1,0,0,0,0
2,0,0,0,0
3,0,0,0,0
4,0,0,0,0
5,0,0,0,0
6,35.5,35.5,282.7868459,129.348302
7,44.5,44.5,558.7544749,176.133911
8,56.5,56.5,620.3466164,137.5151562
9,60,60,571.4079243,74.01342405
10,142.2182532,103,427.5753406,103
11,177.3729825,95,293.7312383,95
12,235.8678596,206,210.5168182,206
13,232.9047712,271.8897091,193,193
14,206.1305274,327.2602678,184.5,184.5
15,95.5,515.7641728,95.5,98.46491875
16,65.5,571.4105889,65.5,129.1338338
17,65.5,443.5228766,65.5,155.2949869
18,37.5,146.9196752,37.5,76.70468348
19,0.5,0.5,0.5,0.5
20,0,0,0,0
21,0,0,0,0
22,0,0,0,0
23,0,0,0,0
0,0,0,0,0
1,0,0,0,0
2,0,0,0,0
3,0,0,0,0
4,0,0,0,0
5,2,2,2,2
6,34.5,34.5,197.2896156,96.16098898
7,63,63,375.6996091,142.7808259
8,72,72,544.4728978,139.420892
9,133.5,133.5,471.5634926,142.3458093
10,198.1820741,177.5,346.2938241,177.5
11,186.2395249,132,262.0272711,132
12,218.8924573,163.5,172.1460616,163.5
13,232.8406973,274.4513049,189,189
14,154.2032383,412.1579905,107,107
15,141.5,461.0371059,141.5,143.0600887
16,83,496.0684897,83,134.2187579
17,54,510.7523817,54,161.7472661
18,35,262.227332,35,116.0408508
19,4.5,16.11880603,4.5,10.33021645
20,0,0,0,0
21,0,0,0,0
22,0,0,0,0
23,0,0,0,0
0,0,0,0,0
1,0,0,0,0
2,0,0,0,0
3,0,0,0,0
4,0,0,0,0
5,2,2,2,2
6,27,27,265.3300161,117.0683366
7,87.5,87.5,349.468588,154.0848669
8,82,82,536.3808372,146.3270615
9,92.5,92.5,507.4968913,102.7752574
10,143.4572392,103.5,424.5337299,103.5
11,186.0891023,104.5,298.6540799,104.5
12,195.8391453,97,112.8720795,97
13,243.0287259,296.4301161,185,185
14,157.0980292,330.6961442,124.5,124.5
15,122,447.1672254,122,122.8276305
16,106,460.0795719,106,149.2258789
17,61.5,394.6736159,61.5,139.5105542
18,56,105.7042175,56,73.63990052
19,4.5,7.183309935,4.5,5.841352457
20,0,0,0,0
21,0,0,0,0
22,0,0,0,0
23,0,0,0,0
0,0,0,0,0
1,0,0,0,0
2,0,0,0,0
3,0,0,0,0
4,0,0,0,0
5,1.5,1.5,1.5,1.5
6,18,18,38.25572381,25.63486068
7,68,68,110.9500112,78.86966982
8,82,82,82,82
9,81,81,522.5348269,91.23640134
10,101.8543232,53,438.7883845,53
11,178.470076,90,298.7749924,90
12,199.6380699,101,117.2465189,101
13,172.363786,255.5015809,79,79
14,140.8456008,435.4688763,84,84
15,61,452.8901983,61,61.01781127
16,50,617.3811967,50,118.1048633
17,57.5,376.652549,57.5,131.6313898
18,30.5,316.9284425,30.5,131.6200101
19,3.5,76.90282403,3.5,40.0455866
20,0,0,0,0
21,0,0,0,0
22,0,0,0,0
23,0,0,0,0
0,0,0,0,0
1,0,0,0,0
2,0,0,0,0
3,0,0,0,0
4,0,0,0,0
5,1.5,1.5,1.5,1.5
6,18,18,292.541311,121.1740299
7,49.5,49.5,462.3393299,153.4753206
8,67.5,67.5,526.0688901,131.191897
9,80,80,525.4813916,89.55047978
10,155.1488263,145,223.6491328,145
11,251.9367993,242.5,264.5628072,242.5
12,216.5382002,198.5,201.538522,198.5
13,179.5052474,261.2017441,84.5,84.5
14,157.7134115,415.7287372,106.5,106.5
15,165.099804,203.1647714,165,165
16,97.5,191.1620666,97.5,108.5390039
17,39.5,553.368327,39.5,157.8417763
18,44.5,308.0713103,44.5,137.03281
19,4,8.479563029,4,6.220801305
20,0,0,0,0
21,0,0,0,0
22,0,0,0,0
23,0,0,0,0
0,0,0,0,0
1,0,0,0,0
2,0,0,0,0
3,0,0,0,0
4,0,0,0,0
5,1.5,1.5,1.5,1.5
6,27,27,180.9551314,84.66530413
7,74.5,74.5,130.0708532,88.42064272
8,126.5,126.5,275.4757433,146.9607934
9,134.5,134.5,211.9679929,136.0126013
10,126,126,126,126
11,193.5368106,102.5,313.1728331,102.5
12,247.5448412,169.5,182.9082492,169.5
13,276.3009057,311.7712654,233.5,233.5
14,251.9994106,379.1832072,226,226
15,219.1359565,335.5273015,218.5,218.5
16,81,81,81,81
17,68.5,123.3623705,68.5,81.01992993
18,36.5,198.8083437,36.5,93.1465703
19,4.5,6.293408616,4.5,5.385130982
20,0,0,0,0
21,0,0,0,0
22,0,0,0,0
23,0,0,0,0
0,0,0,0,0
1,0,0,0,0
2,0,0,0,0
3,0,0,0,0
4,0,0,0,0
5,2,2,2,2
6,37.5,37.5,162.0424099,83.97749653
7,40.5,40.5,547.3689291,166.7219972
8,67,67,567.1178214,134.8430242
9,120,120,485.1545842,126.3703349
10,160.5255242,129.5,360.1014514,129.5
11,195.316943,135.5,272.395302,135.5
12,217.7517845,125.5,141.6221946,125.5
13,205.8562778,276.280359,117.5,117.5
14,167.186775,402.9463385,117.5,117.5
15,80.1371013,508.9807126,76.5,76.5
16,44.5,662.6844304,44.5,114.4388602
17,31,641.0024995,31,168.865562
18,19.5,484.6297728,19.5,180.8245453
19,4,89.26539512,4,45.88497361
20,0,0,0,0
21,0,0,0,0
22,0,0,0,0
23,0,0,0,0
0,0,0,0,0
1,0,0,0,0
2,0,0,0,0
3,0,0,0,0
4,0,0,0,0
5,1.5,1.5,1.5,1.5
6,21.5,21.5,316.0093791,130.9651352
7,45.5,45.5,400.1926802,133.2566171
8,67,67,583.1146706,136.0698135
9,71,71,534.4657444,78.04466332
10,154.2858384,111,425.4936694,111
11,166.9435528,66,294.2703883,66
12,200.6606097,93.5,112.5029852,93.5
13,159.688564,239.7750085,55,55
14,132.775612,428.3224647,68.5,68.5
15,53.31196014,593.9851053,47,47
16,40,676.5232238,40,110.3927993
17,30.5,662.1166227,30.5,171.7951051
18,19.5,494.2238983,19.5,183.0758299
19,4,92.94061444,4,47.4756573
20,0,0,0,0
21,0,0,0,0
22,0,0,0,0
23,0,0,0,0
0,0,0,0,0
1,0,0,0,0
2,0,0,0,0
3,0,0,0,0
4,0,0,0,0
5,1.5,1.5,1.5,1.5
6,24.5,24.5,295.2196361,124.6826802
7,59,59,297.1904837,117.5191658
8,80,80,493.5428779,134.5302805
9,84.5,84.5,429.9242912,88.91793058
10,146.7062374,96.5,452.6783725,96.5
11,201.3328731,121.5,299.7420208,121.5
12,194.3207663,81.5,101.7524516,81.5
13,179.6707267,258.5613528,72,72
14,137.1379956,442.7172902,68.5,68.5
15,69.67406174,579.7875809,62,62
16,52.5,646.7297915,52.5,116.6310017
17,39.5,609.4653761,39.5,165.6305895
18,25,412.2976821,25,157.5356176
19,4,48.96409592,4,25.86635831
20,0,0,0,0
21,0,0,0,0
22,0,0,0,0
23,0,0,0,0
0,0,0,0,0
1,0,0,0,0
2,0,0,0,0
3,0,0,0,0
4,0,0,0,0
5,2,2,2,2
6,29.5,29.5,170.9834247,81.60967306
7,77,77,136.3828146,91.47887296
8,76.5,76.5,560.4989347,139.3033864
9,142.5,142.5,466.9386457,145.8146498
10,157.7284844,107,458.0511973,107
11,198.6173823,113.5,300.9872507,113.5
12,214.0708427,111.5,130.096201,111.5
13,218.7287019,277.7122704,134.5,134.5
14,198.4105463,398.3126965,152,152
15,101.1289827,511.4976973,93.5,93.5
16,183.5,287.5789205,183.5,194.4426656
17,82.5,233.2930977,82.5,115.4911109
18,34,151.4912634,34,73.9172477
19,5,9.501024798,5,7.177163458
20,0,0,0,0
21,0,0,0,0
22,0,0,0,0
23,0,0,0,0
0,0,0,0,0
1,0,0,0,0
2,0,0,0,0
3,0,0,0,0
4,0,0,0,0
5,1,1,1,1
6,20.5,20.5,20.5,20.5
7,58,58,58,58
8,94.5,94.5,400.7317393,133.5512315
9,96,96,481.4646965,98.88382017
10,145.0001095,94,437.9588088,94
11,197.9299051,105,306.7990684,105
12,220.6825075,111,131.0401589,111
13,217.5104298,258.2552101,156.5,156.5
14,184.1914421,414.0227308,129,129
15,183.6812108,371.0523787,179.5,179.5
16,76,468.0815986,76,116.0854301
17,44,480.7309054,44,138.4090991
18,47.5,152.1330505,47.5,82.78161597
19,4,11.20926398,4,7.467724217
20,0,0,0,0
21,0,0,0,0
22,0,0,0,0
23,0,0,0,0
0,0,0,0,0
1,0,0,0,0
2,0,0,0,0
3,0,0,0,0
4,0,0,0,0
5,1,1,1,1
6,22.5,22.5,321.7221329,131.5465316
7,40.5,40.5,513.8638296,153.9791311
8,47,47,621.0892302,118.8471497
9,72.5,72.5,547.4713409,74.67811762
10,121.6145404,63,447.952553,63
11,166.5811275,54,294.8472678,54
12,186.1109398,55,79.09110759,55
13,160.3894513,229.2671871,52,52
14,124.8288322,421.8766359,51,51
15,73.18177332,537.8115013,61,61
16,39.5,681.2518361,39.5,103.1765987
17,30,667.8380833,30,166.1542365
18,19,498.1667806,19,179.3052196
19,3.5,91.90970304,3.5,45.77980396
20,0,0,0,0
21,0,0,0,0
22,0,0,0,0
23,0,0,0,0
0,0,0,0,0
1,0,0,0,0
2,0,0,0,0
3,0,0,0,0
4,0,0,0,0
5,1,1,1,1
6,20,20,148.8902542,66.69826103
7,72,72,173.0958091,96.00998117
8,123.5,123.5,352.9384147,151.6393389
9,85.5,85.5,556.4608528,86.22110534
10,126.7007905,63,470.1017103,63
11,170.827559,65.5,287.3452039,65.5
12,188.6734608,68.5,90.66190193,68.5
13,202.3963281,259.3425381,108,108
14,185.2771567,332.050831,147.5,147.5
15,96.33872184,437.5435921,86,86
16,77.5,534.0475222,77.5,121.3729926
17,65,486.4267007,65,153.7758595
18,26.5,398.5170658,26.5,149.9415874
19,4.5,33.40077474,4.5,18.23813513
20,0,0,0,0
21,0,0,0,0
22,0,0,0,0
23,0,0,0,0
0,0,0,0,0
1,0,0,0,0
2,0,0,0,0
3,0,0,0,0
4,0,0,0,0
5,1,1,1,1
6,21.5,21.5,21.5,21.5
7,61.5,61.5,390.4336379,138.8465429
8,86,86,465.348847,131.5244743
9,116.6997535,116,532.2584136,116
10,156.1775176,109,402.2090038,109
11,152.2697064,99.5,208.8606199,99.5
12,187.454514,67,89.25164437,67
13,202.5609741,259.1567126,103.5,103.5
14,159.8133214,427.2316523,88.5,88.5
15,96.28407105,567.4253274,80,80
16,52,621.1111087,52,104.8490946
17,30,662.6902499,30,161.4443759
18,19,492.6167871,19,174.8185256
19,3.5,88.49337876,3.5,43.65086696
20,0,0,0,0
21,0,0,0,0
22,0,0,0,0
23,0,0,0,0
0,0,0,0,0
1,0,0,0,0
2,0,0,0,0
3,0,0,0,0
4,0,0,0,0
5,1,1,1,1
6,31,31,48.65369367,37.31469908
7,85.5,85.5,116.2602137,92.65692783
8,92,92,451.3795754,134.1331209
9,136.5161183,134.5,533.7897058,134.5
10,170.9823598,117.5,440.5730937,117.5
11,210.1921901,114,310.0366954,114
12,240.1939518,130,150.3529885,130
13,234.5128215,280.9344386,148.5,148.5
14,190.5563297,404.2035398,131.5,131.5
15,146.1289232,431.4404432,135,135
16,85.5,529.2704812,85.5,125.2268325
17,76,433.160529,76,149.1328256
18,38.5,187.2410552,38.5,87.00329494
19,4,7.620982152,4,5.699551797
20,0,0,0,0
21,0,0,0,0
22,0,0,0,0
23,0,0,0,0
0,0,0,0,0
1,0,0,0,0
2,0,0,0,0
3,0,0,0,0
4,0,0,0,0
5,1,1,1,1
6,23,23,51.83402064,33.2421864
7,48,48,474.6246519,146.1550535
8,67,67,513.7450686,118.0810773
9,83.29350829,79,579.8806249,79
10,136.9458783,113,253.5292836,113
11,202.3941801,94.5,310.6156142,94.5
12,213.5182025,99.5,120.5181927,99.5
13,206.1714676,264.7344589,91,91
14,191.8847114,400.8092305,132,132
15,91.2079969,497.0665229,73.5,73.5
16,67.5,559.1345538,67.5,109.8177302
17,49,527.7515342,49,145.5540927
18,29,335.179224,29,127.9278852
19,4,4,4,4
20,0,0,0,0
21,0,0,0,0
22,0,0,0,0
23,0,0,0,0
0,0,0,0,0
1,0,0,0,0
2,0,0,0,0
3,0,0,0,0
4,0,0,0,0
5,0.5,0.5,0.5,0.5
6,36,36,36.93115018,36.32832943
7,60.5,60.5,113.0990671,72.45893428
8,106.5,106.5,351.1016779,133.7276921
9,124.771988,120,509.6317381,120
10,191.0677754,136.5,447.4909177,136.5
11,236.4785289,145.5,324.5204884,145.5
12,265.3880243,171.5,188.7435921,171.5
13,256.27683,295.5821436,174,174
14,215.859684,400.3713452,161,161
15,150.5111991,460.4162607,135.5,135.5
16,122,411.2163546,122,145.8685648
17,72,331.695537,72,123.5517273
18,38,160.9807383,38,77.35827937
19,3.5,3.5,3.5,3.5
20,0,0,0,0
21,0,0,0,0
22,0,0,0,0
23,0,0,0,0
0,0,0,0,0
1,0,0,0,0
2,0,0,0,0
3,0,0,0,0
4,0,0,0,0
5,0.5,0.5,0.5,0.5
6,26.5,26.5,268.8725316,111.3020318
7,34.5,34.5,564.7706769,153.561419
8,70.5,70.5,589.1294021,126.5957254
9,82.85688824,75,563.7896044,75
10,154.5238026,92,437.9324893,92
11,187.0917845,68,298.1027561,68
12,205.7676588,91,111.9653988,91
13,192.9915266,246.9070639,72.5,72.5
14,149.9776411,342.7727237,90.5,90.5
15,105.2171409,549.1228798,81.5,81.5
16,75,504.0718319,75,108.8461068
17,34,509.26632,34,126.796809
18,28.5,379.210007,28.5,139.63621
19,3,3,3,3
20,0,0,0,0
21,0,0,0,0
22,0,0,0,0
23,0,0,0,0
0,0,0,0,0
1,0,0,0,0
2,0,0,0,0
3,0,0,0,0
4,0,0,0,0
5,0.5,0.5,0.5,0.5
6,18.5,18.5,18.5,18.5
7,56,56,56,56
8,101.5,101.5,221.6625498,114.1030333
9,163.6311767,160,341.101647,160
10,98.65771992,79.5,182.375226,79.5
11,218.6169502,165.5,266.231349,165.5
12,201.2389459,127.5,140.8763705,127.5
13,168.4450777,203.3050452,85,85
14,172.0170061,425.0535899,91,91
15,80.35063662,564.1284063,52,52
16,44,629.8885837,44,88.02330699
17,33.5,631.8058183,33.5,148.3225825
18,28,329.6290573,28,122.6107233
19,3,3,3,3
20,0,0,0,0
21,0,0,0,0
22,0,0,0,0
23,0,0,0,0
0,0,0,0,0
1,0,0,0,0
2,0,0,0,0
3,0,0,0,0
4,0,0,0,0
5,0.5,0.5,0.5,0.5
6,22,22,61.24459647,35.50360652
7,58,58,423.9372048,137.9651659
8,62,62,576.2715087,114.1888147
9,130.5054294,123.5,413.2834032,123.5
10,195.3800893,144,411.7285075,144
11,249.6496392,169.5,318.6262694,169.5
12,232.0887806,122.5,142.2095563,122.5
13,215.0366493,254.8872319,112.5,112.5
14,181.2350272,427.1530927,99.5,99.5
15,111.8524655,516.0388695,86,86
16,82.5,561.7086802,82.5,116.668888
17,84,371.4028704,84,138.1732801
18,34.5,156.9799101,34.5,72.51385998
19,3.5,3.5,3.5,3.5
20,0,0,0,0
21,0,0,0,0
22,0,0,0,0
23,0,0,0,0
0,0,0,0,0
1,0,0,0,0
2,0,0,0,0
3,0,0,0,0
4,0,0,0,0
5,0.5,0.5,0.5,0.5
6,20.5,20.5,288.9982307,112.0631626
7,48,48,416.2319654,127.2976677
8,55.5,55.5,538.2892813,102.7923685
9,71.46562917,57.5,548.4672037,57.5
10,146.6555448,64.5,479.8406083,64.5
11,197.815711,70,303.238965,70
12,218.3044004,73,98.86952692,73
13,203.5693002,247.713732,81,81
14,162.7750513,444.6681451,65.5,65.5
15,86.80242852,587.5091706,52,52
16,41,679.0470811,41,83.9883127
17,31,661.154524,31,147.5743947
18,19.5,478.1955018,19.5,160.3187166
19,3,3,3,3
20,0,0,0,0
21,0,0,0,0
22,0,0,0,0
23,0,0,0,0
0,0,0,0,0
1,0,0,0,0
2,0,0,0,0
3,0,0,0,0
4,0,0,0,0
5,0.5,0.5,0.5,0.5
6,14,14,37.41747684,21.9113278
7,39.5,39.5,75.09354114,47.0479947
8,78.5,78.5,78.5,78.5
9,106.5,106.5,106.5,106.5
10,142.2920052,61,459.693642,61
11,219.1360828,107.5,307.2294025,107.5
12,213.3689408,74.5,98.93764535,74.5
13,192.7708024,230.9115678,78,78
14,162.9272664,425.0562624,69,69
15,104.6261624,531.6193723,72.5,72.5
16,48,611.9030369,48,83.72795557
17,43.5,562.2300019,43.5,137.6068193
18,35.5,317.6246367,35.5,121.1412776
19,3.5,3.5,3.5,3.5
20,0,0,0,0
21,0,0,0,0
22,0,0,0,0
23,0,0,0,0
0,0,0,0,0
1,0,0,0,0
2,0,0,0,0
3,0,0,0,0
4,0,0,0,0
5,0.5,0.5,0.5,0.5
6,26,26,52.26090142,34.78550016
7,55.5,55.5,320.5191111,110.8000231
8,113,113,355.471534,134.9549792
9,130.3499183,116,499.5055025,116
10,181.5404917,112.5,440.9693619,112.5
11,229.6724922,125.5,308.175247,125.5
12,268.7305965,151.5,171.8610093,151.5
13,234.0793113,266.9076637,126.5,126.5
14,213.6965223,380.8372245,151.5,151.5
15,162.4919633,378.0239508,145,145
16,116.5,472.1478347,116.5,137.5742376
17,57.5,372.8973053,57.5,113.5675162
18,36.5,173.5200447,36.5,77.61292012
19,4,4,4,4
20,0,0,0,0
21,0,0,0,0
22,0,0,0,0
23,0,0,0,0
0,0,0,0,0
1,0,0,0,0
2,0,0,0,0
3,0,0,0,0
4,0,0,0,0
5,0,0,0,0
6,23.5,23.5,45.09937687,30.65254048
7,38.5,38.5,38.5,38.5
8,70,70,70,70
9,137.4321241,130.5,295.0939961,130.5
10,182.2468607,141.5,329.5519273,141.5
11,298.3648141,222.5,352.8577217,222.5
12,238.7194597,177.5,187.9790903,177.5
13,180.4270315,193.2258076,134.5,134.5
14,235.1533345,366.2164858,184.5,184.5
15,195.797229,250.7705402,191,191
16,127,316.2206688,127,137.4204317
17,69,99.59018056,69,74.32410227
18,30,30,30,30
19,2.5,2.5,2.5,2.5
20,0,0,0,0
21,0,0,0,0
22,0,0,0,0
23,0,0,0,0
0,0,0,0,0
1,0,0,0,0
2,0,0,0,0
3,0,0,0,0
4,0,0,0,0
5,0,0,0,0
6,24.5,24.5,29.20169855,26.04044994
7,73,73,97.74022511,77.98630909
8,79,79,113.0226299,81.81251803
9,131.3699956,128.5,189.6228431,128.5
10,175.7597154,159,234.0329346,159
11,269.2351002,222.5,301.1685059,222.5
12,358.9911411,340,343.1992101,340
13,213.9493504,218.8680352,194.5,194.5
14,245.9359577,330.4761054,212,212
15,195.4279376,280.1628202,187.5,187.5
16,116,209.532217,116,120.7518167
17,95.5,158.5619979,95.5,106.236599
18,35,45.35062428,35,38.03106733
19,4.5,4.5,4.5,4.5
20,0,0,0,0
21,0,0,0,0
22,0,0,0,0
23,0,0,0,0
0,0,0,0,0
1,0,0,0,0
2,0,0,0,0
3,0,0,0,0
4,0,0,0,0
5,0,0,0,0
6,33,33,43.35756741,36.35608033
7,66.5,66.5,179.3578068,88.8265078
8,74.5,74.5,229.057554,86.64102192
9,134.3567743,112.5,533.3879674,112.5
10,186.1588375,105.5,455.8178297,105.5
11,241.8389836,130,314.380287,130
12,252.4319764,115.5,138.1696203,115.5
13,248.3274241,277.7914294,119,119
14,215.5643551,417.1817686,131.5,131.5
15,127.6895257,559.3727958,84.5,84.5
16,70.5,598.8163842,70.5,95.04558568
17,51.5,525.097291,51.5,130.3045842
18,30,233.5223526,30,88.84641226
19,3,3,3,3
20,0,0,0,0
21,0,0,0,0
22,0,0,0,0
23,0,0,0,0
0,0,0,0,0
1,0,0,0,0
2,0,0,0,0
3,0,0,0,0
4,0,0,0,0
5,0,0,0,0
6,12,12,12,12
7,45.5,45.5,45.5,45.5
8,56.5,56.5,618.9899347,98.30872638
9,77.15093261,46,592.1094994,46
10,171.6353192,82,459.7031687,82
11,229.1501322,99,309.1075057,99
12,242.5203693,89.5,114.3618032,89.5
13,210.0097379,237.5810252,74.5,74.5
14,156.3233621,310.6172307,89.5,89.5
15,95.94852688,465.5659154,56.5,56.5
16,75.5,522.7786294,75.5,94.3039502
17,31.5,613.2400898,31.5,126.0162913
18,29.5,344.6354093,29.5,119.4336029
19,2.5,2.5,2.5,2.5
20,0,0,0,0
21,0,0,0,0
22,0,0,0,0
23,0,0,0,0
0,0,0,0,0
1,0,0,0,0
2,0,0,0,0
3,0,0,0,0
4,0,0,0,0
5,0,0,0,0
6,17.5,17.5,17.5,17.5
7,51,51,414.4173542,120.0792713
8,71.5,71.5,568.9276022,106.315663
9,94.40464415,60,612.3566568,60
10,169.8719214,67,487.6076448,67
11,221.6081001,71.5,308.7456316,71.5
12,242.3286615,73,99.96239573,73
13,229.9096531,258.3039634,72,72
14,177.3646008,414.9153225,70.5,70.5
15,116.466894,578.3256874,64,64
16,53.5,625.0262018,53.5,74.96029462
17,39,609.7922047,39,129.4617929
18,23.5,385.3670583,23.5,125.388798
19,2,2,2,2
20,0,0,0,0
21,0,0,0,0
22,0,0,0,0
23,0,0,0,0
0,0,0,0,0
1,0,0,0,0
2,0,0,0,0
3,0,0,0,0
4,0,0,0,0
5,0,0,0,0
6,25,25,120.4935159,54.84727447
7,49,49,508.7302649,134.5363106
8,46.5,46.5,615.5145413,83.79632662
9,87.0593303,48,625.2476163,48
10,160.9376018,48,496.111027,48
11,213.8905978,51.5,302.7362731,51.5
12,234.7876659,52.5,80.90748386,52.5
13,222.6202615,249.3859733,52,52
14,177.3303209,451.9666322,49,49
15,99.64568479,569.0936628,43,43
16,36,657.391904,36,56.49822187
17,28,679.3205104,28,128.5878693
18,17.5,490.5709405,17.5,148.8679316
19,2,2,2,2
20,0,0,0,0
21,0,0,0,0
22,0,0,0,0
23,0,0,0,0
0,0,0,0,0
1,0,0,0,0
2,0,0,0,0
3,0,0,0,0
4,0,0,0,0
5,0,0,0,0
6,24.5,24.5,138.1168395,59.55490314
7,35.5,35.5,540.1436819,127.3117322
8,47.5,47.5,623.9567256,82.65913795
9,100.8201307,60.5,611.5239191,60.5
10,172.674279,61.5,489.6393354,61.5
11,224.6823503,65.5,306.5361373,65.5
12,237.1164535,71.5,96.72489949,71.5
13,243.2682622,256.2295041,147,147
14,196.7588757,375.5138268,110,110
15,124.7040877,517.1558693,74.5,74.5
16,69.5,558.981957,69.5,83.38118111
17,74,428.7078143,74,127.323379
18,31,80.26872654,31,44.48808922
19,2.5,2.5,2.5,2.5
20,0,0,0,0
21,0,0,0,0
22,0,0,0,0
23,0,0,0,0
0,0,0,0,0
1,0,0,0,0
2,0,0,0,0
3,0,0,0,0
4,0,0,0,0
5,0,0,0,0
6,17.5,17.5,222.2998025,79.84450945
7,28,28,287.596627,74.13362206
8,62,62,632.5254981,94.13891341
9,113.6511384,82.5,477.7675685,82.5
10,195.3379929,113.5,419.4458055,113.5
11,236.1168114,210.5,248.4598228,210.5
12,191.8276778,160.5,165.1569932,160.5
13,221.2743603,239.5706635,59.5,59.5
14,197.0417325,363.754322,113,113
15,229.1984559,282.3707279,222,222
16,85.5,129.0401831,85.5,86.53041023
17,126,129.6340622,126,126.5311822
18,41.5,52.8858637,41.5,44.57176754
19,1.5,1.5,1.5,1.5
20,0,0,0,0
21,0,0,0,0
22,0,0,0,0
23,0,0,0,0
0,0,0,0,0
1,0,0,0,0
2,0,0,0,0
3,0,0,0,0
4,0,0,0,0
5,0,0,0,0
6,40,40,83.67697891,53.11191709
7,60.5,60.5,236.2685024,90.97758001
8,43.5,43.5,632.3609634,73.86645658
9,133.0840127,98.5,507.4177414,98.5
10,188.109939,168.5,239.6797596,168.5
11,214.8839952,67,281.4299046,67
12,283.6746559,168,184.7596023,168
13,232.6135399,248.2598485,63,63
14,185.3999993,415.3569718,65,65
15,158.3064389,527.4979415,105.5,105.5
16,113,470.7496832,113,119.7652691
17,70.5,368.9379855,70.5,112.8634283
18,21.5,134.5713891,21.5,51.54985375
19,2.5,2.5,2.5,2.5
20,0,0,0,0
21,0,0,0,0
22,0,0,0,0
23,0,0,0,0
0,0,0,0,0
1,0,0,0,0
2,0,0,0,0
3,0,0,0,0
4,0,0,0,0
5,0,0,0,0
6,29,29,221.0742,85.83351254
7,40,40,522.6348605,121.5584313
8,47.5,47.5,632.0880494,74.80115231
9,108.5842725,60.5,592.0287514,60.5
10,175.1545513,59,468.4448361,59
11,231.9941587,89.5,291.6557809,89.5
12,264.8842794,106.5,128.8344666,106.5
13,253.0928135,263.4059972,110,110
14,215.0557116,416.531239,105.5,105.5
15,173.9617067,392.4192933,141,141
16,88.5,507.485753,88.5,94.4060986
17,31.5,618.3441752,31.5,112.2974301
18,18,401.4735441,18,118.3489361
19,0,0,0,0
20,0,0,0,0
21,0,0,0,0
22,0,0,0,0
23,0,0,0,0
0,0,0,0,0
1,0,0,0,0
2,0,0,0,0
3,0,0,0,0
4,0,0,0,0
5,0,0,0,0
6,29.5,29.5,231.3736468,88.34480642
7,43,43,491.0429734,116.6956325
8,78,78,518.0483468,96.36498967
9,138.2391198,99.5,501.0358628,99.5
10,195.3457726,89,453.1260636,89
11,241.3715943,104,294.6676407,104
12,258.5987029,81,105.3400791,81
13,245.305211,253.8893832,82,82
14,192.4093526,431.3111263,57.5,57.5
15,120.7282415,568.8889939,49.5,49.5
16,48.5,625.3430022,48.5,53.82134996
17,38,573.7223414,38,109.4449066
18,18.5,376.7990336,18.5,110.7842047
19,0,0,0,0
20,0,0,0,0
21,0,0,0,0
22,0,0,0,0
23,0,0,0,0
0,0,0,0,0
1,0,0,0,0
2,0,0,0,0
3,0,0,0,0
4,0,0,0,0
5,0,0,0,0
6,32.5,32.5,98.29932428,51.38460952
7,68.5,68.5,277.4988893,101.9169884
8,75.5,75.5,558.1412965,93.19717841
9,120.3829953,70,561.0022367,70
10,180.1184637,55,471.2204064,55
11,230.3274421,58,291.9899438,58
12,272.2168601,110,131.5757319,110
13,254.6536182,259.4286032,113,113
14,204.9611125,425.7266724,75.5,75.5
15,130.5995725,552.8801363,60,60
16,47.5,630.1713005,47.5,50.00517052
17,40.5,555.1145782,40.5,106.8823542
18,21,354.052545,21,105.3939642
19,0,0,0,0
20,0,0,0,0
21,0,0,0,0
22,0,0,0,0
23,0,0,0,0
0,0,0,0,0
1,0,0,0,0
2,0,0,0,0
3,0,0,0,0
4,0,0,0,0
5,0,0,0,0
6,28.5,28.5,160.2897843,65.72072283
7,37.5,37.5,547.2151836,116.6126818
8,42.5,42.5,639.3883913,61.30390126
9,120.1499323,63,587.9470027,63
10,189.3180539,67,462.4257383,67
11,233.4209778,53.5,292.4815076,53.5
12,257.3234674,61.5,86.73918646,61.5
13,243.7352842,246.5736029,60.5,60.5
14,197.1383243,433.8458009,53,53
15,124.731654,581.5258702,44.5,44.5
16,46.39892769,634.5345011,46,46
17,36,588.0387853,36,104.7733821
18,19,356.3595054,19,103.0652582
19,0,0,0,0
20,0,0,0,0
21,0,0,0,0
22,0,0,0,0
23,0,0,0,0
0,0,0,0,0
1,0,0,0,0
2,0,0,0,0
3,0,0,0,0
4,0,0,0,0
5,0,0,0,0
6,28.5,28.5,178.6528729,70.20657332
7,40.5,40.5,557.4177842,118.2659834
8,53,53,620.2655635,67.88692993
9,119.0402516,58,587.6701141,58
10,190.2759298,60.5,468.2990507,60.5
11,253.1688091,100,299.0098242,100
12,284.5766988,125.5,145.337814,125.5
13,254.1628638,253.7854444,75,75
14,213.0532252,421.9100003,81,81
15,130.0553743,564.4332603,50,50
16,52.2794443,623.8891017,49,49
17,41.5,557.7321687,41.5,103.511333
18,24,262.3137828,24,82.37152084
19,0,0,0,0
20,0,0,0,0
21,0,0,0,0
22,0,0,0,0
23,0,0,0,0
0,0,0,0,0
1,0,0,0,0
2,0,0,0,0
3,0,0,0,0
4,0,0,0,0
5,0,0,0,0
6,28,28,205.1892389,76.37486098
7,51.5,51.5,406.8286073,103.2318755
8,78,78,494.8811336,86.70838713
9,145.0764193,96.5,495.5409331,96.5
10,225.6874247,150,381.2392356,150
11,262.3158098,163,289.2207399,163
12,272.8044138,139,155.1193745,139
13,259.8994692,258.8224227,203.5,203.5
14,231.927722,394.0520118,125.5,125.5
15,162.4455936,483.1369831,100.5,100.5
16,111.5187172,159.12696,111,111
17,67,72.5103267,67,67.63712032
18,21.5,21.5,21.5,21.5
19,0,0,0,0
20,0,0,0,0
21,0,0,0,0
22,0,0,0,0
23,0,0,0,0
0,0,0,0,0
1,0,0,0,0
2,0,0,0,0
3,0,0,0,0
4,0,0,0,0
5,0,0,0,0
6,8,8,8,8
7,70.5,70.5,106.920093,75.62258749
8,78,78,78,78
9,166.0043474,160,206.7850315,160
10,147.0358799,145,151.0490338,145
11,128.659491,126,129.3060518,126
12,259.6438101,188.5,196.7659665,188.5
13,267.0250552,261.6108955,114.5,114.5
14,228.6480358,414.4763892,102,102
15,153.5269304,514.6290174,80.5,80.5
16,127.1107299,226.8270409,125.5,125.5
17,60.5,60.5,60.5,60.5
18,17.5,17.5,17.5,17.5
19,0,0,0,0
20,0,0,0,0
21,0,0,0,0
22,0,0,0,0
23,0,0,0,0
0,0,0,0,0
1,0,0,0,0
2,0,0,0,0
3,0,0,0,0
4,0,0,0,0
5,0,0,0,0
6,31,31,56.93525907,37.82800504
7,68.5,68.5,225.5908278,89.80706665
8,57.5,57.5,57.5,57.5
9,176.7120221,136.5,434.2371302,136.5
10,133.3288474,126,147.1825243,126
11,256.0681612,107.5,288.1467437,107.5
12,221.5773455,189,192.6442596,189
13,291.048943,283.3478924,141,141
14,244.4146954,348.1776742,171,171
15,165.9248624,463.423437,103,103
16,85.82539959,542.6112144,76,76
17,56,436.5108709,56,96.52582192
18,17,362.0925873,17,97.04571606
19,0,0,0,0
20,0,0,0,0
21,0,0,0,0
22,0,0,0,0
23,0,0,0,0
0,0,0,0,0
1,0,0,0,0
2,0,0,0,0
3,0,0,0,0
4,0,0,0,0
5,0,0,0,0
6,16.5,16.5,16.5,16.5
7,45,45,511.2610935,105.8649063
8,81.5,81.5,526.0460926,83.40279283
9,175.8731805,159,277.9169043,159
10,224.3100913,105,440.5374234,105
11,268.9192722,171.5,287.3618726,171.5
12,264.3320416,214.5,219.857508,214.5
13,274.8542262,268.5708093,180.5,180.5
14,213.9066382,243.7333677,192,192
15,94.71838525,97.96894618,94,94
16,115.5893427,359.9498465,109,109
17,43,43,43,43
18,23,23,23,23
19,0,0,0,0
20,0,0,0,0
21,0,0,0,0
22,0,0,0,0
23,0,0,0,0
0,0,0,0,0
1,0,0,0,0
2,0,0,0,0
3,0,0,0,0
4,0,0,0,0
5,0,0,0,0
6,8.5,8.5,8.5,8.5
7,35,35,35,35
8,100.0101122,99.5,455.5182278,99.5
9,145.6862388,71.5,569.9543547,71.5
10,228.3854012,113.5,427.9597248,113.5
11,173.1836337,159,175.4996865,159
12,300.0820288,200,210.3217604,200
13,216.009879,214.4639024,197,197
14,215.7469026,243.6157503,194.5,194.5
15,182.9926904,371.5124125,139.5,139.5
16,103.5938401,506.2276605,90.5,90.5
17,64,397.6768678,64,96.44585665
18,23.5,58.20520696,23.5,31.24356347
19,0,0,0,0
20,0,0,0,0
21,0,0,0,0
22,0,0,0,0
23,0,0,0,0
0,0,0,0,0
1,0,0,0,0
2,0,0,0,0
3,0,0,0,0
4,0,0,0,0
5,0,0,0,0
6,28,28,152.4493202,58.87300772
7,42,42,491.602636,96.00279294
8,58.43949484,54.5,599.2657292,54.5
9,144.9150175,66.5,569.5365029,66.5
10,219.778978,79,454.1369061,79
11,291.1391899,125.5,313.97252,125.5
12,204.6161923,179.5,181.9798827,179.5
13,298.8480105,283.3383013,136.5,136.5
14,234.4618346,424.5978082,84,84
15,153.6047029,550.9251301,58,58
16,107.4660491,512.6094789,92,92
17,50,50,50,50
18,23.5,175.0696167,23.5,56.64226321
19,0,0,0,0
20,0,0,0,0
21,0,0,0,0
22,0,0,0,0
23,0,0,0,0
0,0,0,0,0
1,0,0,0,0
2,0,0,0,0
3,0,0,0,0
4,0,0,0,0
5,0,0,0,0
6,27.5,27.5,181.1095512,64.80634694
7,38,38,537.9641786,95.38934248
8,53.20830811,45.5,633.284912,45.5
9,148.503199,63,587.4266325,63
10,227.6272227,80.5,462.2795834,80.5
11,268.8216883,111.5,286.5964132,111.5
12,266.3079629,189.5,196.7451129,189.5
13,292.196699,271.3108568,101,101
14,238.5176675,429.078933,82,82
15,156.3406138,554.4963986,56.5,56.5
16,86.40971396,573.802304,65,65
17,34,585.7502753,34,82.46437887
18,17,324.4366501,17,82.8425523
19,0,0,0,0
20,0,0,0,0
21,0,0,0,0
22,0,0,0,0
23,0,0,0,0
0,0,0,0,0
1,0,0,0,0
2,0,0,0,0
3,0,0,0,0
4,0,0,0,0
5,0,0,0,0
6,28,28,28,28
7,44.5,44.5,466.0312723,90.61087571
8,67.81688954,57.5,598.2446957,57.5
9,152.9907036,63.5,588.9737138,63.5
10,231.1825891,99.5,432.3371604,99.5
11,246.678851,186,252.0600917,186
12,186.3092358,170,171.4664023,170
13,301.1662009,278.4307892,115.5,115.5
14,248.0586426,429.9519214,93,93
15,171.7331532,482.839601,90.5,90.5
16,88.93664118,569.7961139,65,65
17,40,538.7732038,40,81.44386519
18,17.5,294.3888954,17.5,75.54782252
19,0,0,0,0
20,0,0,0,0
21,0,0,0,0
22,0,0,0,0
23,0,0,0,0
0,0,0,0,0
1,0,0,0,0
2,0,0,0,0
3,0,0,0,0
4,0,0,0,0
5,0,0,0,0
6,29,29,29,29
7,68,68,147.1308065,76.22329184
8,87.3881718,75.5,548.6702603,75.5
9,152.6671628,58.5,588.504636,58.5
10,230.082685,90,434.9751542,90
11,293.8265675,117.5,305.2779105,117.5
12,295.6238985,161,172.5098164,161
13,295.7718895,276.1314716,150.5,150.5
14,192.4959985,211.7061077,175.5,175.5
15,201.719623,414.1705767,144,144
16,89.20219485,586.2823403,61.5,61.5
17,45,496.2037579,45,80.33695451
18,19,275.9157033,19,71.69133556
19,0,0,0,0
20,0,0,0,0
21,0,0,0,0
22,0,0,0,0
23,0,0,0,0
0,0,0,0,0
1,0,0,0,0
2,0,0,0,0
3,0,0,0,0
4,0,0,0,0
5,0,0,0,0
6,0,0,0,0
7,50.5,50.5,442.8408666,89.09944064
8,82.13970242,67.5,535.9864094,67.5
9,165.4679427,76,559.2387677,76
10,230.8825347,68,458.9252541,68
11,288.8292871,96,296.8808423,96
12,310.9555329,92.5,110.2132004,92.5
13,288.7247498,255.5068914,63.5,63.5
14,250.2444581,431.2961113,84,84
15,169.7277754,538.6990578,65.5,65.5
16,88.88178019,588.7481602,58,58
17,46.5,492.8409903,46.5,79.31293248
18,18.5,230.1411688,18.5,60.9370588
19,0,0,0,0
20,0,0,0,0
21,0,0,0,0
22,0,0,0,0
23,0,0,0,0
0,0,0,0,0
1,0,0,0,0
2,0,0,0,0
3,0,0,0,0
4,0,0,0,0
5,0,0,0,0
6,0,0,0,0
7,37.5,37.5,535.0921766,83.6652336
8,69.710922,48,627.7203371,48
9,159.3717445,55.5,594.4965425,55.5
10,232.5435553,59,465.030947,59
11,286.4822436,64,290.7333632,64
12,309.0283787,67.5,86.02044914,67.5
13,292.6935302,255.8552879,61.5,61.5
14,248.8054443,434.3418289,72,72
15,175.7638684,573.5884203,59,59
16,120.5545894,408.4194615,101,101
17,55,395.6605216,55,78.39929123
18,19.5,220.7360715,19.5,58.92436241
19,0,0,0,0
20,0,0,0,0
21,0,0,0,0
22,0,0,0,0
23,0,0,0,0
0,0,0,0,0
1,0,0,0,0
2,0,0,0,0
3,0,0,0,0
4,0,0,0,0
5,0,0,0,0
6,0,0,0,0
7,41.5,41.5,497.1075427,81.18636543
8,82.66232799,60.5,567.3209486,60.5
9,162.8994103,54,597.4551266,54
10,240.1620827,75.5,451.1563915,75.5
11,294.2184217,70.5,293.5457254,70.5
12,317.9145669,96.5,112.5060272,96.5
13,305.9423056,270.859086,100.5,100.5
14,256.8230063,400.2266506,115,115
15,174.3666182,547.9952788,60.5,60.5
16,97.25589842,579.2770558,61.5,61.5
17,42.5,516.4485833,42.5,72.75511317
18,19.5,144.1033082,19.5,43.33455702
19,0,0,0,0
20,0,0,0,0
21,0,0,0,0
22,0,0,0,0
23,0,0,0,0
0,0,0,0,0
1,0,0,0,0
2,0,0,0,0
3,0,0,0,0
4,0,0,0,0
5,0,0,0,0
6,0,0,0,0
7,71.5,71.5,231.4186729,84.51286891
8,109.6217381,93.5,415.4220013,93.5
9,187.9171473,117.5,455.7975062,117.5
10,247.8465277,165.5,348.7329083,165.5
11,292.6229112,182,289.9017459,182
12,304.7752114,145.5,156.3174724,145.5
13,301.4100407,267.340249,114,114
14,256.693899,329.9550353,181.5,181.5
15,201.6310652,432.8802618,128.5,128.5
16,121.5401946,171.7112429,117.5,117.5
17,71.5,194.1548695,71.5,78.73191898
18,18.5,256.3401637,18.5,62.8887626
19,0,0,0,0
20,0,0,0,0
21,0,0,0,0
22,0,0,0,0
23,0,0,0,0
0,0,0,0,0
1,0,0,0,0
2,0,0,0,0
3,0,0,0,0
4,0,0,0,0
5,0,0,0,0
6,0,0,0,0
7,69.5,69.5,316.734291,88.18471016
8,89.57941587,89,99.25448873,89
9,198.2432215,133.5,433.2149868,133.5
10,83.39462759,82,85.02754904,82
11,117.4102352,114,117.2544648,114
12,339.7689384,137.5,150.3572534,137.5
13,311.7997619,273.4493878,112.5,112.5
14,264.2466926,420.7842543,97.5,97.5
15,185.0906744,511.6231924,78,78
16,118.2428848,546.4303902,81,81
17,59.5,69.81553075,59.5,60.05770954
18,8.5,8.5,8.5,8.5
19,0,0,0,0
20,0,0,0,0
21,0,0,0,0
22,0,0,0,0
23,0,0,0,0
0,0,0,0,0
1,0,0,0,0
2,0,0,0,0
3,0,0,0,0
4,0,0,0,0
5,0,0,0,0
6,0,0,0,0
7,46.5,46.5,486.4755043,77.17400565
8,107.1905386,79.5,519.0428061,79.5
9,187.627935,155,300.6765549,155
10,261.182003,110,430.2732776,110
11,243.4890613,203.5,240.8396557,203.5
12,308.7154491,177,184.8026057,177
13,299.9438146,264.4857214,125,125
14,273.2707295,428.641179,101.5,101.5
15,189.0087865,552.3540855,65.5,65.5
16,124.075958,456.3388918,93,93
17,66,231.3070559,66,74.12451188
18,15,15,15,15
19,0,0,0,0
20,0,0,0,0
21,0,0,0,0
22,0,0,0,0
23,0,0,0,0
0,0,0,0,0
1,0,0,0,0
2,0,0,0,0
3,0,0,0,0
4,0,0,0,0
5,0,0,0,0
6,0,0,0,0
7,65,65,77.33906535,65.78724871
8,114.5595842,112,148.7953749,112
9,204.1539962,146.5,394.9789016,146.5
10,237.0693358,181,296.9433178,181
11,284.1919928,193.5,276.3619485,193.5
12,230.9311418,187.5,189.8861029,187.5
13,140.8023313,140.4191935,139,139
14,78,78,78,78
15,124.6240078,130.6560491,122.5,122.5
16,62,62,62,62
17,49,49,49,49
18,16.5,67.38263764,16.5,25.27985633
19,0,0,0,0
20,0,0,0,0
21,0,0,0,0
22,0,0,0,0
23,0,0,0,0
0,0,0,0,0
1,0,0,0,0
2,0,0,0,0
3,0,0,0,0
4,0,0,0,0
5,0,0,0,0
6,0,0,0,0
7,39.5,39.5,39.5,39.5
8,97.89144213,97.5,102.6374048,97.5
9,141.5580635,137.5,154.396484,137.5
10,241.3550195,164.5,319.6684147,164.5
11,123.6131727,120,123.2304009,120
12,72,72,72,72
13,71,71,71,71
14,102.1035964,104.7093959,99,99
15,197.7973946,375.5359097,133,133
16,95.36714253,112.8280948,93.5,93.5
17,24.5,24.5,24.5,24.5
18,5,5,5,5
19,0,0,0,0
20,0,0,0,0
21,0,0,0,0
22,0,0,0,0
23,0,0,0,0
0,0,0,0,0
1,0,0,0,0
2,0,0,0,0
3,0,0,0,0
4,0,0,0,0
5,0,0,0,0
6,0,0,0,0
7,52.5,52.5,394.8374861,70.23277765
8,123.581388,113,240.6518877,113
9,202.4437385,147,370.1974436,147
10,260.4417363,107.5,409.0629175,107.5
11,310.5272799,129.5,287.8867019,129.5
12,336.9562933,116,126.2613547,116
13,325.9554363,266.0472064,67,67
14,276.7619558,446.0212497,67.5,67.5
15,194.9524435,530.1389012,68.5,68.5
16,117.9097018,538.9549728,70,70
17,63.5,288.0714987,63.5,71.19945163
18,12,214.0665253,12,44.94995575
19,0,0,0,0
20,0,0,0,0
21,0,0,0,0
22,0,0,0,0
23,0,0,0,0
0,0,0,0,0
1,0,0,0,0
2,0,0,0,0
3,0,0,0,0
4,0,0,0,0
5,0,0,0,0
6,0,0,0,0
7,45,45,487.5767669,65.23302173
8,123.598686,106,302.2931851,106
9,204.8619357,87,546.0888794,87
10,271.9483242,74.5,454.8077875,74.5
11,317.5607109,120,289.164312,120
12,352.2294653,117.5,127.4162927,117.5
13,322.3040995,271.7798615,112,112
14,285.4917838,446.7661293,78.5,78.5
15,204.8653855,476.170817,99,99
16,109.6147596,603.3376416,50,50
17,39,520.0009485,39,53.09189945
18,11,230.0003403,11,45.66661115
19,0,0,0,0
20,0,0,0,0
21,0,0,0,0
22,0,0,0,0
23,0,0,0,0
0,0,0,0,0
1,0,0,0,0
2,0,0,0,0
3,0,0,0,0
4,0,0,0,0
5,0,0,0,0
6,0,0,0,0
7,48.5,48.5,448.5855225,64.33598578
8,119.3916601,81,478.9206646,81
9,203.1093872,70,572.0328416,70
10,273.9025624,72,451.9805601,72
11,331.5806568,88,292.1323665,88
12,352.8100883,65.5,76.44379385,65.5
13,334.9297278,277.8393921,105.5,105.5
14,283.5292583,431.0135339,87,87
15,201.3336124,566.5520082,54,54
16,119.7468047,571.5760013,62,62
17,34.5,558.7993496,34.5,47.23719912
18,11.5,246.4838838,11.5,47.57183869
19,0,0,0,0
20,0,0,0,0
21,0,0,0,0
22,0,0,0,0
23,0,0,0,0
0,0,0,0,0
1,0,0,0,0
2,0,0,0,0
3,0,0,0,0
4,0,0,0,0
5,0,0,0,0
6,0,0,0,0
7,68.5,68.5,168.6023991,71.84302036
8,122.344076,112.5,207.7335488,112.5
9,211.8562382,121.5,451.7044455,121.5
10,276.7513504,72,448.6092144,72
11,332.3810504,96,289.8969404,96
12,352.5648549,118,125.9700002,118
13,337.5403752,280.0603636,114,114
14,289.1138993,454.3391193,60.5,60.5
15,208.3771226,573.8955615,56,56
16,113.8866921,646.490076,42,42
17,32,535.2638602,32,41.7009942
18,12,212.797143,12,41.85941989
19,0,0,0,0
20,0,0,0,0
21,0,0,0,0
22,0,0,0,0
23,0,0,0,0
0,0,0,0,0
1,0,0,0,0
2,0,0,0,0
3,0,0,0,0
4,0,0,0,0
5,0,0,0,0
6,0,0,0,0
7,54.5,54.5,424.6876237,64.55486609
8,111.3022016,106,154.0643325,106
9,220.0611162,124.5,463.1074888,124.5
10,238.3426743,184.5,281.3146628,184.5
11,303.7945846,196.5,282.6498426,196.5
12,338.1128013,131,137.1946893,131
13,332.8367623,272.0274248,103.5,103.5
14,269.7518925,336.0411915,174.5,174.5
15,211.043939,502.5906338,85.5,85.5
16,115.1468614,636.4161367,41,41
17,32,567.305377,32,39.62548381
18,11,165.7036672,11,33.25962086
19,0,0,0,0
20,0,0,0,0
21,0,0,0,0
22,0,0,0,0
23,0,0,0,0
0,0,0,0,0
1,0,0,0,0
2,0,0,0,0
3,0,0,0,0
4,0,0,0,0
5,0,0,0,0
6,0,0,0,0
7,44.5,44.5,484.6584309,53.69037935
8,130.2355709,111.5,271.1963147,111.5
9,217.0618669,123.5,445.1495402,123.5
10,269.9217711,154.5,357.4351191,154.5
11,314.8474219,169,283.6367332,169
12,280.9474328,189.5,191.8674305,189.5
13,71,71,71,71
14,246.3866723,296.2284439,172,172
15,168.6527772,208.355879,151,151
16,137.7383605,349.8654755,106,106
17,45.5,45.5,45.5,45.5
18,4,4,4,4
19,0,0,0,0
20,0,0,0,0
21,0,0,0,0
22,0,0,0,0
23,0,0,0,0
0,0,0,0,0
1,0,0,0,0
2,0,0,0,0
3,0,0,0,0
4,0,0,0,0
5,0,0,0,0
6,0,0,0,0
7,56.5,56.5,56.5,56.5
8,92.14093968,91.5,96.65298866,91.5
9,122.2649883,121,125.221891,121
10,205.9625738,188.5,218.528677,188.5
11,291.7345661,197,269.8974991,197
12,349.294155,124.5,129.4265601,124.5
13,312.7976088,272.8981154,170.5,170.5
14,268.3581266,332.1202313,169.5,169.5
15,197.2154746,301.1926892,149.5,149.5
16,134.3038559,569.0746776,66,66
17,44,472.2958252,44,45.77565434
18,4,4,4,4
19,0,0,0,0
20,0,0,0,0
21,0,0,0,0
22,0,0,0,0
23,0,0,0,0
0,0,0,0,0
1,0,0,0,0
2,0,0,0,0
3,0,0,0,0
4,0,0,0,0
5,0,0,0,0
6,0,0,0,0
7,43.5,43.5,497.6349506,47.21496435
8,126.0353013,59.5,565.4736794,59.5
9,220.5120189,58,584.866218,58
10,290.5425784,57,449.8754406,57
11,353.3798845,83,286.6991276,83
12,378.1251499,86,91.25647416,86
13,339.2188707,274.1490704,113,113
14,294.8856389,425.4823072,84.5,84.5
15,229.6039104,556.1376447,75,75
16,124.55499,219.002378,109,109
17,50,50,50,50
18,12.5,114.3057696,12.5,25.66774308
19,0,0,0,0
20,0,0,0,0
21,0,0,0,0
22,0,0,0,0
23,0,0,0,0
0,0,0,0,0
1,0,0,0,0
2,0,0,0,0
3,0,0,0,0
4,0,0,0,0
5,0,0,0,0
6,0,0,0,0
7,42.5,42.5,509.3482462,43.32440953
8,129.3920297,58.5,569.7258509,58.5
9,221.4282053,65,557.916155,65
10,295.670025,55.5,450.839123,55.5
11,349.0495449,82.5,279.1235976,82.5
12,360.7351017,117.5,120.9355186,117.5
13,236.3360677,223.1250336,191.5,191.5
14,287.7370251,379.5626331,134,134
15,224.1171148,437.3294501,120,120
16,131.5999247,251.0921054,111,111
17,43,43,43,43
18,9.5,59.95679108,9.5,15.78019258
19,0,0,0,0
20,0,0,0,0
21,0,0,0,0
22,0,0,0,0
23,0,0,0,0
0,0,0,0,0
1,0,0,0,0
2,0,0,0,0
3,0,0,0,0
4,0,0,0,0
5,0,0,0,0
6,8,8,8,8
7,27.5,27.5,27.5,27.5
8,67,67,67,67
9,239.0890918,159.5,403.3904261,159.5
10,258.4833547,219.5,282.3047694,219.5
11,269.2834093,171,241.9927215,171
12,340.1172049,104,106.4340286,104
13,369.6836358,283.2662273,83,83
14,315.6713368,460.8501903,63,63
15,202.3581009,439.425471,83,83
16,127.7697972,370.6562251,84,84
17,34,34,34,34
18,11,11,11,11
19,0,0,0,0
20,0,0,0,0
21,0,0,0,0
22,0,0,0,0
23,0,0,0,0
