Time,Drybulb C,RH,Total Sky Cover {.1}
6/1/2016 0:00,24.4,91,10
6/1/2016 1:00,23.9,78,3
6/1/2016 2:00,23.3,90,4
6/1/2016 3:00,22.8,97,10
6/1/2016 4:00,22.2,93,10
6/1/2016 5:00,22.2,97,8
6/1/2016 6:00,22.2,100,5
6/1/2016 7:00,23.3,94,8
6/1/2016 8:00,25.6,82,8
6/1/2016 9:00,28.3,70,8
6/1/2016 10:00,28.9,61,6
6/1/2016 11:00,31.7,54,4
6/1/2016 12:00,31.7,48,3
6/1/2016 13:00,32.8,47,3
6/1/2016 14:00,32.8,45,4
6/1/2016 15:00,34.4,41,4
6/1/2016 16:00,35,39,3
6/1/2016 17:00,35,37,3
6/1/2016 18:00,34.4,40,3
6/1/2016 19:00,32.8,42,5
6/1/2016 20:00,31.1,48,8
6/1/2016 21:00,29.4,59,9
6/1/2016 22:00,27.8,67,10
6/1/2016 23:00,26.1,77,2
6/2/2016 0:00,25.6,79,4
6/2/2016 1:00,24.4,88,9
6/2/2016 2:00,23.9,94,4
6/2/2016 3:00,24.4,91,10
6/2/2016 4:00,24.4,91,10
6/2/2016 5:00,24.4,91,3
6/2/2016 6:00,23.9,94,8
6/2/2016 7:00,25.6,87,6
6/2/2016 8:00,26.1,82,7
6/2/2016 9:00,29.4,65,8
6/2/2016 10:00,29.4,63,7
6/2/2016 11:00,31.7,56,8
6/2/2016 12:00,32.2,52,3
6/2/2016 13:00,33.3,49,8
6/2/2016 14:00,34.4,43,8
6/2/2016 15:00,32.2,49,10
6/2/2016 16:00,27.8,63,9
6/2/2016 17:00,29.4,59,9
6/2/2016 18:00,27.2,69,8
6/2/2016 19:00,25.6,69,9
6/2/2016 20:00,23.3,74,0
6/2/2016 21:00,20.6,87,0
6/2/2016 22:00,22.2,82,3
6/2/2016 23:00,22.8,79,3
6/3/2016 0:00,22.2,84,0
6/3/2016 1:00,21.1,90,0
6/3/2016 2:00,20.6,90,0
6/3/2016 3:00,20,93,0
6/3/2016 4:00,20,93,0
6/3/2016 5:00,20,96,0
6/3/2016 6:00,20.6,96,8
6/3/2016 7:00,24.4,85,4
6/3/2016 8:00,26.1,85,8
6/3/2016 9:00,28.3,77,4
6/3/2016 10:00,30.6,65,4
6/3/2016 11:00,31.7,61,4
6/3/2016 12:00,33.3,56,8
6/3/2016 13:00,33.3,56,8
6/3/2016 14:00,32.2,56,7
6/3/2016 15:00,31.7,59,6
6/3/2016 16:00,31.1,63,9
6/3/2016 17:00,32.8,54,7
6/3/2016 18:00,32.8,54,1
6/3/2016 19:00,31.1,57,9
6/3/2016 20:00,29.4,65,1
6/3/2016 21:00,25,84,10
6/3/2016 22:00,27.8,69,10
6/3/2016 23:00,27.2,79,10
6/4/2016 0:00,26.7,85,10
6/4/2016 1:00,26.1,90,10
6/4/2016 2:00,20.6,96,10
6/4/2016 3:00,20.6,96,10
6/4/2016 4:00,20,96,10
6/4/2016 5:00,20,96,10
6/4/2016 6:00,20,100,10
6/4/2016 7:00,21.1,90,10
6/4/2016 8:00,22.2,87,10
6/4/2016 9:00,23.9,82,10
6/4/2016 10:00,25.6,74,9
6/4/2016 11:00,27.2,69,9
6/4/2016 12:00,28.9,59,2
6/4/2016 13:00,31.1,48,1
6/4/2016 14:00,31.7,48,3
6/4/2016 15:00,31.7,48,8
6/4/2016 16:00,33.3,46,3
6/4/2016 17:00,32.8,47,4
6/4/2016 18:00,31.7,48,4
6/4/2016 19:00,30.6,53,6
6/4/2016 20:00,28.3,63,3
6/4/2016 21:00,26.7,71,4
6/4/2016 22:00,26.1,79,3
6/4/2016 23:00,25.6,82,0
6/5/2016 0:00,24.4,85,0
6/5/2016 1:00,23.9,90,10
6/5/2016 2:00,23.3,94,8
6/5/2016 3:00,23.3,94,10
6/5/2016 4:00,23.9,90,10
6/5/2016 5:00,23.9,94,10
6/5/2016 6:00,23.9,94,10
6/5/2016 7:00,23.9,94,10
6/5/2016 8:00,24.4,91,10
6/5/2016 9:00,20,96,10
6/5/2016 10:00,20,100,10
6/5/2016 11:00,20,100,10
6/5/2016 12:00,22.2,91,10
6/5/2016 13:00,23.3,91,9
6/5/2016 14:00,25.6,74,9
6/5/2016 15:00,26.7,69,8
6/5/2016 16:00,27.8,65,8
6/5/2016 17:00,27.8,63,9
6/5/2016 18:00,27.8,65,6
6/5/2016 19:00,26.7,69,9
6/5/2016 20:00,22.8,90,2
6/5/2016 21:00,21.1,97,1
6/5/2016 22:00,22.2,93,1
6/5/2016 23:00,20.6,100,0
6/6/2016 0:00,20.6,100,0
6/6/2016 1:00,19.4,100,0
6/6/2016 2:00,19.4,100,2
6/6/2016 3:00,20.6,100,7
6/6/2016 4:00,20,100,9
6/6/2016 5:00,20.6,100,10
6/6/2016 6:00,21.1,97,10
6/6/2016 7:00,20.6,93,10
6/6/2016 8:00,21.1,90,10
6/6/2016 9:00,23.9,74,8
6/6/2016 10:00,25.6,64,6
6/6/2016 11:00,26.1,62,4
6/6/2016 12:00,27.2,58,8
6/6/2016 13:00,27.8,56,8
6/6/2016 14:00,27.8,55,8
6/6/2016 15:00,28.3,53,8
6/6/2016 16:00,30,48,8
6/6/2016 17:00,29.4,46,4
6/6/2016 18:00,27.8,51,4
6/6/2016 19:00,26.7,56,3
6/6/2016 20:00,22.8,71,3
6/6/2016 21:00,20,87,0
6/6/2016 22:00,19.4,90,0
6/6/2016 23:00,18.9,90,0
6/7/2016 0:00,18.3,97,0
6/7/2016 1:00,18.9,90,0
6/7/2016 2:00,18.3,93,0
6/7/2016 3:00,16.7,96,0
6/7/2016 4:00,15.6,100,0
6/7/2016 5:00,16.1,100,0
6/7/2016 6:00,16.1,100,0
6/7/2016 7:00,19.4,87,0
6/7/2016 8:00,23.3,71,0
6/7/2016 9:00,25,62,0
6/7/2016 10:00,26.7,54,3
6/7/2016 11:00,27.2,51,3
6/7/2016 12:00,28.9,48,3
6/7/2016 13:00,30,48,3
6/7/2016 14:00,30.6,46,3
6/7/2016 15:00,30.6,46,3
6/7/2016 16:00,31.7,45,3
6/7/2016 17:00,31.1,47,0
6/7/2016 18:00,31.1,48,0
6/7/2016 19:00,29.4,53,0
6/7/2016 20:00,26.7,64,0
6/7/2016 21:00,25.6,71,0
6/7/2016 22:00,21.1,87,1
6/7/2016 23:00,20.6,90,0
6/8/2016 0:00,19.4,93,0
6/8/2016 1:00,18.9,96,0
6/8/2016 2:00,18.9,93,1
6/8/2016 3:00,20.6,90,0
6/8/2016 4:00,20,93,0
6/8/2016 5:00,18.3,100,6
6/8/2016 6:00,19.4,97,5
6/8/2016 7:00,22.8,87,4
6/8/2016 8:00,24.4,76,8
6/8/2016 9:00,26.1,65,4
6/8/2016 10:00,27.2,61,6
6/8/2016 11:00,23.3,62,10
6/8/2016 12:00,25.6,56,9
6/8/2016 13:00,27.2,49,7
6/8/2016 14:00,28.9,46,0
6/8/2016 15:00,30.6,43,0
6/8/2016 16:00,30,43,0
6/8/2016 17:00,31.1,40,0
6/8/2016 18:00,30.6,42,0
6/8/2016 19:00,28.9,48,10
6/8/2016 20:00,25.6,62,2
6/8/2016 21:00,25,71,6
6/8/2016 22:00,23.9,76,0
6/8/2016 23:00,22.8,81,0
6/9/2016 0:00,22.2,84,0
6/9/2016 1:00,20,93,0
6/9/2016 2:00,20,93,0
6/9/2016 3:00,19.4,97,0
6/9/2016 4:00,18.9,96,0
6/9/2016 5:00,20,93,0
6/9/2016 6:00,18.9,96,0
6/9/2016 7:00,22,94,4
6/9/2016 8:00,23.3,91,8
6/9/2016 9:00,26.7,79,8
6/9/2016 10:00,28.9,63,8
6/9/2016 11:00,30,59,6
6/9/2016 12:00,30.6,57,4
6/9/2016 13:00,32.2,52,6
6/9/2016 14:00,32.8,52,8
6/9/2016 15:00,33.3,51,5
6/9/2016 16:00,33.9,47,3
6/9/2016 17:00,33.9,49,3
6/9/2016 18:00,32.8,50,3
6/9/2016 19:00,31.7,56,5
6/9/2016 20:00,29.4,61,4
6/9/2016 21:00,28.9,70,0
6/9/2016 22:00,27.8,77,4
6/9/2016 23:00,26.7,85,5
6/10/2016 0:00,26.1,88,10
6/10/2016 1:00,26.1,88,10
6/10/2016 2:00,26.1,88,10
6/10/2016 3:00,26,89,10
6/10/2016 4:00,25.6,87,10
6/10/2016 5:00,25.6,90,10
6/10/2016 6:00,23.3,82,10
6/10/2016 7:00,22.2,87,9
6/10/2016 8:00,22.2,87,10
6/10/2016 9:00,22.8,84,9
6/10/2016 10:00,22.8,87,9
6/10/2016 11:00,25,74,10
6/10/2016 12:00,27.8,67,10
6/10/2016 13:00,28.9,57,9
6/10/2016 14:00,29.4,57,6
6/10/2016 15:00,30.6,55,2
6/10/2016 16:00,31.1,54,3
6/10/2016 17:00,31.1,54,4
6/10/2016 18:00,30.6,55,0
6/10/2016 19:00,28.9,61,6
6/10/2016 20:00,26.1,74,0
6/10/2016 21:00,23.9,84,0
6/10/2016 22:00,25.6,76,0
6/10/2016 23:00,25,82,0
6/11/2016 0:00,25,88,0
6/11/2016 1:00,25,90,10
6/11/2016 2:00,25.6,87,10
6/11/2016 3:00,25.6,87,8
6/11/2016 4:00,25.6,87,8
6/11/2016 5:00,25.6,87,10
6/11/2016 6:00,25.6,90,9
6/11/2016 7:00,26.7,85,10
6/11/2016 8:00,27.8,79,10
6/11/2016 9:00,29.4,70,10
6/11/2016 10:00,30,65,8
6/11/2016 11:00,31.1,61,8
6/11/2016 12:00,32.2,59,5
6/11/2016 13:00,33.9,54,8
6/11/2016 14:00,33.3,54,8
6/11/2016 15:00,34.4,51,8
6/11/2016 16:00,34.4,51,4
6/11/2016 17:00,35,49,4
6/11/2016 18:00,33.3,54,3
6/11/2016 19:00,31.7,63,10
6/11/2016 20:00,30,70,10
6/11/2016 21:00,28.9,74,8
6/11/2016 22:00,27.8,82,6
6/11/2016 23:00,26.7,85,5
6/12/2016 0:00,26.7,87,10
6/12/2016 1:00,27.2,82,10
6/12/2016 2:00,23,89,10
6/12/2016 3:00,22,100,10
6/12/2016 4:00,23.3,97,10
6/12/2016 5:00,23,100,8
6/12/2016 6:00,25,94,4
6/12/2016 7:00,26.1,90,10
6/12/2016 8:00,26.7,87,10
6/12/2016 9:00,27.8,79,10
6/12/2016 10:00,30.6,68,10
6/12/2016 11:00,31.1,63,8
6/12/2016 12:00,32.2,59,8
6/12/2016 13:00,32.8,57,10
6/12/2016 14:00,34.4,49,4
6/12/2016 15:00,35.6,48,4
6/12/2016 16:00,35,49,4
6/12/2016 17:00,33.9,51,4
6/12/2016 18:00,33.3,52,5
6/12/2016 19:00,31.7,57,3
6/12/2016 20:00,30.6,61,4
6/12/2016 21:00,29.4,68,8
6/12/2016 22:00,28.9,74,10
6/12/2016 23:00,27.8,79,10
6/13/2016 0:00,27.2,82,8
6/13/2016 1:00,27.2,82,10
6/13/2016 2:00,26.7,85,10
6/13/2016 3:00,26.7,85,10
6/13/2016 4:00,26.1,88,10
6/13/2016 5:00,26.1,90,10
6/13/2016 6:00,26.1,90,10
6/13/2016 7:00,26.7,87,8
6/13/2016 8:00,28.3,79,10
6/13/2016 9:00,29.4,72,8
6/13/2016 10:00,30,67,10
6/13/2016 11:00,30.6,65,10
6/13/2016 12:00,32.8,56,8
6/13/2016 13:00,33.9,51,9
6/13/2016 14:00,32.8,52,10
6/13/2016 15:00,28,79,10
6/13/2016 16:00,20,96,10
6/13/2016 17:00,20.6,96,10
6/13/2016 18:00,20,96,10
6/13/2016 19:00,21,88,10
6/13/2016 20:00,20,96,10
6/13/2016 21:00,20,96,10
6/13/2016 22:00,20.6,93,10
6/13/2016 23:00,20.6,90,10
6/14/2016 0:00,20.6,87,10
6/14/2016 1:00,20.6,90,10
6/14/2016 2:00,19.4,93,10
6/14/2016 3:00,20,90,6
6/14/2016 4:00,19.4,93,0
6/14/2016 5:00,18.3,97,0
6/14/2016 6:00,18.3,100,0
6/14/2016 7:00,20.6,93,0
6/14/2016 8:00,22.8,81,0
6/14/2016 9:00,24.4,74,3
6/14/2016 10:00,25.6,71,3
6/14/2016 11:00,27.2,67,3
6/14/2016 12:00,28.9,63,3
6/14/2016 13:00,29.4,59,3
6/14/2016 14:00,30.6,55,3
6/14/2016 15:00,31.1,55,3
6/14/2016 16:00,31.7,54,3
6/14/2016 17:00,31.7,54,3
6/14/2016 18:00,31.7,56,3
6/14/2016 19:00,30.6,59,5
6/14/2016 20:00,26.7,79,3
6/14/2016 21:00,25.6,85,3
6/14/2016 22:00,24.4,91,0
6/14/2016 23:00,22.8,96,3
6/15/2016 0:00,22.8,96,3
6/15/2016 1:00,23.3,94,7
6/15/2016 2:00,24.4,94,10
6/15/2016 3:00,24.4,97,10
6/15/2016 4:00,25,90,9
6/15/2016 5:00,23.3,74,10
6/15/2016 6:00,20,90,10
6/15/2016 7:00,20.6,87,10
6/15/2016 8:00,22.2,87,10
6/15/2016 9:00,22.8,87,10
6/15/2016 10:00,22.8,81,10
6/15/2016 11:00,26.1,67,8
6/15/2016 12:00,27.2,67,5
6/15/2016 13:00,28.9,59,10
6/15/2016 14:00,28.9,61,10
6/15/2016 15:00,27.8,63,10
6/15/2016 16:00,23.9,88,10
6/15/2016 17:00,23.9,82,9
6/15/2016 18:00,24.4,85,9
6/15/2016 19:00,25,79,8
6/15/2016 20:00,23.3,91,6
6/15/2016 21:00,21.7,96,5
6/15/2016 22:00,21.7,96,3
6/15/2016 23:00,22.2,93,3
6/16/2016 0:00,21.7,93,3
6/16/2016 1:00,21.1,97,4
6/16/2016 2:00,20,100,4
6/16/2016 3:00,20.6,96,4
6/16/2016 4:00,20,100,4
6/16/2016 5:00,20,96,8
6/16/2016 6:00,20.6,93,8
6/16/2016 7:00,22.2,91,4
6/16/2016 8:00,24.4,79,3
6/16/2016 9:00,26.1,72,0
6/16/2016 10:00,27.8,65,4
6/16/2016 11:00,29.4,57,4
6/16/2016 12:00,30,53,3
6/16/2016 13:00,30.6,53,4
6/16/2016 14:00,30,55,4
6/16/2016 15:00,29.4,55,4
6/16/2016 16:00,31.1,50,4
6/16/2016 17:00,31.1,48,4
6/16/2016 18:00,30.6,48,3
6/16/2016 19:00,28.9,57,5
6/16/2016 20:00,26.7,69,3
6/16/2016 21:00,25.6,76,5
6/16/2016 22:00,23.3,87,0
6/16/2016 23:00,21.7,96,0
6/17/2016 0:00,21.1,97,0
6/17/2016 1:00,21.7,96,3
6/17/2016 2:00,21.1,97,4
6/17/2016 3:00,20.6,96,0
6/17/2016 4:00,20,100,0
6/17/2016 5:00,20,100,0
6/17/2016 6:00,20,100,0
6/17/2016 7:00,22.8,90,0
6/17/2016 8:00,25.6,76,0
6/17/2016 9:00,27.8,69,0
6/17/2016 10:00,28.3,67,4
6/17/2016 11:00,28.9,67,8
6/17/2016 12:00,29.4,57,5
6/17/2016 13:00,31.1,55,4
6/17/2016 14:00,31.1,48,4
6/17/2016 15:00,31.7,47,4
6/17/2016 16:00,31.7,48,4
6/17/2016 17:00,31.1,50,4
6/17/2016 18:00,30,51,3
6/17/2016 19:00,28.9,57,2
6/17/2016 20:00,27.2,67,0
6/17/2016 21:00,26.1,72,0
6/17/2016 22:00,22.8,87,1
6/17/2016 23:00,21.7,93,3
6/18/2016 0:00,21.7,93,3
6/18/2016 1:00,21.1,97,0
6/18/2016 2:00,20.6,96,0
6/18/2016 3:00,20.6,96,3
6/18/2016 4:00,20.6,96,3
6/18/2016 5:00,20,96,0
6/18/2016 6:00,20,100,0
6/18/2016 7:00,23.3,87,0
6/18/2016 8:00,25.6,76,0
6/18/2016 9:00,26.7,71,0
6/18/2016 10:00,28.3,65,8
6/18/2016 11:00,30,57,8
6/18/2016 12:00,31.1,50,5
6/18/2016 13:00,31.1,50,4
6/18/2016 14:00,31.7,50,4
6/18/2016 15:00,32.2,47,3
6/18/2016 16:00,32.2,45,3
6/18/2016 17:00,31.7,47,3
6/18/2016 18:00,31.7,44,3
6/18/2016 19:00,30,51,9
6/18/2016 20:00,28.3,59,1
6/18/2016 21:00,23.3,85,2
6/18/2016 22:00,22.8,87,0
6/18/2016 23:00,21.7,90,0
6/19/2016 0:00,21.7,90,0
6/19/2016 1:00,21.1,93,0
6/19/2016 2:00,20,96,0
6/19/2016 3:00,20.6,96,0
6/19/2016 4:00,19.4,100,0
6/19/2016 5:00,20,96,0
6/19/2016 6:00,20.3,95,3
6/19/2016 7:00,22.8,90,0
6/19/2016 8:00,25.6,76,3
6/19/2016 9:00,28.3,70,3
6/19/2016 10:00,30,51,3
6/19/2016 11:00,31.1,48,4
6/19/2016 12:00,32.2,47,4
6/19/2016 13:00,32.8,45,4
6/19/2016 14:00,32.8,44,4
6/19/2016 15:00,33.3,41,3
6/19/2016 16:00,33.3,40,3
6/19/2016 17:00,33.3,41,3
6/19/2016 18:00,32.2,44,3
6/19/2016 19:00,30.6,50,2
6/19/2016 20:00,28.3,57,3
6/19/2016 21:00,24.4,79,0
6/19/2016 22:00,23.3,85,0
6/19/2016 23:00,22.2,87,0
6/20/2016 0:00,21.7,90,0
6/20/2016 1:00,21.1,93,0
6/20/2016 2:00,21.1,93,0
6/20/2016 3:00,20.6,96,0
6/20/2016 4:00,20,96,0
6/20/2016 5:00,20,96,0
6/20/2016 6:00,20,96,0
6/20/2016 7:00,23.3,85,0
6/20/2016 8:00,26.7,74,0
6/20/2016 9:00,28.9,63,0
6/20/2016 10:00,30,57,0
6/20/2016 11:00,31.7,47,8
6/20/2016 12:00,32.2,49,3
6/20/2016 13:00,33.3,44,4
6/20/2016 14:00,33.9,41,4
6/20/2016 15:00,34.4,40,3
6/20/2016 16:00,33.9,44,3
6/20/2016 17:00,33.3,49,3
6/20/2016 18:00,32.2,50,3
6/20/2016 19:00,30.6,57,0
6/20/2016 20:00,26.1,79,0
6/20/2016 21:00,24.4,85,0
6/20/2016 22:00,23.3,91,0
6/20/2016 23:00,22.8,90,0
6/21/2016 0:00,22.2,97,0
6/21/2016 1:00,22.2,97,0
6/21/2016 2:00,22.2,97,0
6/21/2016 3:00,21.7,100,0
6/21/2016 4:00,21.1,97,0
6/21/2016 5:00,22.2,97,8
6/21/2016 6:00,21.7,96,4
6/21/2016 7:00,23.9,94,4
6/21/2016 8:00,25.6,87,3
6/21/2016 9:00,28.3,74,3
6/21/2016 10:00,28.9,72,3
6/21/2016 11:00,30.6,63,8
6/21/2016 12:00,32.2,56,4
6/21/2016 13:00,32.8,52,4
6/21/2016 14:00,33.3,49,4
6/21/2016 15:00,33.9,49,4
6/21/2016 16:00,33.9,49,4
6/21/2016 17:00,33.9,51,4
6/21/2016 18:00,33.3,54,3
6/21/2016 19:00,31.7,59,2
6/21/2016 20:00,30,65,1
6/21/2016 21:00,28.3,72,0
6/21/2016 22:00,28.3,72,0
6/21/2016 23:00,27.2,77,0
6/22/2016 0:00,26.7,79,3
6/22/2016 1:00,25.6,85,0
6/22/2016 2:00,24.4,94,0
6/22/2016 3:00,24.4,94,0
6/22/2016 4:00,24.4,97,3
6/22/2016 5:00,25,94,4
6/22/2016 6:00,24.4,97,4
6/22/2016 7:00,25.6,93,4
6/22/2016 8:00,27.2,85,8
6/22/2016 9:00,28.9,74,7
6/22/2016 10:00,29.4,70,6
6/22/2016 11:00,30.6,65,5
6/22/2016 12:00,31.7,59,4
6/22/2016 13:00,32.8,56,4
6/22/2016 14:00,33.9,51,3
6/22/2016 15:00,34.4,49,3
6/22/2016 16:00,34.4,46,3
6/22/2016 17:00,34.4,46,3
6/22/2016 18:00,34.4,46,3
6/22/2016 19:00,33.3,51,10
6/22/2016 20:00,31.1,59,4
6/22/2016 21:00,30,65,3
6/22/2016 22:00,28.9,72,0
6/22/2016 23:00,28.3,77,4
6/23/2016 0:00,27.2,85,0
6/23/2016 1:00,26.1,90,0
6/23/2016 2:00,25.6,96,8
6/23/2016 3:00,26,94,8
6/23/2016 4:00,26.1,94,10
6/23/2016 5:00,26,94,8
6/23/2016 6:00,26.1,94,8
6/23/2016 7:00,26.7,90,8
6/23/2016 8:00,27.8,85,8
6/23/2016 9:00,29.4,75,8
6/23/2016 10:00,30.6,68,4
6/23/2016 11:00,31.7,61,8
6/23/2016 12:00,32.2,59,4
6/23/2016 13:00,34.4,48,8
6/23/2016 14:00,35,48,4
6/23/2016 15:00,34.4,49,4
6/23/2016 16:00,33.9,49,4
6/23/2016 17:00,35.6,46,4
6/23/2016 18:00,34.4,51,4
6/23/2016 19:00,32.8,56,7
6/23/2016 20:00,31.7,63,4
6/23/2016 21:00,30.6,68,0
6/23/2016 22:00,28.9,74,0
6/23/2016 23:00,28.3,74,3
6/24/2016 0:00,27.2,82,5
6/24/2016 1:00,26.1,88,8
6/24/2016 2:00,25.6,90,4
6/24/2016 3:00,24.4,97,8
6/24/2016 4:00,24.4,97,7
6/24/2016 5:00,25,96,9
6/24/2016 6:00,25,96,10
6/24/2016 7:00,26.1,90,10
6/24/2016 8:00,27.2,88,10
6/24/2016 9:00,29.4,77,9
6/24/2016 10:00,29.4,77,8
6/24/2016 11:00,31.7,65,8
6/24/2016 12:00,33.3,58,5
6/24/2016 13:00,33.3,58,4
6/24/2016 14:00,33.3,58,8
6/24/2016 15:00,33.3,58,8
6/24/2016 16:00,33.9,60,8
6/24/2016 17:00,33.3,62,8
6/24/2016 18:00,34.4,51,8
6/24/2016 19:00,33.3,54,9
6/24/2016 20:00,31.1,63,3
6/24/2016 21:00,30,65,0
6/24/2016 22:00,28.3,72,0
6/24/2016 23:00,26.7,79,0
6/25/2016 0:00,26.1,85,1
6/25/2016 1:00,25,90,3
6/25/2016 2:00,24.4,94,4
6/25/2016 3:00,24.4,97,10
6/25/2016 4:00,25.6,93,10
6/25/2016 5:00,25.6,93,10
6/25/2016 6:00,25.6,93,10
6/25/2016 7:00,26.7,87,4
6/25/2016 8:00,28.3,82,8
6/25/2016 9:00,29.4,75,8
6/25/2016 10:00,31.7,63,10
6/25/2016 11:00,31.7,61,8
6/25/2016 12:00,32.8,57,8
6/25/2016 13:00,32.8,56,8
6/25/2016 14:00,33.9,52,8
6/25/2016 15:00,35.6,48,4
6/25/2016 16:00,35,48,4
6/25/2016 17:00,35,48,4
6/25/2016 18:00,34.4,49,4
6/25/2016 19:00,33.3,54,5
6/25/2016 20:00,31.1,61,4
6/25/2016 21:00,30,65,0
6/25/2016 22:00,28.9,67,0
6/25/2016 23:00,27.2,77,0
6/26/2016 0:00,26.1,82,5
6/26/2016 1:00,25,90,8
6/26/2016 2:00,23.9,94,10
6/26/2016 3:00,24.4,94,10
6/26/2016 4:00,24.4,94,10
6/26/2016 5:00,23.9,96,8
6/26/2016 6:00,23.3,97,4
6/26/2016 7:00,25,94,3
6/26/2016 8:00,26.7,85,10
6/26/2016 9:00,27.8,77,8
6/26/2016 10:00,28.9,70,8
6/26/2016 11:00,30.6,61,4
6/26/2016 12:00,30.6,59,4
6/26/2016 13:00,33.3,47,4
6/26/2016 14:00,33.9,46,4
6/26/2016 15:00,34.4,45,5
6/26/2016 16:00,32.8,50,9
6/26/2016 17:00,27.8,85,10
6/26/2016 18:00,27.8,74,10
6/26/2016 19:00,27.8,69,10
6/26/2016 20:00,26.7,76,9
6/26/2016 21:00,26.1,77,9
6/26/2016 22:00,26.1,77,10
6/26/2016 23:00,25.6,82,10
6/27/2016 0:00,25.6,79,10
6/27/2016 1:00,25,83,10
6/27/2016 2:00,25,82,10
6/27/2016 3:00,24.4,85,10
6/27/2016 4:00,23.9,84,10
6/27/2016 5:00,23.3,85,10
6/27/2016 6:00,23.3,82,10
6/27/2016 7:00,23.3,82,10
6/27/2016 8:00,24.4,79,8
6/27/2016 9:00,25.6,74,4
6/27/2016 10:00,27.2,69,4
6/27/2016 11:00,28.9,63,5
6/27/2016 12:00,28.9,61,4
6/27/2016 13:00,30.6,57,4
6/27/2016 14:00,31.1,55,8
6/27/2016 15:00,31.1,54,5
6/27/2016 16:00,32.2,50,7
6/27/2016 17:00,31.7,50,3
6/27/2016 18:00,31.7,48,4
6/27/2016 19:00,30.6,51,10
6/27/2016 20:00,28.3,61,5
6/27/2016 21:00,27.8,65,3
6/27/2016 22:00,26.7,69,2
6/27/2016 23:00,23.3,85,0
6/28/2016 0:00,22.8,90,3
6/28/2016 1:00,22.2,93,6
6/28/2016 2:00,21.7,93,4
6/28/2016 3:00,22.2,93,8
6/28/2016 4:00,24.4,82,8
6/28/2016 5:00,23.3,91,4
6/28/2016 6:00,23.3,91,3
6/28/2016 7:00,23.9,88,3
6/28/2016 8:00,25.6,82,3
6/28/2016 9:00,27.8,74,3
6/28/2016 10:00,29,70,4
6/28/2016 11:00,30,59,4
6/28/2016 12:00,32.8,49,3
6/28/2016 13:00,32.8,49,4
6/28/2016 14:00,33.9,46,4
6/28/2016 15:00,33.3,46,4
6/28/2016 16:00,33.3,49,6
6/28/2016 17:00,32.8,50,9
6/28/2016 18:00,31.7,54,7
6/28/2016 19:00,30.6,57,10
6/28/2016 20:00,28.3,67,10
6/28/2016 21:00,28.3,67,8
6/28/2016 22:00,25.6,79,9
6/28/2016 23:00,25.6,82,4
6/29/2016 0:00,25.6,85,4
6/29/2016 1:00,25,88,8
6/29/2016 2:00,23.9,94,10
6/29/2016 3:00,23.3,97,8
6/29/2016 4:00,23.9,94,3
6/29/2016 5:00,22.8,96,10
6/29/2016 6:00,23.3,97,5
6/29/2016 7:00,24.4,94,3
6/29/2016 8:00,26.7,82,3
6/29/2016 9:00,27.2,82,5
6/29/2016 10:00,29.4,68,8
6/29/2016 11:00,30,63,4
6/29/2016 12:00,31.1,55,4
6/29/2016 13:00,32.8,47,4
6/29/2016 14:00,32.8,47,6
6/29/2016 15:00,33.3,44,4
6/29/2016 16:00,33.9,41,4
6/29/2016 17:00,33.3,41,3
6/29/2016 18:00,32.2,42,3
6/29/2016 19:00,30.6,50,10
6/29/2016 20:00,28.9,53,6
6/29/2016 21:00,27.2,61,7
6/29/2016 22:00,26.1,65,1
6/29/2016 23:00,22.2,84,5
6/30/2016 0:00,22.2,84,6
6/30/2016 1:00,22.2,87,6
6/30/2016 2:00,22.8,84,8
6/30/2016 3:00,22.2,87,5
6/30/2016 4:00,22.2,87,1
6/30/2016 5:00,21.1,90,0
6/30/2016 6:00,20.6,93,0
6/30/2016 7:00,25,79,0
6/30/2016 8:00,26.1,74,0
6/30/2016 9:00,27.8,72,0
6/30/2016 10:00,30,67,1
6/30/2016 11:00,32.2,52,3
6/30/2016 12:00,31.7,50,3
6/30/2016 13:00,33.9,47,5
6/30/2016 14:00,32.8,50,4
6/30/2016 15:00,33.9,44,5
6/30/2016 16:00,33.9,46,5
6/30/2016 17:00,33.3,49,5
6/30/2016 18:00,32.8,50,8
6/30/2016 19:00,30,61,9
6/30/2016 20:00,28.3,70,5
6/30/2016 21:00,28.9,65,3
6/30/2016 22:00,28.1,84,0
6/30/2016 23:00,27.3,88,0
7/1/2016 0:00,26.5,94,0
7/1/2016 1:00,25.7,76,9
7/1/2016 2:00,24.9,74,3
7/1/2016 3:00,24.1,76,3
7/1/2016 4:00,23.3,82,3
7/1/2016 5:00,22.8,84,3
7/1/2016 6:00,22.2,87,3
7/1/2016 7:00,22.8,84,2
7/1/2016 8:00,24.4,76,2
7/1/2016 9:00,26.1,72,2
7/1/2016 10:00,26.7,67,9
7/1/2016 11:00,28.3,63,9
7/1/2016 12:00,29.4,57,3
7/1/2016 13:00,29.4,53,9
7/1/2016 14:00,28.9,57,9
7/1/2016 15:00,30.6,53,2
7/1/2016 16:00,30.6,51,3
7/1/2016 17:00,30,55,3
7/1/2016 18:00,30,51,2
7/1/2016 19:00,29.4,55,2
7/1/2016 20:00,27.2,65,3
7/1/2016 21:00,26.7,67,1
7/1/2016 22:00,25.6,74,1
7/1/2016 23:00,25.6,74,8
7/2/2016 0:00,24.4,76,10
7/2/2016 1:00,22.8,87,10
7/2/2016 2:00,22.8,90,9
7/2/2016 3:00,22.8,87,6
7/2/2016 4:00,22.2,91,6
7/2/2016 5:00,22.8,90,5
7/2/2016 6:00,21.7,93,8
7/2/2016 7:00,23.3,87,0
7/2/2016 8:00,25,82,5
7/2/2016 9:00,27.2,77,3
7/2/2016 10:00,28.9,67,2
7/2/2016 11:00,29.4,63,3
7/2/2016 12:00,30.6,61,4
7/2/2016 13:00,30,59,4
7/2/2016 14:00,30.6,57,5
7/2/2016 15:00,30,61,7
7/2/2016 16:00,30,61,5
7/2/2016 17:00,30.6,61,6
7/2/2016 18:00,30.6,57,6
7/2/2016 19:00,28.9,67,7
7/2/2016 20:00,28.3,70,8
7/2/2016 21:00,27.8,72,8
7/2/2016 22:00,26.7,76,9
7/2/2016 23:00,26.1,79,10
7/3/2016 0:00,25.6,85,10
7/3/2016 1:00,25,88,10
7/3/2016 2:00,25,88,9
7/3/2016 3:00,24.4,91,9
7/3/2016 4:00,24.4,91,3
7/3/2016 5:00,24.4,94,9
7/3/2016 6:00,24.4,94,3
7/3/2016 7:00,24.4,94,9
7/3/2016 8:00,25.6,85,9
7/3/2016 9:00,26.7,79,10
7/3/2016 10:00,28.9,70,3
7/3/2016 11:00,29.4,68,2
7/3/2016 12:00,31.1,63,3
7/3/2016 13:00,31.7,61,2
7/3/2016 14:00,32.8,57,2
7/3/2016 15:00,32.8,56,2
7/3/2016 16:00,33.3,54,3
7/3/2016 17:00,31.7,57,2
7/3/2016 18:00,31.7,57,3
7/3/2016 19:00,30,63,3
7/3/2016 20:00,29.4,70,3
7/3/2016 21:00,28.3,77,3
7/3/2016 22:00,27.8,79,3
7/3/2016 23:00,27.2,85,2
7/4/2016 0:00,25,64,9
7/4/2016 1:00,23.9,69,6
7/4/2016 2:00,26.1,52,2
7/4/2016 3:00,26.1,52,2
7/4/2016 4:00,26.1,50,2
7/4/2016 5:00,22.8,71,3
7/4/2016 6:00,20.6,87,3
7/4/2016 7:00,21.7,84,3
7/4/2016 8:00,23.9,74,2
7/4/2016 9:00,26.1,69,2
7/4/2016 10:00,27.2,69,2
7/4/2016 11:00,28.9,67,9
7/4/2016 12:00,29.4,68,9
7/4/2016 13:00,31.1,61,9
7/4/2016 14:00,31.7,57,2
7/4/2016 15:00,32.2,56,3
7/4/2016 16:00,32.2,58,9
7/4/2016 17:00,31.7,59,9
7/4/2016 18:00,31.7,59,2
7/4/2016 19:00,30.6,65,3
7/4/2016 20:00,28.9,72,9
7/4/2016 21:00,28.3,77,10
7/4/2016 22:00,27.2,82,10
7/4/2016 23:00,26.7,85,10
7/5/2016 0:00,26.1,88,10
7/5/2016 1:00,26.1,88,2
7/5/2016 2:00,25.6,90,9
7/5/2016 3:00,26.1,88,9
7/5/2016 4:00,26.1,88,10
7/5/2016 5:00,25.6,90,9
7/5/2016 6:00,25,94,3
7/5/2016 7:00,26.1,88,2
7/5/2016 8:00,27.2,82,9
7/5/2016 9:00,27.2,82,9
7/5/2016 10:00,28.3,72,9
7/5/2016 11:00,21.1,87,10
7/5/2016 12:00,25,82,3
7/5/2016 13:00,28.9,63,5
7/5/2016 14:00,28.9,65,7
7/5/2016 15:00,30,63,9
7/5/2016 16:00,29.4,57,9
7/5/2016 17:00,29.4,61,10
7/5/2016 18:00,29.4,59,9
7/5/2016 19:00,28.3,63,2
7/5/2016 20:00,27.2,62,9
7/5/2016 21:00,26.1,69,2
7/5/2016 22:00,25,79,2
7/5/2016 23:00,24.4,85,2
7/6/2016 0:00,24.4,88,10
7/6/2016 1:00,24.4,91,10
7/6/2016 2:00,24.4,94,10
7/6/2016 3:00,24.4,97,10
7/6/2016 4:00,25,94,10
7/6/2016 5:00,24.4,88,9
7/6/2016 6:00,24.4,97,10
7/6/2016 7:00,25.6,96,10
7/6/2016 8:00,26.7,94,10
7/6/2016 9:00,27.2,85,10
7/6/2016 10:00,29.4,77,9
7/6/2016 11:00,29.4,72,9
7/6/2016 12:00,30.6,68,9
7/6/2016 13:00,30.6,68,9
7/6/2016 14:00,30,72,9
7/6/2016 15:00,24.4,85,9
7/6/2016 16:00,27.2,85,9
7/6/2016 17:00,28.9,80,3
7/6/2016 18:00,29.4,77,2
7/6/2016 19:00,28.3,82,2
7/6/2016 20:00,27.8,82,2
7/6/2016 21:00,27.2,77,2
7/6/2016 22:00,26.7,79,2
7/6/2016 23:00,26.1,82,2
7/7/2016 0:00,25,88,2
7/7/2016 1:00,25,88,3
7/7/2016 2:00,23.9,90,3
7/7/2016 3:00,22.8,94,3
7/7/2016 4:00,22.2,97,3
7/7/2016 5:00,21.7,100,3
7/7/2016 6:00,22.8,94,3
7/7/2016 7:00,23.9,94,3
7/7/2016 8:00,25.6,85,3
7/7/2016 9:00,27.2,77,3
7/7/2016 10:00,28.9,70,2
7/7/2016 11:00,30,63,2
7/7/2016 12:00,31.1,57,2
7/7/2016 13:00,32.2,59,2
7/7/2016 14:00,32.2,56,3
7/7/2016 15:00,32.2,56,2
7/7/2016 16:00,32.8,52,0
7/7/2016 17:00,33.3,41,0
7/7/2016 18:00,32.2,52,0
7/7/2016 19:00,31.1,59,0
7/7/2016 20:00,29.4,68,0
7/7/2016 21:00,28.3,70,0
7/7/2016 22:00,27.8,72,0
7/7/2016 23:00,26.1,79,0
7/8/2016 0:00,26.1,79,0
7/8/2016 1:00,26.1,82,4
7/8/2016 2:00,26.1,82,4
7/8/2016 3:00,25,88,4
7/8/2016 4:00,25,88,3
7/8/2016 5:00,23.9,90,3
7/8/2016 6:00,23.9,94,3
7/8/2016 7:00,26.1,79,3
7/8/2016 8:00,27.8,74,3
7/8/2016 9:00,30,65,3
7/8/2016 10:00,31.1,59,3
7/8/2016 11:00,31.7,54,3
7/8/2016 12:00,32.2,54,2
7/8/2016 13:00,33.9,44,2
7/8/2016 14:00,33.3,41,0
7/8/2016 15:00,34.4,35,0
7/8/2016 16:00,34.4,37,0
7/8/2016 17:00,33.9,43,0
7/8/2016 18:00,32.8,45,0
7/8/2016 19:00,31.1,55,0
7/8/2016 20:00,29.4,61,0
7/8/2016 21:00,27.8,67,0
7/8/2016 22:00,27.2,67,0
7/8/2016 23:00,26.1,72,6
7/9/2016 0:00,26.1,72,3
7/9/2016 1:00,25,79,6
7/9/2016 2:00,25.6,74,7
7/9/2016 3:00,25,77,7
7/9/2016 4:00,23.3,85,6
7/9/2016 5:00,24.4,76,8
7/9/2016 6:00,24.4,76,7
7/9/2016 7:00,25.6,74,3
7/9/2016 8:00,27.2,69,7
7/9/2016 9:00,28.9,63,1
7/9/2016 10:00,31.1,48,4
7/9/2016 11:00,31.1,48,2
7/9/2016 12:00,32.8,45,3
7/9/2016 13:00,32.8,47,2
7/9/2016 14:00,32.8,47,3
7/9/2016 15:00,33.3,44,5
7/9/2016 16:00,33.9,41,2
7/9/2016 17:00,33.3,47,8
7/9/2016 18:00,32.8,49,6
7/9/2016 19:00,31.7,54,6
7/9/2016 20:00,29.4,61,7
7/9/2016 21:00,28.9,63,5
7/9/2016 22:00,27.8,67,0
7/9/2016 23:00,26.7,67,0
7/10/2016 0:00,25.6,71,1
7/10/2016 1:00,25.6,71,1
7/10/2016 2:00,24.4,76,1
7/10/2016 3:00,24.4,79,9
7/10/2016 4:00,25.6,74,7
7/10/2016 5:00,25.6,74,10
7/10/2016 6:00,25,77,10
7/10/2016 7:00,26.1,69,10
7/10/2016 8:00,28.3,61,10
7/10/2016 9:00,29.4,61,6
7/10/2016 10:00,31.1,54,7
7/10/2016 11:00,32.2,49,6
7/10/2016 12:00,32.8,49,4
7/10/2016 13:00,33.3,43,5
7/10/2016 14:00,34.4,45,7
7/10/2016 15:00,34.4,43,9
7/10/2016 16:00,35,42,9
7/10/2016 17:00,35,39,8
7/10/2016 18:00,34.4,39,4
7/10/2016 19:00,32.8,45,6
7/10/2016 20:00,30.6,63,7
7/10/2016 21:00,29.4,65,8
7/10/2016 22:00,28.3,65,9
7/10/2016 23:00,26.7,74,10
7/11/2016 0:00,26.1,79,10
7/11/2016 1:00,25.6,79,7
7/11/2016 2:00,24.4,82,3
7/11/2016 3:00,25.6,74,2
7/11/2016 4:00,25,74,0
7/11/2016 5:00,23.3,82,4
7/11/2016 6:00,22.2,87,5
7/11/2016 7:00,23.9,82,4
7/11/2016 8:00,26.7,69,3
7/11/2016 9:00,28.3,63,2
7/11/2016 10:00,30.6,57,3
7/11/2016 11:00,32.2,50,2
7/11/2016 12:00,33.3,51,0
7/11/2016 13:00,34.4,43,0
7/11/2016 14:00,35,42,1
7/11/2016 15:00,35.6,40,1
7/11/2016 16:00,35.6,38,1
7/11/2016 17:00,35.6,42,0
7/11/2016 18:00,34.4,46,0
7/11/2016 19:00,32.8,52,0
7/11/2016 20:00,31.1,59,0
7/11/2016 21:00,29.4,65,0
7/11/2016 22:00,28.9,63,0
7/11/2016 23:00,28.3,63,0
7/12/2016 0:00,26.7,69,0
7/12/2016 1:00,26.1,72,3
7/12/2016 2:00,25.6,79,10
7/12/2016 3:00,26.1,74,1
7/12/2016 4:00,26.1,69,1
7/12/2016 5:00,25,74,0
7/12/2016 6:00,25,74,2
7/12/2016 7:00,25,79,6
7/12/2016 8:00,28.3,53,7
7/12/2016 9:00,30,50,8
7/12/2016 10:00,31.7,50,2
7/12/2016 11:00,33.3,49,0
7/12/2016 12:00,33.3,46,1
7/12/2016 13:00,35,39,2
7/12/2016 14:00,34.4,40,3
7/12/2016 15:00,36.1,37,5
7/12/2016 16:00,36.1,37,6
7/12/2016 17:00,35,42,4
7/12/2016 18:00,34.4,45,2
7/12/2016 19:00,32.8,50,2
7/12/2016 20:00,31.1,55,6
7/12/2016 21:00,30,61,2
7/12/2016 22:00,28.9,63,2
7/12/2016 23:00,27.8,65,0
7/13/2016 0:00,27.8,69,7
7/13/2016 1:00,26.1,77,8
7/13/2016 2:00,26.1,77,10
7/13/2016 3:00,26.1,77,10
7/13/2016 4:00,25,82,10
7/13/2016 5:00,23.9,88,10
7/13/2016 6:00,23.3,91,10
7/13/2016 7:00,24.4,88,10
7/13/2016 8:00,26.7,79,7
7/13/2016 9:00,28.9,67,6
7/13/2016 10:00,30,59,3
7/13/2016 11:00,31.7,48,4
7/13/2016 12:00,33.3,51,3
7/13/2016 13:00,33.3,51,2
7/13/2016 14:00,34.4,48,3
7/13/2016 15:00,34.4,48,3
7/13/2016 16:00,34.4,46,3
7/13/2016 17:00,34.4,46,2
7/13/2016 18:00,33.3,49,0
7/13/2016 19:00,31.7,56,0
7/13/2016 20:00,30.6,59,0
7/13/2016 21:00,28.9,65,0
7/13/2016 22:00,28.3,70,0
7/13/2016 23:00,27.2,77,0
7/14/2016 0:00,26.1,82,0
7/14/2016 1:00,26.1,79,8
7/14/2016 2:00,25.6,82,5
7/14/2016 3:00,25.6,82,0
7/14/2016 4:00,24.4,88,2
7/14/2016 5:00,24.4,91,3
7/14/2016 6:00,23.3,97,8
7/14/2016 7:00,25,90,9
7/14/2016 8:00,26.1,85,9
7/14/2016 9:00,27.8,74,7
7/14/2016 10:00,29.4,65,4
7/14/2016 11:00,30,63,2
7/14/2016 12:00,31.7,56,2
7/14/2016 13:00,32.8,54,3
7/14/2016 14:00,33.3,52,3
7/14/2016 15:00,33.3,51,3
7/14/2016 16:00,33.9,47,3
7/14/2016 17:00,30.6,57,2
7/14/2016 18:00,28.3,67,2
7/14/2016 19:00,28.3,67,3
7/14/2016 20:00,27.8,67,3
7/14/2016 21:00,26.7,74,2
7/14/2016 22:00,25.6,82,2
7/14/2016 23:00,25,88,2
7/15/2016 0:00,24.4,91,2
7/15/2016 1:00,24.4,88,1
7/15/2016 2:00,23.9,90,2
7/15/2016 3:00,24.4,88,10
7/15/2016 4:00,23.3,94,3
7/15/2016 5:00,23.3,91,9
7/15/2016 6:00,22.8,94,7
7/15/2016 7:00,23.9,94,10
7/15/2016 8:00,25,90,5
7/15/2016 9:00,27.2,79,4
7/15/2016 10:00,28.3,72,3
7/15/2016 11:00,29.4,65,9
7/15/2016 12:00,31.7,57,3
7/15/2016 13:00,32.2,50,4
7/15/2016 14:00,32.2,47,2
7/15/2016 15:00,32.8,47,4
7/15/2016 16:00,33.3,47,2
7/15/2016 17:00,33.3,44,3
7/15/2016 18:00,32.8,45,1
7/15/2016 19:00,31.7,50,2
7/15/2016 20:00,30,61,3
7/15/2016 21:00,28.9,65,9
7/15/2016 22:00,27.8,72,9
7/15/2016 23:00,26.1,79,9
7/16/2016 0:00,25.6,82,9
7/16/2016 1:00,25,84,9
7/16/2016 2:00,24.4,85,9
7/16/2016 3:00,23.9,88,9
7/16/2016 4:00,23.3,91,9
7/16/2016 5:00,23.3,94,9
7/16/2016 6:00,22.8,96,10
7/16/2016 7:00,23.9,94,10
7/16/2016 8:00,25.6,87,8
7/16/2016 9:00,28.3,72,4
7/16/2016 10:00,29.4,65,0
7/16/2016 11:00,31.7,56,0
7/16/2016 12:00,32.8,50,0
7/16/2016 13:00,33.3,47,4
7/16/2016 14:00,34.4,45,5
7/16/2016 15:00,34.4,40,2
7/16/2016 16:00,34.4,43,3
7/16/2016 17:00,33.9,46,3
7/16/2016 18:00,33.9,44,2
7/16/2016 19:00,32.2,50,0
7/16/2016 20:00,30.6,55,0
7/16/2016 21:00,29.4,61,0
7/16/2016 22:00,27.8,77,0
7/16/2016 23:00,27.2,74,2
7/17/2016 0:00,26.7,76,3
7/17/2016 1:00,25.6,82,2
7/17/2016 2:00,25.6,82,3
7/17/2016 3:00,25,88,3
7/17/2016 4:00,24.4,88,3
7/17/2016 5:00,23.9,90,3
7/17/2016 6:00,23.9,90,3
7/17/2016 7:00,25,84,2
7/17/2016 8:00,27.2,85,2
7/17/2016 9:00,30,63,2
7/17/2016 10:00,31.1,66,2
7/17/2016 11:00,31.7,63,2
7/17/2016 12:00,32.2,58,2
7/17/2016 13:00,33.9,49,3
7/17/2016 14:00,34.4,43,3
7/17/2016 15:00,35,42,3
7/17/2016 16:00,35.6,40,3
7/17/2016 17:00,35.6,39,2
7/17/2016 18:00,34.4,41,4
7/17/2016 19:00,32.8,47,3
7/17/2016 20:00,31.1,52,1
7/17/2016 21:00,30,55,2
7/17/2016 22:00,28.9,61,2
7/17/2016 23:00,27.2,67,3
7/18/2016 0:00,27.2,72,3
7/18/2016 1:00,26.7,74,4
7/18/2016 2:00,25.6,82,10
7/18/2016 3:00,25.6,79,10
7/18/2016 4:00,25,82,10
7/18/2016 5:00,23.9,90,10
7/18/2016 6:00,23.3,91,7
7/18/2016 7:00,25.6,82,10
7/18/2016 8:00,28.3,72,10
7/18/2016 9:00,30,63,10
7/18/2016 10:00,31.1,59,10
7/18/2016 11:00,32.2,56,10
7/18/2016 12:00,33.9,49,9
7/18/2016 13:00,33.9,47,9
7/18/2016 14:00,35,44,2
7/18/2016 15:00,35.6,45,3
7/18/2016 16:00,35,43,1
7/18/2016 17:00,35.6,42,1
7/18/2016 18:00,35,42,1
7/18/2016 19:00,33.3,49,1
7/18/2016 20:00,31.7,52,2
7/18/2016 21:00,31.1,54,2
7/18/2016 22:00,29.4,63,2
7/18/2016 23:00,28.3,70,1
7/19/2016 0:00,28.3,70,1
7/19/2016 1:00,27.2,72,1
7/19/2016 2:00,26.1,79,3
7/19/2016 3:00,25.6,82,10
7/19/2016 4:00,24.4,88,0
7/19/2016 5:00,24.4,85,0
7/19/2016 6:00,23.9,88,0
7/19/2016 7:00,25,84,6
7/19/2016 8:00,26.7,79,2
7/19/2016 9:00,28.9,70,1
7/19/2016 10:00,31.1,57,5
7/19/2016 11:00,32.8,49,4
7/19/2016 12:00,33.9,49,3
7/19/2016 13:00,35,44,2
7/19/2016 14:00,35,43,1
7/19/2016 15:00,35.6,42,2
7/19/2016 16:00,36.1,42,2
7/19/2016 17:00,35.6,43,2
7/19/2016 18:00,35,43,3
7/19/2016 19:00,33.3,51,3
7/19/2016 20:00,31.7,56,3
7/19/2016 21:00,30.6,59,3
7/19/2016 22:00,30,61,3
7/19/2016 23:00,28.3,70,3
7/20/2016 0:00,27.8,67,3
7/20/2016 1:00,26.7,74,3
7/20/2016 2:00,25.6,79,3
7/20/2016 3:00,25.6,85,3
7/20/2016 4:00,25,90,3
7/20/2016 5:00,25,90,3
7/20/2016 6:00,25,88,3
7/20/2016 7:00,25.6,87,3
7/20/2016 8:00,27.2,79,4
7/20/2016 9:00,28.9,70,4
7/20/2016 10:00,31.1,57,4
7/20/2016 11:00,32.2,56,3
7/20/2016 12:00,33.3,46,4
7/20/2016 13:00,35,40,4
7/20/2016 14:00,33.9,44,2
7/20/2016 15:00,35,42,3
7/20/2016 16:00,35.6,40,1
7/20/2016 17:00,35.6,38,0
7/20/2016 18:00,35,39,0
7/20/2016 19:00,33.9,41,0
7/20/2016 20:00,31.7,48,0
7/20/2016 21:00,30.6,55,0
7/20/2016 22:00,29.4,59,0
7/20/2016 23:00,27.8,69,0
7/21/2016 0:00,26.7,76,6
7/21/2016 1:00,25.6,85,4
7/21/2016 2:00,25,90,8
7/21/2016 3:00,25,90,0
7/21/2016 4:00,24.4,94,6
7/21/2016 5:00,24.4,97,8
7/21/2016 6:00,24.4,94,8
7/21/2016 7:00,25.6,90,9
7/21/2016 8:00,27.2,85,9
7/21/2016 9:00,27.8,77,10
7/21/2016 10:00,28.9,72,10
7/21/2016 11:00,30.6,68,2
7/21/2016 12:00,32.2,64,2
7/21/2016 13:00,34.4,55,3
7/21/2016 14:00,35.6,49,3
7/21/2016 15:00,36.1,46,2
7/21/2016 16:00,35.6,43,2
7/21/2016 17:00,36.1,42,2
7/21/2016 18:00,35,43,3
7/21/2016 19:00,33.9,49,2
7/21/2016 20:00,32.2,56,4
7/21/2016 21:00,31.1,63,5
7/21/2016 22:00,29.4,72,9
7/21/2016 23:00,28.3,77,7
7/22/2016 0:00,27.2,82,10
7/22/2016 1:00,26.1,88,10
7/22/2016 2:00,25.6,90,9
7/22/2016 3:00,26.1,88,10
7/22/2016 4:00,25.6,90,2
7/22/2016 5:00,25.6,90,9
7/22/2016 6:00,25,94,9
7/22/2016 7:00,25.6,90,10
7/22/2016 8:00,26.7,85,2
7/22/2016 9:00,28.9,70,2
7/22/2016 10:00,31.7,63,2
7/22/2016 11:00,32.2,58,2
7/22/2016 12:00,33.9,51,2
7/22/2016 13:00,35.6,46,4
7/22/2016 14:00,35.6,43,3
7/22/2016 15:00,36.1,41,3
7/22/2016 16:00,36.7,36,5
7/22/2016 17:00,36.1,38,5
7/22/2016 18:00,36.1,38,4
7/22/2016 19:00,34.4,46,4
7/22/2016 20:00,32.2,54,4
7/22/2016 21:00,30.6,63,3
7/22/2016 22:00,28.9,74,3
7/22/2016 23:00,27.8,79,3
7/23/2016 0:00,26.7,85,0
7/23/2016 1:00,26.1,88,2
7/23/2016 2:00,26.7,85,10
7/23/2016 3:00,26.1,88,10
7/23/2016 4:00,25.6,90,9
7/23/2016 5:00,25.6,90,6
7/23/2016 6:00,25.6,90,3
7/23/2016 7:00,26.1,88,9
7/23/2016 8:00,26.7,85,10
7/23/2016 9:00,27.8,79,10
7/23/2016 10:00,29.4,72,5
7/23/2016 11:00,31.7,61,5
7/23/2016 12:00,33.3,51,5
7/23/2016 13:00,35,46,6
7/23/2016 14:00,36.1,41,6
7/23/2016 15:00,36.1,35,8
7/23/2016 16:00,36.7,33,9
7/23/2016 17:00,36.1,35,8
7/23/2016 18:00,36.1,39,9
7/23/2016 19:00,34.4,48,10
7/23/2016 20:00,32.2,58,10
7/23/2016 21:00,30,67,10
7/23/2016 22:00,28.9,72,10
7/23/2016 23:00,27.8,72,10
7/24/2016 0:00,26.7,71,10
7/24/2016 1:00,25.6,79,8
7/24/2016 2:00,24.4,88,8
7/24/2016 3:00,23.9,90,9
7/24/2016 4:00,23.3,94,9
7/24/2016 5:00,23.9,94,9
7/24/2016 6:00,24.4,91,10
7/24/2016 7:00,25,90,9
7/24/2016 8:00,26.1,82,9
7/24/2016 9:00,27.8,72,9
7/24/2016 10:00,30,61,9
7/24/2016 11:00,32.2,52,9
7/24/2016 12:00,33.9,46,10
7/24/2016 13:00,34.4,43,10
7/24/2016 14:00,35.6,39,10
7/24/2016 15:00,36.1,35,9
7/24/2016 16:00,36.7,34,10
7/24/2016 17:00,36.7,34,10
7/24/2016 18:00,36.1,37,10
7/24/2016 19:00,34.4,37,10
7/24/2016 20:00,32.2,49,9
7/24/2016 21:00,30.6,50,9
7/24/2016 22:00,28.9,61,9
7/24/2016 23:00,27.2,74,10
7/25/2016 0:00,26.1,82,10
7/25/2016 1:00,26.1,85,9
7/25/2016 2:00,25,90,3
7/25/2016 3:00,24.4,97,5
7/25/2016 4:00,24.4,97,6
7/25/2016 5:00,24.4,97,8
7/25/2016 6:00,24.4,94,9
7/25/2016 7:00,25,94,10
7/25/2016 8:00,26.7,85,9
7/25/2016 9:00,28.9,72,6
7/25/2016 10:00,30.6,63,3
7/25/2016 11:00,32.2,56,3
7/25/2016 12:00,33.3,52,3
7/25/2016 13:00,35,48,2
7/25/2016 14:00,34.4,46,3
7/25/2016 15:00,35.6,43,2
7/25/2016 16:00,36.1,41,0
7/25/2016 17:00,36.1,41,0
7/25/2016 18:00,35.6,40,0
7/25/2016 19:00,34.4,45,2
7/25/2016 20:00,32.8,50,4
7/25/2016 21:00,31.7,54,4
7/25/2016 22:00,30,59,5
7/25/2016 23:00,28.9,70,5
7/26/2016 0:00,27.8,77,6
7/26/2016 1:00,26.7,85,7
7/26/2016 2:00,26.1,88,6
7/26/2016 3:00,26.1,88,10
7/26/2016 4:00,25.6,90,10
7/26/2016 5:00,25,94,9
7/26/2016 6:00,25,90,9
7/26/2016 7:00,26.1,77,10
7/26/2016 8:00,27.2,72,10
7/26/2016 9:00,29.4,59,3
7/26/2016 10:00,31.1,50,2
7/26/2016 11:00,32.8,54,6
7/26/2016 12:00,33.9,49,4
7/26/2016 13:00,35,44,4
7/26/2016 14:00,35.6,45,5
7/26/2016 15:00,36.1,38,7
7/26/2016 16:00,36.7,39,3
7/26/2016 17:00,36.7,38,3
7/26/2016 18:00,36.1,38,1
7/26/2016 19:00,35,42,3
7/26/2016 20:00,32.8,47,2
7/26/2016 21:00,31.1,55,0
7/26/2016 22:00,30,57,0
7/26/2016 23:00,28.9,63,3
7/27/2016 0:00,27.8,67,1
7/27/2016 1:00,26.7,71,0
7/27/2016 2:00,26.1,74,3
7/27/2016 3:00,25,82,10
7/27/2016 4:00,24.4,88,9
7/27/2016 5:00,23.9,90,10
7/27/2016 6:00,23.9,90,10
7/27/2016 7:00,24.4,91,10
7/27/2016 8:00,26.7,76,3
7/27/2016 9:00,28.9,65,2
7/27/2016 10:00,31.1,55,0
7/27/2016 11:00,32.8,52,0
7/27/2016 12:00,34.4,45,0
7/27/2016 13:00,35.6,42,0
7/27/2016 14:00,36.1,41,0
7/27/2016 15:00,36.7,39,1
7/27/2016 16:00,37.2,37,1
7/27/2016 17:00,37.2,38,1
7/27/2016 18:00,36.7,36,0
7/27/2016 19:00,35,42,0
7/27/2016 20:00,33.9,46,0
7/27/2016 21:00,31.7,54,0
7/27/2016 22:00,30,59,0
7/27/2016 23:00,28.9,65,7
7/28/2016 0:00,27.8,69,9
7/28/2016 1:00,26.7,74,10
7/28/2016 2:00,26.1,74,9
7/28/2016 3:00,25,82,9
7/28/2016 4:00,25,82,9
7/28/2016 5:00,24.4,85,10
7/28/2016 6:00,23.9,88,7
7/28/2016 7:00,25.6,79,9
7/28/2016 8:00,27.8,69,9
7/28/2016 9:00,29.4,63,5
7/28/2016 10:00,32.2,52,2
7/28/2016 11:00,33.3,49,0
7/28/2016 12:00,35,43,0
7/28/2016 13:00,36.7,39,0
7/28/2016 14:00,38.3,35,0
7/28/2016 15:00,38.9,32,0
7/28/2016 16:00,38.3,31,1
7/28/2016 17:00,38.9,29,1
7/28/2016 18:00,38.3,32,0
7/28/2016 19:00,36.1,37,0
7/28/2016 20:00,33.3,47,0
7/28/2016 21:00,31.7,52,0
7/28/2016 22:00,30,57,0
7/28/2016 23:00,29.4,57,0
7/29/2016 0:00,28.3,61,0
7/29/2016 1:00,28.3,65,4
7/29/2016 2:00,27.8,65,3
7/29/2016 3:00,27.8,63,9
7/29/2016 4:00,26.7,67,8
7/29/2016 5:00,25.6,71,6
7/29/2016 6:00,23.9,82,8
7/29/2016 7:00,26.1,69,8
7/29/2016 8:00,28.9,57,3
7/29/2016 9:00,31.7,50,2
7/29/2016 10:00,32.8,45,2
7/29/2016 11:00,30,65,0
7/29/2016 12:00,32.2,47,0
7/29/2016 13:00,33.3,49,3
7/29/2016 14:00,32.2,54,4
7/29/2016 15:00,28.3,65,5
7/29/2016 16:00,29.4,59,4
7/29/2016 17:00,30,53,4
7/29/2016 18:00,28.3,59,3
7/29/2016 19:00,27.2,62,9
7/29/2016 20:00,25.6,74,9
7/29/2016 21:00,25.6,74,2
7/29/2016 22:00,25.6,76,2
7/29/2016 23:00,25,82,2
7/30/2016 0:00,24.4,82,2
7/30/2016 1:00,24.4,88,2
7/30/2016 2:00,24.4,88,2
7/30/2016 3:00,24.4,88,2
7/30/2016 4:00,23.9,90,2
7/30/2016 5:00,23.9,88,3
7/30/2016 6:00,23.9,88,3
7/30/2016 7:00,23.9,88,3
7/30/2016 8:00,24.4,85,2
7/30/2016 9:00,26.7,76,2
7/30/2016 10:00,28.9,67,2
7/30/2016 11:00,30,63,3
7/30/2016 12:00,30,63,9
7/30/2016 13:00,31.1,57,9
7/30/2016 14:00,31.1,57,2
7/30/2016 15:00,31.1,59,3
7/30/2016 16:00,31.1,55,9
7/30/2016 17:00,32.2,52,9
7/30/2016 18:00,31.7,52,9
7/30/2016 19:00,30.6,57,10
7/30/2016 20:00,25.6,87,10
7/30/2016 21:00,23.9,96,10
7/30/2016 22:00,23.9,96,9
7/30/2016 23:00,23.9,96,9
7/31/2016 0:00,23.9,94,9
7/31/2016 1:00,23.9,94,10
7/31/2016 2:00,24.4,91,10
7/31/2016 3:00,24.4,91,10
7/31/2016 4:00,24.4,91,10
7/31/2016 5:00,25,88,10
7/31/2016 6:00,24.4,91,3
7/31/2016 7:00,25,88,10
7/31/2016 8:00,24.4,85,9
7/31/2016 9:00,25.6,79,2
7/31/2016 10:00,26.7,76,9
7/31/2016 11:00,26.7,74,10
7/31/2016 12:00,27.2,74,3
7/31/2016 13:00,28.9,67,9
7/31/2016 14:00,30,63,3
7/31/2016 15:00,31.1,55,2
7/31/2016 16:00,31.1,57,9
7/31/2016 17:00,28.9,65,9
7/31/2016 18:00,23.9,88,10
7/31/2016 19:00,25.6,87,9
7/31/2016 20:00,24.4,94,9
7/31/2016 21:00,26.1,88,10
7/31/2016 22:00,25.9,85,9
7/31/2016 23:00,25.6,96,10
8/1/2016 0:00,25.4,91,10
8/1/2016 1:00,25.1,94,3
8/1/2016 2:00,24.9,97,0
8/1/2016 3:00,24.6,96,0
8/1/2016 4:00,24.4,97,0
8/1/2016 5:00,24.4,97,0
8/1/2016 6:00,23.9,96,0
8/1/2016 7:00,25,96,0
8/1/2016 8:00,28.3,82,0
8/1/2016 9:00,30,72,0
8/1/2016 10:00,31.7,61,0
8/1/2016 11:00,32.8,61,4
8/1/2016 12:00,33.3,58,4
8/1/2016 13:00,34.4,53,4
8/1/2016 14:00,35,53,5
8/1/2016 15:00,35,54,5
8/1/2016 16:00,35.6,53,5
8/1/2016 17:00,34.4,55,6
8/1/2016 18:00,32.8,61,6
8/1/2016 19:00,32,71,5
8/1/2016 20:00,31,66,8
8/1/2016 21:00,29.4,77,9
8/1/2016 22:00,27.2,88,6
8/1/2016 23:00,26.1,90,4
8/2/2016 0:00,26.1,90,1
8/2/2016 1:00,25,94,5
8/2/2016 2:00,25,94,6
8/2/2016 3:00,25,94,8
8/2/2016 4:00,23.9,96,8
8/2/2016 5:00,23.9,96,6
8/2/2016 6:00,23.9,96,7
8/2/2016 7:00,24.4,97,7
8/2/2016 8:00,26.7,82,6
8/2/2016 9:00,28.9,70,1
8/2/2016 10:00,30.6,68,2
8/2/2016 11:00,32.2,62,4
8/2/2016 12:00,32.8,56,4
8/2/2016 13:00,33.9,54,3
8/2/2016 14:00,35,51,4
8/2/2016 15:00,35,51,4
8/2/2016 16:00,35.6,49,4
8/2/2016 17:00,35,53,4
8/2/2016 18:00,34.4,53,3
8/2/2016 19:00,32.8,61,5
8/2/2016 20:00,31.1,66,0
8/2/2016 21:00,29.4,75,0
8/2/2016 22:00,26.7,90,3
8/2/2016 23:00,26.7,87,3
8/3/2016 0:00,26.1,90,0
8/3/2016 1:00,26.1,90,0
8/3/2016 2:00,25.6,90,0
8/3/2016 3:00,25,94,0
8/3/2016 4:00,25,94,0
8/3/2016 5:00,23.3,100,0
8/3/2016 6:00,23.3,97,0
8/3/2016 7:00,25,94,8
8/3/2016 8:00,27.2,85,4
8/3/2016 9:00,30,67,0
8/3/2016 10:00,31.1,61,0
8/3/2016 11:00,32.2,62,4
8/3/2016 12:00,33.9,54,3
8/3/2016 13:00,34.4,51,4
8/3/2016 14:00,35,49,4
8/3/2016 15:00,35,49,4
8/3/2016 16:00,36.1,45,4
8/3/2016 17:00,35.6,48,4
8/3/2016 18:00,34.4,51,3
8/3/2016 19:00,33.3,56,2
8/3/2016 20:00,30.6,68,0
8/3/2016 21:00,28.3,77,0
8/3/2016 22:00,26.1,85,0
8/3/2016 23:00,25.6,87,0
8/4/2016 0:00,26.7,82,0
8/4/2016 1:00,26.1,85,0
8/4/2016 2:00,25,90,0
8/4/2016 3:00,24.4,94,0
8/4/2016 4:00,23.3,97,0
8/4/2016 5:00,23.3,97,0
8/4/2016 6:00,22.8,100,0
8/4/2016 7:00,24.4,94,0
8/4/2016 8:00,26.7,85,0
8/4/2016 9:00,29.4,70,0
8/4/2016 10:00,31.7,61,0
8/4/2016 11:00,32.2,59,3
8/4/2016 12:00,33.3,56,3
8/4/2016 13:00,33.9,54,3
8/4/2016 14:00,35,46,3
8/4/2016 15:00,35.6,48,3
8/4/2016 16:00,36.1,45,3
8/4/2016 17:00,35.6,48,3
8/4/2016 18:00,35,44,3
8/4/2016 19:00,31.1,68,5
8/4/2016 20:00,28.9,72,0
8/4/2016 21:00,27.2,79,0
8/4/2016 22:00,24.4,94,0
8/4/2016 23:00,24.4,91,0
8/5/2016 0:00,25,84,0
8/5/2016 1:00,25,88,0
8/5/2016 2:00,25,88,1
8/5/2016 3:00,23.9,94,2
8/5/2016 4:00,23.9,94,1
8/5/2016 5:00,22.2,97,0
8/5/2016 6:00,21.7,100,0
8/5/2016 7:00,24.4,91,0
8/5/2016 8:00,27.2,79,0
8/5/2016 9:00,30,65,5
8/5/2016 10:00,31.7,57,0
8/5/2016 11:00,34.4,49,0
8/5/2016 12:00,35,46,0
8/5/2016 13:00,35.6,45,3
8/5/2016 14:00,36.7,36,3
8/5/2016 15:00,37.2,38,3
8/5/2016 16:00,37.8,37,3
8/5/2016 17:00,36.7,45,4
8/5/2016 18:00,35.6,48,3
8/5/2016 19:00,35,44,9
8/5/2016 20:00,30,67,3
8/5/2016 21:00,28.9,72,0
8/5/2016 22:00,28.3,74,0
8/5/2016 23:00,27.2,79,0
8/6/2016 0:00,26.7,82,0
8/6/2016 1:00,25.6,90,0
8/6/2016 2:00,25,90,3
8/6/2016 3:00,23.9,96,0
8/6/2016 4:00,25,90,0
8/6/2016 5:00,24.4,94,0
8/6/2016 6:00,25,90,0
8/6/2016 7:00,26.7,79,0
8/6/2016 8:00,27.8,77,3
8/6/2016 9:00,29.4,72,8
8/6/2016 10:00,30.6,70,5
8/6/2016 11:00,32.8,64,5
8/6/2016 12:00,33.3,64,3
8/6/2016 13:00,33.3,64,8
8/6/2016 14:00,33.9,62,5
8/6/2016 15:00,33.9,62,6
8/6/2016 16:00,32.8,64,8
8/6/2016 17:00,31.7,65,9
8/6/2016 18:00,31.1,66,9
8/6/2016 19:00,30,70,10
8/6/2016 20:00,28.9,77,10
8/6/2016 21:00,27.8,79,10
8/6/2016 22:00,26.7,85,10
8/6/2016 23:00,26.7,79,10
8/7/2016 0:00,26.1,82,10
8/7/2016 1:00,23.9,96,9
8/7/2016 2:00,23.9,94,8
8/7/2016 3:00,23.9,94,9
8/7/2016 4:00,24.4,88,10
8/7/2016 5:00,23.9,84,9
8/7/2016 6:00,23.9,79,10
8/7/2016 7:00,23.3,82,10
8/7/2016 8:00,23.9,76,10
8/7/2016 9:00,23.9,76,10
8/7/2016 10:00,25,71,10
8/7/2016 11:00,26.1,65,10
8/7/2016 12:00,27.2,62,10
8/7/2016 13:00,29.4,59,8
8/7/2016 14:00,31.1,59,4
8/7/2016 15:00,32.2,52,3
8/7/2016 16:00,32.8,50,6
8/7/2016 17:00,32.2,52,8
8/7/2016 18:00,31.1,54,10
8/7/2016 19:00,30,59,10
8/7/2016 20:00,28.3,63,9
8/7/2016 21:00,26.7,71,8
8/7/2016 22:00,23.9,88,4
8/7/2016 23:00,26.1,69,10
8/8/2016 0:00,26.1,67,10
8/8/2016 1:00,25.6,69,10
8/8/2016 2:00,22.8,87,3
8/8/2016 3:00,22.2,91,8
8/8/2016 4:00,22.8,94,9
8/8/2016 5:00,23.9,84,10
8/8/2016 6:00,22.2,93,10
8/8/2016 7:00,23.3,94,10
8/8/2016 8:00,24.4,82,9
8/8/2016 9:00,25.6,76,8
8/8/2016 10:00,28.3,57,8
8/8/2016 11:00,29.4,55,9
8/8/2016 12:00,30,48,7
8/8/2016 13:00,30.6,50,8
8/8/2016 14:00,31.7,50,8
8/8/2016 15:00,33.3,49,8
8/8/2016 16:00,32.8,44,7
8/8/2016 17:00,33.3,46,5
8/8/2016 18:00,32.2,47,1
8/8/2016 19:00,30,50,5
8/8/2016 20:00,27.8,60,7
8/8/2016 21:00,26.7,67,8
8/8/2016 22:00,23.9,84,4
8/8/2016 23:00,22.8,90,6
8/9/2016 0:00,22.2,93,8
8/9/2016 1:00,22.8,87,8
8/9/2016 2:00,21.7,93,8
8/9/2016 3:00,21.7,93,9
8/9/2016 4:00,22.8,90,6
8/9/2016 5:00,22.8,94,10
8/9/2016 6:00,23.3,87,10
8/9/2016 7:00,23.9,90,9
8/9/2016 8:00,26.1,77,9
8/9/2016 9:00,28.3,67,9
8/9/2016 10:00,30,63,9
8/9/2016 11:00,31.7,54,7
8/9/2016 12:00,32.2,54,3
8/9/2016 13:00,33.3,51,9
8/9/2016 14:00,33.3,51,5
8/9/2016 15:00,33.3,49,6
8/9/2016 16:00,33.3,47,9
8/9/2016 17:00,32.8,49,7
8/9/2016 18:00,32.2,50,7
8/9/2016 19:00,31.1,55,5
8/9/2016 20:00,29.4,65,5
8/9/2016 21:00,28.3,67,5
8/9/2016 22:00,25,88,5
8/9/2016 23:00,26.1,74,5
8/10/2016 0:00,25,82,5
8/10/2016 1:00,24.4,85,9
8/10/2016 2:00,25,84,9
8/10/2016 3:00,24.4,91,8
8/10/2016 4:00,22.8,96,8
8/10/2016 5:00,22.8,100,6
8/10/2016 6:00,25,90,10
8/10/2016 7:00,25,90,10
8/10/2016 8:00,26.1,82,10
8/10/2016 9:00,29.4,70,4
8/10/2016 10:00,30.6,68,3
8/10/2016 11:00,32.2,56,3
8/10/2016 12:00,33.3,51,8
8/10/2016 13:00,33.3,49,4
8/10/2016 14:00,33.3,51,8
8/10/2016 15:00,34.4,48,5
8/10/2016 16:00,34.4,46,4
8/10/2016 17:00,31.1,68,8
8/10/2016 18:00,30,70,3
8/10/2016 19:00,28.3,77,5
8/10/2016 20:00,26.7,85,0
8/10/2016 21:00,26.1,88,0
8/10/2016 22:00,23.9,96,0
8/10/2016 23:00,23.3,97,0
8/11/2016 0:00,22.8,96,0
8/11/2016 1:00,23.3,97,0
8/11/2016 2:00,22.2,100,0
8/11/2016 3:00,22.2,100,0
8/11/2016 4:00,21.7,100,0
8/11/2016 5:00,21.1,100,0
8/11/2016 6:00,21.1,97,0
8/11/2016 7:00,22.8,96,0
8/11/2016 8:00,25.6,87,0
8/11/2016 9:00,28.3,74,0
8/11/2016 10:00,30.6,65,0
8/11/2016 11:00,32.8,56,3
8/11/2016 12:00,33.3,52,4
8/11/2016 13:00,31.7,68,7
8/11/2016 14:00,34.4,43,5
8/11/2016 15:00,35,43,5
8/11/2016 16:00,36.1,42,6
8/11/2016 17:00,35,49,7
8/11/2016 18:00,27.2,77,8
8/11/2016 19:00,26.7,74,6
8/11/2016 20:00,24.4,88,4
8/11/2016 21:00,25,84,0
8/11/2016 22:00,25,84,3
8/11/2016 23:00,24.4,79,4
8/12/2016 0:00,22.8,81,3
8/12/2016 1:00,22.2,82,1
8/12/2016 2:00,21.7,84,0
8/12/2016 3:00,21.1,84,0
8/12/2016 4:00,21.1,81,0
8/12/2016 5:00,20.6,81,0
8/12/2016 6:00,20,81,0
8/12/2016 7:00,20.6,81,0
8/12/2016 8:00,22.2,73,0
8/12/2016 9:00,23.9,64,3
8/12/2016 10:00,25.6,52,0
8/12/2016 11:00,27.2,41,0
8/12/2016 12:00,28.3,38,5
8/12/2016 13:00,30,36,3
8/12/2016 14:00,30.6,36,2
8/12/2016 15:00,30.6,37,0
8/12/2016 16:00,30.6,35,0
8/12/2016 17:00,30.6,36,0
8/12/2016 18:00,29.4,40,2
8/12/2016 19:00,27.2,45,3
8/12/2016 20:00,25.6,50,0
8/12/2016 21:00,19.4,81,0
8/12/2016 22:00,18.3,90,1
8/12/2016 23:00,18.9,84,4
8/13/2016 0:00,18.3,87,9
8/13/2016 1:00,17.8,90,7
8/13/2016 2:00,17.2,90,8
8/13/2016 3:00,17.2,90,1
8/13/2016 4:00,17.2,90,1
8/13/2016 5:00,16.7,93,0
8/13/2016 6:00,15.6,96,0
8/13/2016 7:00,17.8,90,1
8/13/2016 8:00,22.8,66,1
8/13/2016 9:00,25,56,0
8/13/2016 10:00,26.7,49,3
8/13/2016 11:00,27.8,46,6
8/13/2016 12:00,28.9,41,5
8/13/2016 13:00,29.4,42,2
8/13/2016 14:00,30.6,40,1
8/13/2016 15:00,31.1,38,3
8/13/2016 16:00,32.2,38,0
8/13/2016 17:00,31.1,40,0
8/13/2016 18:00,30.6,42,0
8/13/2016 19:00,27.2,54,5
8/13/2016 20:00,23.9,69,0
8/13/2016 21:00,22.2,76,0
8/13/2016 22:00,20.6,87,0
8/13/2016 23:00,20.6,81,0
8/14/2016 0:00,20,84,0
8/14/2016 1:00,18.3,93,0
8/14/2016 2:00,19.4,90,4
8/14/2016 3:00,17.8,100,2
8/14/2016 4:00,19.4,93,4
8/14/2016 5:00,17.8,96,1
8/14/2016 6:00,17.8,96,2
8/14/2016 7:00,19.4,93,0
8/14/2016 8:00,22.2,84,0
8/14/2016 9:00,25,71,0
8/14/2016 10:00,27.2,62,4
8/14/2016 11:00,27.8,58,3
8/14/2016 12:00,29.4,51,3
8/14/2016 13:00,30.6,48,5
8/14/2016 14:00,31.7,45,5
8/14/2016 15:00,31.1,45,5
8/14/2016 16:00,32.2,42,5
8/14/2016 17:00,31.7,44,5
8/14/2016 18:00,31.1,43,5
8/14/2016 19:00,28.9,49,5
8/14/2016 20:00,26.1,60,0
8/14/2016 21:00,25,64,0
8/14/2016 22:00,23.9,69,2
8/14/2016 23:00,22.2,71,0
8/15/2016 0:00,21.1,78,3
8/15/2016 1:00,20,84,1
8/15/2016 2:00,18.3,93,2
8/15/2016 3:00,18.9,90,1
8/15/2016 4:00,18.3,93,0
8/15/2016 5:00,17.2,100,0
8/15/2016 6:00,18.3,93,0
8/15/2016 7:00,18.9,93,0
8/15/2016 8:00,21.7,79,0
8/15/2016 9:00,24.4,69,0
8/15/2016 10:00,27.2,51,0
8/15/2016 11:00,28.3,49,7
8/15/2016 12:00,29.4,45,10
8/15/2016 13:00,30,43,10
8/15/2016 14:00,30.6,43,10
8/15/2016 15:00,31.1,38,10
8/15/2016 16:00,31.7,33,10
8/15/2016 17:00,31.1,34,10
8/15/2016 18:00,29.4,39,10
8/15/2016 19:00,27.2,47,10
8/15/2016 20:00,25.6,50,6
8/15/2016 21:00,23.9,57,6
8/15/2016 22:00,19.4,81,4
8/15/2016 23:00,18.9,81,2
8/16/2016 0:00,17.8,87,0
8/16/2016 1:00,16.7,93,0
8/16/2016 2:00,17.8,84,0
8/16/2016 3:00,17.2,87,0
8/16/2016 4:00,16.1,93,0
8/16/2016 5:00,15.6,96,0
8/16/2016 6:00,15.6,96,0
8/16/2016 7:00,17.8,93,0
8/16/2016 8:00,21.7,76,0
8/16/2016 9:00,25.6,56,0
8/16/2016 10:00,27.2,51,0
8/16/2016 11:00,29.4,45,0
8/16/2016 12:00,30,42,0
8/16/2016 13:00,30.6,39,0
8/16/2016 14:00,31.7,35,0
8/16/2016 15:00,32.2,33,0
8/16/2016 16:00,32.2,34,0
8/16/2016 17:00,31.7,35,0
8/16/2016 18:00,31.1,36,0
8/16/2016 19:00,28.3,48,3
8/16/2016 20:00,26.1,54,0
8/16/2016 21:00,24.4,60,0
8/16/2016 22:00,19.4,87,0
8/16/2016 23:00,20,78,0
8/17/2016 0:00,19.4,81,0
8/17/2016 1:00,17.2,97,0
8/17/2016 2:00,18.3,93,0
8/17/2016 3:00,17.2,100,0
8/17/2016 4:00,16.1,100,0
8/17/2016 5:00,16.7,100,0
8/17/2016 6:00,16.1,100,0
8/17/2016 7:00,18.3,97,0
8/17/2016 8:00,23.3,82,0
8/17/2016 9:00,26.1,62,0
8/17/2016 10:00,28.3,51,0
8/17/2016 11:00,29.4,45,0
8/17/2016 12:00,30.6,40,0
8/17/2016 13:00,31.1,39,3
8/17/2016 14:00,32.2,40,4
8/17/2016 15:00,32.8,37,6
8/17/2016 16:00,32.8,37,5
8/17/2016 17:00,32.8,36,3
8/17/2016 18:00,31.7,38,0
8/17/2016 19:00,30,43,5
8/17/2016 20:00,23.3,71,3
8/17/2016 21:00,21.7,79,1
8/17/2016 22:00,20,87,0
8/17/2016 23:00,21.1,76,0
8/18/2016 0:00,21.1,84,0
8/18/2016 1:00,19.4,97,0
8/18/2016 2:00,19.4,100,0
8/18/2016 3:00,20.6,93,0
8/18/2016 4:00,18.3,100,0
8/18/2016 5:00,18.9,100,0
8/18/2016 6:00,18.9,100,1
8/18/2016 7:00,20.6,96,2
8/18/2016 8:00,22.8,90,8
8/18/2016 9:00,24.4,91,10
8/18/2016 10:00,26.7,82,8
8/18/2016 11:00,28.9,70,8
8/18/2016 12:00,30.6,59,4
8/18/2016 13:00,31.7,56,8
8/18/2016 14:00,33.3,49,8
8/18/2016 15:00,33.3,51,8
8/18/2016 16:00,34.4,48,8
8/18/2016 17:00,27.2,85,8
8/18/2016 18:00,30,75,6
8/18/2016 19:00,28.9,70,9
8/18/2016 20:00,27.2,77,0
8/18/2016 21:00,27.2,79,7
8/18/2016 22:00,26.7,85,8
8/18/2016 23:00,26.7,82,9
8/19/2016 0:00,26.1,88,10
8/19/2016 1:00,25.6,93,10
8/19/2016 2:00,25.6,93,10
8/19/2016 3:00,25,96,10
8/19/2016 4:00,25.6,93,10
8/19/2016 5:00,25,96,8
8/19/2016 6:00,25,96,10
8/19/2016 7:00,25.6,96,10
8/19/2016 8:00,26.7,90,10
8/19/2016 9:00,28.3,79,9
8/19/2016 10:00,30,65,8
8/19/2016 11:00,30,65,9
8/19/2016 12:00,31.1,59,4
8/19/2016 13:00,34.4,48,6
8/19/2016 14:00,35,48,8
8/19/2016 15:00,36.1,43,8
8/19/2016 16:00,36.1,41,8
8/19/2016 17:00,35.6,43,8
8/19/2016 18:00,33.3,54,4
8/19/2016 19:00,31.7,59,5
8/19/2016 20:00,30,63,5
8/19/2016 21:00,28.9,70,7
8/19/2016 22:00,28.3,77,9
8/19/2016 23:00,23.9,79,10
8/20/2016 0:00,22.8,94,10
8/20/2016 1:00,23.3,91,10
8/20/2016 2:00,22.8,94,6
8/20/2016 3:00,22.8,94,3
8/20/2016 4:00,21.7,96,5
8/20/2016 5:00,21.7,96,2
8/20/2016 6:00,21.7,96,4
8/20/2016 7:00,23.3,94,3
8/20/2016 8:00,25,90,8
8/20/2016 9:00,29.4,70,4
8/20/2016 10:00,30,67,8
8/20/2016 11:00,32.2,59,4
8/20/2016 12:00,33.9,54,4
8/20/2016 13:00,35,49,8
8/20/2016 14:00,36.1,43,8
8/20/2016 15:00,36.1,42,8
8/20/2016 16:00,36.7,39,4
8/20/2016 17:00,36.1,41,4
8/20/2016 18:00,34.4,48,9
8/20/2016 19:00,32.8,54,10
8/20/2016 20:00,31.1,68,10
8/20/2016 21:00,30,72,10
8/20/2016 22:00,28.9,80,10
8/20/2016 23:00,28.3,82,10
8/21/2016 0:00,22.2,100,7
8/21/2016 1:00,22.8,96,9
8/21/2016 2:00,22.2,100,10
8/21/2016 3:00,22.8,100,6
8/21/2016 4:00,23.3,97,10
8/21/2016 5:00,23,100,10
8/21/2016 6:00,22.8,96,10
8/21/2016 7:00,22.2,97,10
8/21/2016 8:00,23.3,94,10
8/21/2016 9:00,25.6,85,10
8/21/2016 10:00,28.3,77,10
8/21/2016 11:00,30.6,70,9
8/21/2016 12:00,31.7,63,10
8/21/2016 13:00,32.2,56,10
8/21/2016 14:00,31.1,59,10
8/21/2016 15:00,31.7,59,10
8/21/2016 16:00,22.8,96,10
8/21/2016 17:00,23.9,94,10
8/21/2016 18:00,24.4,88,10
8/21/2016 19:00,23.9,94,9
8/21/2016 20:00,22.8,94,10
8/21/2016 21:00,22.2,97,10
8/21/2016 22:00,22.8,96,9
8/21/2016 23:00,23.3,94,5
8/22/2016 0:00,22.8,96,3
8/22/2016 1:00,22.8,96,5
8/22/2016 2:00,22.2,100,5
8/22/2016 3:00,22.8,100,10
8/22/2016 4:00,22.8,100,8
8/22/2016 5:00,22.2,100,8
8/22/2016 6:00,22.8,100,9
8/22/2016 7:00,23.3,100,8
8/22/2016 8:00,25,96,9
8/22/2016 9:00,27.2,91,8
8/22/2016 10:00,28.3,82,9
8/22/2016 11:00,29.4,75,9
8/22/2016 12:00,28.9,77,8
8/22/2016 13:00,27.8,88,6
8/22/2016 14:00,28.3,79,7
8/22/2016 15:00,31.1,68,8
8/22/2016 16:00,31.7,61,8
8/22/2016 17:00,29.4,68,9
8/22/2016 18:00,27.8,79,8
8/22/2016 19:00,26.7,87,9
8/22/2016 20:00,26.1,88,10
8/22/2016 21:00,25.6,93,10
8/22/2016 22:00,26.1,94,10
8/22/2016 23:00,25,100,10
8/23/2016 0:00,25,100,7
8/23/2016 1:00,25.6,96,10
8/23/2016 2:00,25.6,96,10
8/23/2016 3:00,25.6,100,8
8/23/2016 4:00,25.6,100,10
8/23/2016 5:00,25.6,96,9
8/23/2016 6:00,25.6,96,9
8/23/2016 7:00,25.6,96,9
8/23/2016 8:00,26.1,97,8
8/23/2016 9:00,28.3,82,9
8/23/2016 10:00,28.9,74,8
8/23/2016 11:00,30,70,8
8/23/2016 12:00,31.7,61,5
8/23/2016 13:00,32.2,59,6
8/23/2016 14:00,32.8,56,4
8/23/2016 15:00,32.8,56,4
8/23/2016 16:00,31.7,56,4
8/23/2016 17:00,32.8,54,8
8/23/2016 18:00,31.7,59,3
8/23/2016 19:00,27.8,77,5
8/23/2016 20:00,26.7,85,4
8/23/2016 21:00,26.7,87,3
8/23/2016 22:00,26.1,94,0
8/23/2016 23:00,25.6,96,0
8/24/2016 0:00,26.1,94,10
8/24/2016 1:00,26.1,97,8
8/24/2016 2:00,26.1,94,8
8/24/2016 3:00,26.1,94,4
8/24/2016 4:00,25.6,96,2
8/24/2016 5:00,25,100,3
8/24/2016 6:00,25,96,3
8/24/2016 7:00,25.6,93,4
8/24/2016 8:00,27,89,8
8/24/2016 9:00,28.3,79,8
8/24/2016 10:00,28.9,72,8
8/24/2016 11:00,31.7,63,4
8/24/2016 12:00,32.8,57,3
8/24/2016 13:00,33.3,58,4
8/24/2016 14:00,34.4,55,4
8/24/2016 15:00,35,51,4
8/24/2016 16:00,34.4,51,4
8/24/2016 17:00,34.4,49,4
8/24/2016 18:00,33.9,49,3
8/24/2016 19:00,31.1,61,3
8/24/2016 20:00,30,65,0
8/24/2016 21:00,28.9,72,0
8/24/2016 22:00,27.8,82,0
8/24/2016 23:00,27.2,85,1
8/25/2016 0:00,26.7,90,10
8/25/2016 1:00,26.7,90,10
8/25/2016 2:00,26.7,90,10
8/25/2016 3:00,26.1,94,8
8/25/2016 4:00,25.6,96,8
8/25/2016 5:00,25,96,4
8/25/2016 6:00,24.4,100,4
8/25/2016 7:00,25,96,4
8/25/2016 8:00,27.2,85,4
8/25/2016 9:00,28.3,74,8
8/25/2016 10:00,30.6,63,4
8/25/2016 11:00,31.7,57,4
8/25/2016 12:00,32.8,52,4
8/25/2016 13:00,33.9,51,3
8/25/2016 14:00,35,48,3
8/25/2016 15:00,35,44,3
8/25/2016 16:00,35.6,42,3
8/25/2016 17:00,35,43,3
8/25/2016 18:00,33.9,47,3
8/25/2016 19:00,29.4,63,10
8/25/2016 20:00,28.9,65,5
8/25/2016 21:00,28.9,67,10
8/25/2016 22:00,28.3,77,10
8/25/2016 23:00,27.8,82,10
8/26/2016 0:00,26.7,87,10
8/26/2016 1:00,26.1,94,10
8/26/2016 2:00,26.7,90,10
8/26/2016 3:00,26.1,94,10
8/26/2016 4:00,26,89,10
8/26/2016 5:00,25.6,93,10
8/26/2016 6:00,25.6,93,9
8/26/2016 7:00,26.1,90,10
8/26/2016 8:00,27.2,85,10
8/26/2016 9:00,29.4,75,10
8/26/2016 10:00,31.1,63,6
8/26/2016 11:00,32.2,58,6
8/26/2016 12:00,33.9,51,4
8/26/2016 13:00,34.4,48,6
8/26/2016 14:00,35.6,39,6
8/26/2016 15:00,35.6,39,4
8/26/2016 16:00,36.1,35,4
8/26/2016 17:00,35.6,35,4
8/26/2016 18:00,34.4,40,4
8/26/2016 19:00,32.2,49,4
8/26/2016 20:00,30.6,53,0
8/26/2016 21:00,28.9,59,0
8/26/2016 22:00,27.8,72,0
8/26/2016 23:00,26.7,82,0
8/27/2016 0:00,26.1,90,10
8/27/2016 1:00,26.1,88,8
8/27/2016 2:00,26.1,88,8
8/27/2016 3:00,26.1,90,8
8/27/2016 4:00,26.1,88,8
8/27/2016 5:00,25.6,90,4
8/27/2016 6:00,25,94,4
8/27/2016 7:00,25,96,3
8/27/2016 8:00,27.2,82,4
8/27/2016 9:00,27.8,77,3
8/27/2016 10:00,30,65,5
8/27/2016 11:00,32.2,56,4
8/27/2016 12:00,32.8,52,5
8/27/2016 13:00,33.9,49,5
8/27/2016 14:00,35,48,4
8/27/2016 15:00,35.6,45,6
8/27/2016 16:00,34.4,48,6
8/27/2016 17:00,34.4,46,5
8/27/2016 18:00,33.3,51,4
8/27/2016 19:00,32.2,56,5
8/27/2016 20:00,30.6,63,8
8/27/2016 21:00,29.4,70,5
8/27/2016 22:00,27.8,77,5
8/27/2016 23:00,27.2,79,5
8/28/2016 0:00,25.6,87,5
8/28/2016 1:00,25,90,5
8/28/2016 2:00,23.9,96,5
8/28/2016 3:00,24,100,8
8/28/2016 4:00,24.4,97,8
8/28/2016 5:00,24.4,97,6
8/28/2016 6:00,23.9,100,6
8/28/2016 7:00,24.4,97,8
8/28/2016 8:00,25.6,96,8
8/28/2016 9:00,27.2,85,8
8/28/2016 10:00,29.4,72,8
8/28/2016 11:00,30.6,63,6
8/28/2016 12:00,32.2,56,6
8/28/2016 13:00,33.9,54,9
8/28/2016 14:00,32.2,59,7
8/28/2016 15:00,31.7,61,9
8/28/2016 16:00,31.7,57,10
8/28/2016 17:00,31.7,59,9
8/28/2016 18:00,25.6,79,10
8/28/2016 19:00,23.9,84,10
8/28/2016 20:00,23.9,88,10
8/28/2016 21:00,25,84,9
8/28/2016 22:00,24.4,88,10
8/28/2016 23:00,23.9,90,10
8/29/2016 0:00,23.9,94,7
8/29/2016 1:00,23.9,90,10
8/29/2016 2:00,23.3,94,10
8/29/2016 3:00,22.8,96,9
8/29/2016 4:00,22.8,96,9
8/29/2016 5:00,22.8,96,9
8/29/2016 6:00,22.8,96,10
8/29/2016 7:00,22.8,96,10
8/29/2016 8:00,25,84,10
8/29/2016 9:00,26.1,77,10
8/29/2016 10:00,27.8,72,10
8/29/2016 11:00,28.9,70,10
8/29/2016 12:00,30,67,9
8/29/2016 13:00,31.1,61,8
8/29/2016 14:00,32.2,56,4
8/29/2016 15:00,32.8,54,4
8/29/2016 16:00,33.3,52,4
8/29/2016 17:00,32.8,52,4
8/29/2016 18:00,31.7,56,4
8/29/2016 19:00,27.8,74,10
8/29/2016 20:00,25,84,4
8/29/2016 21:00,23.9,90,0
8/29/2016 22:00,23.3,91,0
8/29/2016 23:00,23.3,85,4
8/30/2016 0:00,22.2,91,0
8/30/2016 1:00,21.7,93,0
8/30/2016 2:00,21.7,93,8
8/30/2016 3:00,21.7,96,8
8/30/2016 4:00,21.1,100,8
8/30/2016 5:00,21.1,97,4
8/30/2016 6:00,20.6,100,4
8/30/2016 7:00,22.2,93,0
8/30/2016 8:00,25.6,82,0
8/30/2016 9:00,27.2,72,0
8/30/2016 10:00,29.4,61,0
8/30/2016 11:00,30.6,46,5
8/30/2016 12:00,32.2,41,4
8/30/2016 13:00,32.8,42,5
8/30/2016 14:00,33.9,41,5
8/30/2016 15:00,34.4,41,4
8/30/2016 16:00,33.3,40,3
8/30/2016 17:00,32.2,42,3
8/30/2016 18:00,31.7,45,5
8/30/2016 19:00,28.9,53,5
8/30/2016 20:00,27.2,61,4
8/30/2016 21:00,23.3,82,0
8/30/2016 22:00,21.1,90,0
8/30/2016 23:00,20,90,0
8/31/2016 0:00,20,93,0
8/31/2016 1:00,19.4,93,3
8/31/2016 2:00,21.1,84,3
8/31/2016 3:00,20,93,3
8/31/2016 4:00,20,90,0
8/31/2016 5:00,19.4,97,0
8/31/2016 6:00,19.4,93,3
8/31/2016 7:00,21.7,90,3
8/31/2016 8:00,23.9,76,3
8/31/2016 9:00,26.1,67,1
8/31/2016 10:00,28.3,57,0
8/31/2016 11:00,30,53,3
8/31/2016 12:00,31.1,47,3
8/31/2016 13:00,32.2,42,4
8/31/2016 14:00,32.8,39,4
8/31/2016 15:00,32.8,39,3
8/31/2016 16:00,31.7,39,3
8/31/2016 17:00,30.6,42,4
8/31/2016 18:00,30,43,7
8/31/2016 19:00,27.8,53,9
8/31/2016 20:00,26.1,58,3
8/31/2016 21:00,24.4,64,3
8/31/2016 22:00,24.4,81,0
8/31/2016 23:00,24.4,90,1
