Time,Avearge kW/sqm
6/1/2016 0:00,0.004870312
6/1/2016 1:00,0.004600517
6/1/2016 2:00,0.004609337
6/1/2016 3:00,0.004507646
6/1/2016 4:00,0.004625421
6/1/2016 5:00,0.004484298
6/1/2016 6:00,0.004818428
6/1/2016 7:00,0.004826211
6/1/2016 8:00,0.005318586
6/1/2016 9:00,0.005468011
6/1/2016 10:00,0.005614841
6/1/2016 11:00,0.005905389
6/1/2016 12:00,0.005915766
6/1/2016 13:00,0.0058919
6/1/2016 14:00,0.005889824
6/1/2016 15:00,0.005858175
6/1/2016 16:00,0.005829639
6/1/2016 17:00,0.005482366
6/1/2016 18:00,0.005364243
6/1/2016 19:00,0.005261514
6/1/2016 20:00,0.004900404
6/1/2016 21:00,0.004653438
6/1/2016 22:00,0.004539813
6/1/2016 23:00,0.004511796
6/2/2016 0:00,0.004548634
6/2/2016 1:00,0.004562642
6/2/2016 2:00,0.00443449
6/2/2016 3:00,0.004424113
6/2/2016 4:00,0.004425151
6/2/2016 5:00,0.004414774
6/2/2016 6:00,0.004672117
6/2/2016 7:00,0.004805976
6/2/2016 8:00,0.005006247
6/2/2016 9:00,0.005256844
6/2/2016 10:00,0.005498103
6/2/2016 11:00,0.00569993
6/2/2016 12:00,0.006153912
6/2/2016 13:00,0.005945858
6/2/2016 14:00,0.005883598
6/2/2016 15:00,0.006071936
6/2/2016 16:00,0.005939114
6/2/2016 17:00,0.005328963
6/2/2016 18:00,0.005412495
6/2/2016 19:00,0.00524543
6/2/2016 20:00,0.004733339
6/2/2016 21:00,0.004791449
6/2/2016 22:00,0.004556416
6/2/2016 23:00,0.00458132
6/3/2016 0:00,0.004470289
6/3/2016 1:00,0.004535144
6/3/2016 2:00,0.00435874
6/3/2016 3:00,0.004280914
6/3/2016 4:00,0.004363928
6/3/2016 5:00,0.00463476
6/3/2016 6:00,0.004756168
6/3/2016 7:00,0.004969928
6/3/2016 8:00,0.005277598
6/3/2016 9:00,0.005444663
6/3/2016 10:00,0.005920435
6/3/2016 11:00,0.006168439
6/3/2016 12:00,0.006020571
6/3/2016 13:00,0.006008638
6/3/2016 14:00,0.006146129
6/3/2016 15:00,0.005783463
6/3/2016 16:00,0.005718608
6/3/2016 17:00,0.005442588
6/3/2016 18:00,0.005362687
6/3/2016 19:00,0.005176944
6/3/2016 20:00,0.004891065
6/3/2016 21:00,0.004703766
6/3/2016 22:00,0.004889509
6/3/2016 23:00,0.004514909
6/4/2016 0:00,0.004766026
6/4/2016 1:00,0.004551747
6/4/2016 2:00,0.0043852
6/4/2016 3:00,0.004538776
6/4/2016 4:00,0.004446942
6/4/2016 5:00,0.00447444
6/4/2016 6:00,0.004282471
6/4/2016 7:00,0.004205683
6/4/2016 8:00,0.004242002
6/4/2016 9:00,0.004387276
6/4/2016 10:00,0.004560048
6/4/2016 11:00,0.004580283
6/4/2016 12:00,0.004817909
6/4/2016 13:00,0.004812202
6/4/2016 14:00,0.004829843
6/4/2016 15:00,0.004899885
6/4/2016 16:00,0.004824654
6/4/2016 17:00,0.004797675
6/4/2016 18:00,0.004801307
6/4/2016 19:00,0.004825692
6/4/2016 20:00,0.004802863
6/4/2016 21:00,0.004926346
6/4/2016 22:00,0.004896772
6/4/2016 23:00,0.004772252
6/5/2016 0:00,0.004735414
6/5/2016 1:00,0.004467176
6/5/2016 2:00,0.004539813
6/5/2016 3:00,0.004534106
6/5/2016 4:00,0.004468733
6/5/2016 5:00,0.004505051
6/5/2016 6:00,0.004413217
6/5/2016 7:00,0.004288697
6/5/2016 8:00,0.004351995
6/5/2016 9:00,0.004399728
6/5/2016 10:00,0.004651882
6/5/2016 11:00,0.004641505
6/5/2016 12:00,0.004870312
6/5/2016 13:00,0.005199254
6/5/2016 14:00,0.004716736
6/5/2016 15:00,0.004965259
6/5/2016 16:00,0.005080959
6/5/2016 17:00,0.004929459
6/5/2016 18:00,0.004948137
6/5/2016 19:00,0.004840738
6/5/2016 20:00,0.004832956
6/5/2016 21:00,0.004861492
6/5/2016 22:00,0.004921158
6/5/2016 23:00,0.004639949
6/6/2016 0:00,0.004591697
6/6/2016 1:00,0.004495712
6/6/2016 2:00,0.004497269
6/6/2016 3:00,0.004470289
6/6/2016 4:00,0.004551747
6/6/2016 5:00,0.004584433
6/6/2016 6:00,0.004932053
6/6/2016 7:00,0.004968891
6/6/2016 8:00,0.005211187
6/6/2016 9:00,0.005609134
6/6/2016 10:00,0.005737286
6/6/2016 11:00,0.006203201
6/6/2016 12:00,0.006148723
6/6/2016 13:00,0.006199569
6/6/2016 14:00,0.006195418
6/6/2016 15:00,0.006118112
6/6/2016 16:00,0.006076086
6/6/2016 17:00,0.005897607
6/6/2016 18:00,0.005862845
6/6/2016 19:00,0.005671394
6/6/2016 20:00,0.004962146
6/6/2016 21:00,0.004932572
6/6/2016 22:00,0.004872906
6/6/2016 23:00,0.004650844
6/7/2016 0:00,0.004674192
6/7/2016 1:00,0.004533587
6/7/2016 2:00,0.004439678
6/7/2016 3:00,0.004477553
6/7/2016 4:00,0.004556416
6/7/2016 5:00,0.004604668
6/7/2016 6:00,0.004850596
6/7/2016 7:00,0.005012473
6/7/2016 8:00,0.005129211
6/7/2016 9:00,0.005497065
6/7/2016 10:00,0.005847798
6/7/2016 11:00,0.006076605
6/7/2016 12:00,0.005961942
6/7/2016 13:00,0.00605222
6/7/2016 14:00,0.005956235
6/7/2016 15:00,0.006307487
6/7/2016 16:00,0.005751814
6/7/2016 17:00,0.005585786
6/7/2016 18:00,0.005338302
6/7/2016 19:00,0.00520548
6/7/2016 20:00,0.00482673
6/7/2016 21:00,0.004717255
6/7/2016 22:00,0.004772771
6/7/2016 23:00,0.004604149
6/8/2016 0:00,0.004646175
6/8/2016 1:00,0.004541889
6/8/2016 2:00,0.004670041
6/8/2016 3:00,0.004542926
6/8/2016 4:00,0.004629053
6/8/2016 5:00,0.004610375
6/8/2016 6:00,0.004832437
6/8/2016 7:00,0.00495592
6/8/2016 8:00,0.005256326
6/8/2016 9:00,0.005560882
6/8/2016 10:00,0.00597647
6/8/2016 11:00,0.005914209
6/8/2016 12:00,0.006276357
6/8/2016 13:00,0.00643979
6/8/2016 14:00,0.006251972
6/8/2016 15:00,0.005821857
6/8/2016 16:00,0.005707713
6/8/2016 17:00,0.005664649
6/8/2016 18:00,0.005319105
6/8/2016 19:00,0.005278636
6/8/2016 20:00,0.004845408
6/8/2016 21:00,0.004840738
6/8/2016 22:00,0.004910262
6/8/2016 23:00,0.004723481
6/9/2016 0:00,0.004772252
6/9/2016 1:00,0.004759281
6/9/2016 2:00,0.004691832
6/9/2016 3:00,0.004622308
6/9/2016 4:00,0.004617639
6/9/2016 5:00,0.004682493
6/9/2016 6:00,0.004927903
6/9/2016 7:00,0.004797156
6/9/2016 8:00,0.005138031
6/9/2016 9:00,0.005687478
6/9/2016 10:00,0.005955716
6/9/2016 11:00,0.006231737
6/9/2016 12:00,0.006436677
6/9/2016 13:00,0.006673266
6/9/2016 14:00,0.006343806
6/9/2016 15:00,0.006090095
6/9/2016 16:00,0.005868552
6/9/2016 17:00,0.005510555
6/9/2016 18:00,0.005539091
6/9/2016 19:00,0.005038415
6/9/2016 20:00,0.004895216
6/9/2016 21:00,0.00483555
6/9/2016 22:00,0.00494243
6/9/2016 23:00,0.004895216
6/10/2016 0:00,0.004838663
6/10/2016 1:00,0.004524248
6/10/2016 2:00,0.004691313
6/10/2016 3:00,0.004567831
6/10/2016 4:00,0.00450557
6/10/2016 5:00,0.004584952
6/10/2016 6:00,0.004913375
6/10/2016 7:00,0.004910262
6/10/2016 8:00,0.005205999
6/10/2016 9:00,0.005445182
6/10/2016 10:00,0.005721203
6/10/2016 11:00,0.005813555
6/10/2016 12:00,0.006068823
6/10/2016 13:00,0.005946377
6/10/2016 14:00,0.006049626
6/10/2016 15:00,0.005742994
6/10/2016 16:00,0.005576966
6/10/2016 17:00,0.005410939
6/10/2016 18:00,0.005271891
6/10/2016 19:00,0.005166567
6/10/2016 20:00,0.004672635
6/10/2016 21:00,0.004668485
6/10/2016 22:00,0.004576132
6/10/2016 23:00,0.004551228
6/11/2016 0:00,0.004601036
6/11/2016 1:00,0.004644099
6/11/2016 2:00,0.004556935
6/11/2016 3:00,0.004463026
6/11/2016 4:00,0.004447461
6/11/2016 5:00,0.004554341
6/11/2016 6:00,0.004469771
6/11/2016 7:00,0.004291291
6/11/2016 8:00,0.004141347
6/11/2016 9:00,0.004290772
6/11/2016 10:00,0.004563161
6/11/2016 11:00,0.004561086
6/11/2016 12:00,0.00462594
6/11/2016 13:00,0.004662259
6/11/2016 14:00,0.004814278
6/11/2016 15:00,0.004694945
6/11/2016 16:00,0.004940873
6/11/2016 17:00,0.004952288
6/11/2016 18:00,0.004841776
6/11/2016 19:00,0.005089261
6/11/2016 20:00,0.004578726
6/11/2016 21:00,0.004861492
6/11/2016 22:00,0.004560567
6/11/2016 23:00,0.004503495
6/12/2016 0:00,0.004649288
6/12/2016 1:00,0.004396096
6/12/2016 2:00,0.004450055
6/12/2016 3:00,0.00459014
6/12/2016 4:00,0.004410623
6/12/2016 5:00,0.00418908
6/12/2016 6:00,0.004360296
6/12/2016 7:00,0.004203608
6/12/2016 8:00,0.00414446
6/12/2016 9:00,0.004325015
6/12/2016 10:00,0.004770176
6/12/2016 11:00,0.004863048
6/12/2016 12:00,0.004512315
6/12/2016 13:00,0.004616601
6/12/2016 14:00,0.004530474
6/12/2016 15:00,0.00475513
6/12/2016 16:00,0.004646175
6/12/2016 17:00,0.004464063
6/12/2016 18:00,0.004466658
6/12/2016 19:00,0.004343693
6/12/2016 20:00,0.004493637
6/12/2016 21:00,0.004480147
6/12/2016 22:00,0.004800269
6/12/2016 23:00,0.004491562
6/13/2016 0:00,0.004451092
6/13/2016 1:00,0.004493637
6/13/2016 2:00,0.004436565
6/13/2016 3:00,0.00425186
6/13/2016 4:00,0.004318789
6/13/2016 5:00,0.004490524
6/13/2016 6:00,0.004768101
6/13/2016 7:00,0.004787817
6/13/2016 8:00,0.004983937
6/13/2016 9:00,0.005498103
6/13/2016 10:00,0.005623661
6/13/2016 11:00,0.006035617
6/13/2016 12:00,0.006066747
6/13/2016 13:00,0.005937557
6/13/2016 14:00,0.006065191
6/13/2016 15:00,0.005965574
6/13/2016 16:00,0.00576686
6/13/2016 17:00,0.005706156
6/13/2016 18:00,0.00523194
6/13/2016 19:00,0.005565033
6/13/2016 20:00,0.004725038
6/13/2016 21:00,0.004664853
6/13/2016 22:00,0.005015586
6/13/2016 23:00,0.00471518
6/14/2016 0:00,0.004771214
6/14/2016 1:00,0.004498825
6/14/2016 2:00,0.00466174
6/14/2016 3:00,0.004446423
6/14/2016 4:00,0.004452649
6/14/2016 5:00,0.004677305
6/14/2016 6:00,0.004626459
6/14/2016 7:00,0.005032189
6/14/2016 8:00,0.004833474
6/14/2016 9:00,0.005680215
6/14/2016 10:00,0.005959867
6/14/2016 11:00,0.0058919
6/14/2016 12:00,0.005879966
6/14/2016 13:00,0.006006562
6/14/2016 14:00,0.005946377
6/14/2016 15:00,0.00596765
6/14/2016 16:00,0.005684884
6/14/2016 17:00,0.005580598
6/14/2016 18:00,0.005186283
6/14/2016 19:00,0.005351791
6/14/2016 20:00,0.004827767
6/14/2016 21:00,0.00501818
6/14/2016 22:00,0.004736452
6/14/2016 23:00,0.004391426
6/15/2016 0:00,0.004378974
6/15/2016 1:00,0.00442982
6/15/2016 2:00,0.004439678
6/15/2016 3:00,0.004456281
6/15/2016 4:00,0.004750461
6/15/2016 5:00,0.004848002
6/15/2016 6:00,0.004925308
6/15/2016 7:00,0.004726594
6/15/2016 8:00,0.004865642
6/15/2016 9:00,0.005135437
6/15/2016 10:00,0.005674507
6/15/2016 11:00,0.006052739
6/15/2016 12:00,0.005885155
6/15/2016 13:00,0.006017977
6/15/2016 14:00,0.005990997
6/15/2016 15:00,0.005938595
6/15/2016 16:00,0.005738324
6/15/2016 17:00,0.005251656
6/15/2016 18:00,0.005197178
6/15/2016 19:00,0.005272928
6/15/2016 20:00,0.004991201
6/15/2016 21:00,0.004707397
6/15/2016 22:00,0.004567312
6/15/2016 23:00,0.004541889
6/16/2016 0:00,0.004402841
6/16/2016 1:00,0.004651882
6/16/2016 2:00,0.004439159
6/16/2016 3:00,0.004262236
6/16/2016 4:00,0.004669522
6/16/2016 5:00,0.004457318
6/16/2016 6:00,0.004718812
6/16/2016 7:00,0.005115721
6/16/2016 8:00,0.005426504
6/16/2016 9:00,0.005576966
6/16/2016 10:00,0.005769973
6/16/2016 11:00,0.005886192
6/16/2016 12:00,0.005955716
6/16/2016 13:00,0.006258198
6/16/2016 14:00,0.006170514
6/16/2016 15:00,0.005855581
6/16/2016 16:00,0.005752333
6/16/2016 17:00,0.005608096
6/16/2016 18:00,0.005634557
6/16/2016 19:00,0.00557541
6/16/2016 20:00,0.005075252
6/16/2016 21:00,0.004968891
6/16/2016 22:00,0.004658627
6/16/2016 23:00,0.004787817
6/17/2016 0:00,0.004658108
6/17/2016 1:00,0.004729188
6/17/2016 2:00,0.004570944
6/17/2016 3:00,0.004488449
6/17/2016 4:00,0.004577688
6/17/2016 5:00,0.004775884
6/17/2016 6:00,0.005216375
6/17/2016 7:00,0.005176425
6/17/2016 8:00,0.005330519
6/17/2016 9:00,0.005470086
6/17/2016 10:00,0.005648047
6/17/2016 11:00,0.005914209
6/17/2016 12:00,0.005782425
6/17/2016 13:00,0.005831715
6/17/2016 14:00,0.00598529
6/17/2016 15:00,0.006155468
6/17/2016 16:00,0.005603427
6/17/2016 17:00,0.005436362
6/17/2016 18:00,0.00559305
6/17/2016 19:00,0.005185764
6/17/2016 20:00,0.004957476
6/17/2016 21:00,0.004753574
6/17/2016 22:00,0.004726594
6/17/2016 23:00,0.004443829
6/18/2016 0:00,0.004782629
6/18/2016 1:00,0.004459913
6/18/2016 2:00,0.004341099
6/18/2016 3:00,0.004624384
6/18/2016 4:00,0.004472884
6/18/2016 5:00,0.004662777
6/18/2016 6:00,0.004545521
6/18/2016 7:00,0.004306856
6/18/2016 8:00,0.004274169
6/18/2016 9:00,0.004574575
6/18/2016 10:00,0.0044568
6/18/2016 11:00,0.004481704
6/18/2016 12:00,0.004691313
6/18/2016 13:00,0.004656551
6/18/2016 14:00,0.004628534
6/18/2016 15:00,0.004603111
6/18/2016 16:00,0.004886396
6/18/2016 17:00,0.004810646
6/18/2016 18:00,0.004805976
6/18/2016 19:00,0.00457717
6/18/2016 20:00,0.004516985
6/18/2016 21:00,0.004605187
6/18/2016 22:00,0.004464063
6/18/2016 23:00,0.004534106
6/19/2016 0:00,0.004520616
6/19/2016 1:00,0.004493118
6/19/2016 2:00,0.004485854
6/19/2016 3:00,0.004451092
6/19/2016 4:00,0.00451906
6/19/2016 5:00,0.004470289
6/19/2016 6:00,0.004486373
6/19/2016 7:00,0.004402322
6/19/2016 8:00,0.004415812
6/19/2016 9:00,0.004447979
6/19/2016 10:00,0.004549152
6/19/2016 11:00,0.004618158
6/19/2016 12:00,0.004619195
6/19/2016 13:00,0.004744235
6/19/2016 14:00,0.004725557
6/19/2016 15:00,0.004717774
6/19/2016 16:00,0.004897291
6/19/2016 17:00,0.00483088
6/19/2016 18:00,0.0049113
6/19/2016 19:00,0.004936204
6/19/2016 20:00,0.004854228
6/19/2016 21:00,0.004866161
6/19/2016 22:00,0.004885358
6/19/2016 23:00,0.004860454
6/20/2016 0:00,0.004627497
6/20/2016 1:00,0.004583396
6/20/2016 2:00,0.004605706
6/20/2016 3:00,0.004537219
6/20/2016 4:00,0.004756687
6/20/2016 5:00,0.004689238
6/20/2016 6:00,0.004868755
6/20/2016 7:00,0.005384478
6/20/2016 8:00,0.005957792
6/20/2016 9:00,0.006003449
6/20/2016 10:00,0.006145091
6/20/2016 11:00,0.006673785
6/20/2016 12:00,0.006267537
6/20/2016 13:00,0.006548227
6/20/2016 14:00,0.006992869
6/20/2016 15:00,0.00684552
6/20/2016 16:00,0.00646677
6/20/2016 17:00,0.006058965
6/20/2016 18:00,0.005785019
6/20/2016 19:00,0.005720165
6/20/2016 20:00,0.005090817
6/20/2016 21:00,0.005047754
6/20/2016 22:00,0.004950731
6/20/2016 23:00,0.004768101
6/21/2016 0:00,0.004671079
6/21/2016 1:00,0.004650844
6/21/2016 2:00,0.004592216
6/21/2016 3:00,0.004549152
6/21/2016 4:00,0.004540851
6/21/2016 5:00,0.004713623
6/21/2016 6:00,0.005120909
6/21/2016 7:00,0.005104826
6/21/2016 8:00,0.005299908
6/21/2016 9:00,0.005651679
6/21/2016 10:00,0.005956754
6/21/2016 11:00,0.006065191
6/21/2016 12:00,0.00665355
6/21/2016 13:00,0.006313194
6/21/2016 14:00,0.006264424
6/21/2016 15:00,0.006185042
6/21/2016 16:00,0.006143535
6/21/2016 17:00,0.005916285
6/21/2016 18:00,0.005631444
6/21/2016 19:00,0.0052501
6/21/2016 20:00,0.004885358
6/21/2016 21:00,0.004703247
6/21/2016 22:00,0.004986531
6/21/2016 23:00,0.004739046
6/22/2016 0:00,0.004691832
6/22/2016 1:00,0.004557454
6/22/2016 2:00,0.004518022
6/22/2016 3:00,0.00456368
6/22/2016 4:00,0.004591697
6/22/2016 5:00,0.004557973
6/22/2016 6:00,0.005001577
6/22/2016 7:00,0.00488017
6/22/2016 8:00,0.005308209
6/22/2016 9:00,0.005514706
6/22/2016 10:00,0.005962461
6/22/2016 11:00,0.006440309
6/22/2016 12:00,0.006218247
6/22/2016 13:00,0.0058561
6/22/2016 14:00,0.00605222
6/22/2016 15:00,0.006359889
6/22/2016 16:00,0.005866995
6/22/2016 17:00,0.005867514
6/22/2016 18:00,0.005680733
6/22/2016 19:00,0.005402637
6/22/2016 20:00,0.005129211
6/22/2016 21:00,0.004940355
6/22/2016 22:00,0.004731264
6/22/2016 23:00,0.004633723
6/23/2016 0:00,0.004601036
6/23/2016 1:00,0.004587546
6/23/2016 2:00,0.004634242
6/23/2016 3:00,0.004584952
6/23/2016 4:00,0.004586509
6/23/2016 5:00,0.004700652
6/23/2016 6:00,0.004855266
6/23/2016 7:00,0.004992757
6/23/2016 8:00,0.005134918
6/23/2016 9:00,0.005537535
6/23/2016 10:00,0.006005525
6/23/2016 11:00,0.006020571
6/23/2016 12:00,0.006010713
6/23/2016 13:00,0.005702006
6/23/2016 14:00,0.005827564
6/23/2016 15:00,0.005750257
6/23/2016 16:00,0.005659461
6/23/2016 17:00,0.005499141
6/23/2016 18:00,0.005634038
6/23/2016 19:00,0.005394336
6/23/2016 20:00,0.00501351
6/23/2016 21:00,0.005160341
6/23/2016 22:00,0.004959033
6/23/2016 23:00,0.004812202
6/24/2016 0:00,0.004823617
6/24/2016 1:00,0.00465292
6/24/2016 2:00,0.004691313
6/24/2016 3:00,0.004620752
6/24/2016 4:00,0.004682493
6/24/2016 5:00,0.004676786
6/24/2016 6:00,0.004946581
6/24/2016 7:00,0.004819985
6/24/2016 8:00,0.005000193
6/24/2016 9:00,0.005546874
6/24/2016 10:00,0.006160656
6/24/2016 11:00,0.006077643
6/24/2016 12:00,0.006251453
6/24/2016 13:00,0.006035098
6/24/2016 14:00,0.005907983
6/24/2016 15:00,0.00597647
6/24/2016 16:00,0.005626774
6/24/2016 17:00,0.005430136
6/24/2016 18:00,0.005359055
6/24/2016 19:00,0.005143738
6/24/2016 20:00,0.004759281
6/24/2016 21:00,0.004655514
6/24/2016 22:00,0.004674711
6/24/2016 23:00,0.004488449
6/25/2016 0:00,0.004577688
6/25/2016 1:00,0.004538776
6/25/2016 2:00,0.004408029
6/25/2016 3:00,0.004473921
6/25/2016 4:00,0.004383644
6/25/2016 5:00,0.004439678
6/25/2016 6:00,0.004221248
6/25/2016 7:00,0.004294923
6/25/2016 8:00,0.004383125
6/25/2016 9:00,0.004432933
6/25/2016 10:00,0.004560567
6/25/2016 11:00,0.004597404
6/25/2016 12:00,0.004614007
6/25/2016 13:00,0.004556416
6/25/2016 14:00,0.004789892
6/25/2016 15:00,0.004872906
6/25/2016 16:00,0.00485786
6/25/2016 17:00,0.004876019
6/25/2016 18:00,0.004758243
6/25/2016 19:00,0.004857341
6/25/2016 20:00,0.00483088
6/25/2016 21:00,0.004770176
6/25/2016 22:00,0.004673673
6/25/2016 23:00,0.004718812
6/26/2016 0:00,0.004591178
6/26/2016 1:00,0.004510759
6/26/2016 2:00,0.004491043
6/26/2016 3:00,0.00442982
6/26/2016 4:00,0.004457318
6/26/2016 5:00,0.004431896
6/26/2016 6:00,0.004322421
6/26/2016 7:00,0.004305818
6/26/2016 8:00,0.004277801
6/26/2016 9:00,0.004333836
6/26/2016 10:00,0.004396615
6/26/2016 11:00,0.004695464
6/26/2016 12:00,0.004634242
6/26/2016 13:00,0.004645137
6/26/2016 14:00,0.004761356
6/26/2016 15:00,0.004853709
6/26/2016 16:00,0.004984456
6/26/2016 17:00,0.00482206
6/26/2016 18:00,0.00496007
6/26/2016 19:00,0.005010397
6/26/2016 20:00,0.00497356
6/26/2016 21:00,0.004860973
6/26/2016 22:00,0.004790411
6/26/2016 23:00,0.004707397
6/27/2016 0:00,0.004649288
6/27/2016 1:00,0.004503495
6/27/2016 2:00,0.004436046
6/27/2016 3:00,0.004571462
6/27/2016 4:00,0.00452788
6/27/2016 5:00,0.004676267
6/27/2016 6:00,0.004752017
6/27/2016 7:00,0.004882245
6/27/2016 8:00,0.005347641
6/27/2016 9:00,0.005328444
6/27/2016 10:00,0.005696298
6/27/2016 11:00,0.006243151
6/27/2016 12:00,0.005943264
6/27/2016 13:00,0.006281026
6/27/2016 14:00,0.006585583
6/27/2016 15:00,0.006516578
6/27/2016 16:00,0.006282064
6/27/2016 17:00,0.006221879
6/27/2016 18:00,0.005739362
6/27/2016 19:00,0.005635595
6/27/2016 20:00,0.005097043
6/27/2016 21:00,0.004994314
6/27/2016 22:00,0.004858379
6/27/2016 23:00,0.005002615
6/28/2016 0:00,0.004819985
6/28/2016 1:00,0.00466174
6/28/2016 2:00,0.004734896
6/28/2016 3:00,0.004671079
6/28/2016 4:00,0.004593772
6/28/2016 5:00,0.00479093
6/28/2016 6:00,0.005182651
6/28/2016 7:00,0.005194584
6/28/2016 8:00,0.005549987
6/28/2016 9:00,0.005926143
6/28/2016 10:00,0.006400359
6/28/2016 11:00,0.006485967
6/28/2016 12:00,0.00641748
6/28/2016 13:00,0.00651554
6/28/2016 14:00,0.006330835
6/28/2016 15:00,0.006276357
6/28/2016 16:00,0.006055333
6/28/2016 17:00,0.005834309
6/28/2016 18:00,0.00577153
6/28/2016 19:00,0.005698893
6/28/2016 20:00,0.005008841
6/28/2016 21:00,0.005020255
6/28/2016 22:00,0.004926346
6/28/2016 23:00,0.00485786
6/29/2016 0:00,0.004812202
6/29/2016 1:00,0.004731783
6/29/2016 2:00,0.004726594
6/29/2016 3:00,0.004810646
6/29/2016 4:00,0.004639949
6/29/2016 5:00,0.004644618
6/29/2016 6:00,0.005099637
6/29/2016 7:00,0.005140625
6/29/2016 8:00,0.005810961
6/29/2016 9:00,0.006006043
6/29/2016 10:00,0.006499975
6/29/2016 11:00,0.006646806
6/29/2016 12:00,0.006753686
6/29/2016 13:00,0.006726706
6/29/2016 14:00,0.006709585
6/29/2016 15:00,0.006949287
6/29/2016 16:00,0.006564311
6/29/2016 17:00,0.00639984
6/29/2016 18:00,0.006036136
6/29/2016 19:00,0.005749739
6/29/2016 20:00,0.004968891
6/29/2016 21:00,0.004825173
6/29/2016 22:00,0.004945543
6/29/2016 23:00,0.004744235
6/30/2016 0:00,0.004659664
6/30/2016 1:00,0.004452649
6/30/2016 2:00,0.004642024
6/30/2016 3:00,0.004550709
6/30/2016 4:00,0.004711029
6/30/2016 5:00,0.004957476
6/30/2016 6:00,0.005164492
6/30/2016 7:00,0.005087185
6/30/2016 8:00,0.005469048
6/30/2016 9:00,0.005986328
6/30/2016 10:00,0.006367153
6/30/2016 11:00,0.006239001
6/30/2016 12:00,0.006527992
6/30/2016 13:00,0.006277395
6/30/2016 14:00,0.006421631
6/30/2016 15:00,0.006412811
6/30/2016 16:00,0.006480259
6/30/2016 17:00,0.006023165
6/30/2016 18:00,0.005726391
6/30/2016 19:00,0.005756483
6/30/2016 20:00,0.005015586
6/30/2016 21:00,0.004900404
6/30/2016 22:00,0.004945024
6/30/2016 23:00,0.00488432
7/1/2016 0:00,0.004852671
7/1/2016 1:00,0.004788336
7/1/2016 2:00,0.004669004
7/1/2016 3:00,0.004697021
7/1/2016 4:00,0.004749423
7/1/2016 5:00,0.004926346
7/1/2016 6:00,0.005264627
7/1/2016 7:00,0.005254769
7/1/2016 8:00,0.005635076
7/1/2016 9:00,0.005848317
7/1/2016 10:00,0.006096321
7/1/2016 11:00,0.006522804
7/1/2016 12:00,0.006532662
7/1/2016 13:00,0.006322533
7/1/2016 14:00,0.006372341
7/1/2016 15:00,0.006265461
7/1/2016 16:00,0.006034061
7/1/2016 17:00,0.005873221
7/1/2016 18:00,0.005562958
7/1/2016 19:00,0.005421315
7/1/2016 20:00,0.004984975
7/1/2016 21:00,0.004852671
7/1/2016 22:00,0.004695464
7/1/2016 23:00,0.004475478
7/2/2016 0:00,0.00438987
7/2/2016 1:00,0.004430858
7/2/2016 2:00,0.004566793
7/2/2016 3:00,0.004460432
7/2/2016 4:00,0.004390389
7/2/2016 5:00,0.004534106
7/2/2016 6:00,0.004329166
7/2/2016 7:00,0.004208277
7/2/2016 8:00,0.004291291
7/2/2016 9:00,0.004272613
7/2/2016 10:00,0.004426188
7/2/2016 11:00,0.00456368
7/2/2016 12:00,0.004757206
7/2/2016 13:00,0.004464582
7/2/2016 14:00,0.004599998
7/2/2016 15:00,0.0045725
7/2/2016 16:00,0.004593253
7/2/2016 17:00,0.004579245
7/2/2016 18:00,0.004520616
7/2/2016 19:00,0.004480147
7/2/2016 20:00,0.00447911
7/2/2016 21:00,0.004502976
7/2/2016 22:00,0.004392983
7/2/2016 23:00,0.004555897
7/3/2016 0:00,0.004498307
7/3/2016 1:00,0.004398171
7/3/2016 2:00,0.004455243
7/3/2016 3:00,0.004333317
7/3/2016 4:00,0.004363928
7/3/2016 5:00,0.004412699
7/3/2016 6:00,0.00414446
7/3/2016 7:00,0.004171959
7/3/2016 8:00,0.004220211
7/3/2016 9:00,0.004230068
7/3/2016 10:00,0.004324497
7/3/2016 11:00,0.004328128
7/3/2016 12:00,0.004529437
7/3/2016 13:00,0.004553303
7/3/2016 14:00,0.004579764
7/3/2016 15:00,0.004744235
7/3/2016 16:00,0.004856303
7/3/2016 17:00,0.004781591
7/3/2016 18:00,0.004641505
7/3/2016 19:00,0.004548634
7/3/2016 20:00,0.00460363
7/3/2016 21:00,0.004672635
7/3/2016 22:00,0.004621789
7/3/2016 23:00,0.004637873
7/4/2016 0:00,0.004399209
7/4/2016 1:00,0.004467695
7/4/2016 2:00,0.004433971
7/4/2016 3:00,0.004420481
7/4/2016 4:00,0.004428264
7/4/2016 5:00,0.00455019
7/4/2016 6:00,0.004375861
7/4/2016 7:00,0.00431827
7/4/2016 8:00,0.004371711
7/4/2016 9:00,0.004362372
7/4/2016 10:00,0.004615045
7/4/2016 11:00,0.004650844
7/4/2016 12:00,0.005015586
7/4/2016 13:00,0.004791449
7/4/2016 14:00,0.004948656
7/4/2016 15:00,0.005058649
7/4/2016 16:00,0.00508044
7/4/2016 17:00,0.00490248
7/4/2016 18:00,0.005019737
7/4/2016 19:00,0.004801825
7/4/2016 20:00,0.004819985
7/4/2016 21:00,0.004919082
7/4/2016 22:00,0.00488899
7/4/2016 23:00,0.00494243
7/5/2016 0:00,0.004720368
7/5/2016 1:00,0.004847483
7/5/2016 2:00,0.004683531
7/5/2016 3:00,0.004762394
7/5/2016 4:00,0.004899367
7/5/2016 5:00,0.00492012
7/5/2016 6:00,0.00542806
7/5/2016 7:00,0.005299908
7/5/2016 8:00,0.005716533
7/5/2016 9:00,0.006375455
7/5/2016 10:00,0.006280508
7/5/2016 11:00,0.00659596
7/5/2016 12:00,0.006388425
7/5/2016 13:00,0.006315788
7/5/2016 14:00,0.006456393
7/5/2016 15:00,0.006716848
7/5/2016 16:00,0.006337579
7/5/2016 17:00,0.006285177
7/5/2016 18:00,0.006140941
7/5/2016 19:00,0.005848836
7/5/2016 20:00,0.005009879
7/5/2016 21:00,0.004840738
7/5/2016 22:00,0.004991201
7/5/2016 23:00,0.004897291
7/6/2016 0:00,0.004850077
7/6/2016 1:00,0.004856822
7/6/2016 2:00,0.004766545
7/6/2016 3:00,0.004836587
7/6/2016 4:00,0.004844889
7/6/2016 5:00,0.004920639
7/6/2016 6:00,0.005288493
7/6/2016 7:00,0.005416646
7/6/2016 8:00,0.005711345
7/6/2016 9:00,0.006041843
7/6/2016 10:00,0.006292441
7/6/2016 11:00,0.006282064
7/6/2016 12:00,0.006359371
7/6/2016 13:00,0.006525917
7/6/2016 14:00,0.006521766
7/6/2016 15:00,0.006737602
7/6/2016 16:00,0.006446016
7/6/2016 17:00,0.006116555
7/6/2016 18:00,0.0058561
7/6/2016 19:00,0.005774124
7/6/2016 20:00,0.005158785
7/6/2016 21:00,0.004922195
7/6/2016 22:00,0.004974598
7/6/2016 23:00,0.004868236
7/7/2016 0:00,0.004791449
7/7/2016 1:00,0.004687163
7/7/2016 2:00,0.004824654
7/7/2016 3:00,0.004648769
7/7/2016 4:00,0.004847483
7/7/2016 5:00,0.004931534
7/7/2016 6:00,0.005356461
7/7/2016 7:00,0.005476831
7/7/2016 8:00,0.00580681
7/7/2016 9:00,0.006427338
7/7/2016 10:00,0.006567943
7/7/2016 11:00,0.00678741
7/7/2016 12:00,0.006761468
7/7/2016 13:00,0.006643174
7/7/2016 14:00,0.006896884
7/7/2016 15:00,0.006639542
7/7/2016 16:00,0.006696095
7/7/2016 17:00,0.00655134
7/7/2016 18:00,0.00637286
7/7/2016 19:00,0.006061559
7/7/2016 20:00,0.005423391
7/7/2016 21:00,0.005436881
7/7/2016 22:00,0.005235572
7/7/2016 23:00,0.005161898
7/8/2016 0:00,0.00500936
7/8/2016 1:00,0.004997427
7/8/2016 2:00,0.004966815
7/8/2016 3:00,0.00488432
7/8/2016 4:00,0.004912338
7/8/2016 5:00,0.004914932
7/8/2016 6:00,0.005365281
7/8/2016 7:00,0.00575804
7/8/2016 8:00,0.005795396
7/8/2016 9:00,0.006051182
7/8/2016 10:00,0.006617751
7/8/2016 11:00,0.007002727
7/8/2016 12:00,0.006624496
7/8/2016 13:00,0.006649919
7/8/2016 14:00,0.007067581
7/8/2016 15:00,0.006886508
7/8/2016 16:00,0.006599592
7/8/2016 17:00,0.006255085
7/8/2016 18:00,0.005942227
7/8/2016 19:00,0.006068304
7/8/2016 20:00,0.005132324
7/8/2016 21:00,0.004927903
7/8/2016 22:00,0.004928421
7/8/2016 23:00,0.004845408
7/9/2016 0:00,0.004847483
7/9/2016 1:00,0.004818428
7/9/2016 2:00,0.0048397
7/9/2016 3:00,0.004749423
7/9/2016 4:00,0.004651882
7/9/2016 5:00,0.00476395
7/9/2016 6:00,0.004789373
7/9/2016 7:00,0.004673673
7/9/2016 8:00,0.00461712
7/9/2016 9:00,0.004669522
7/9/2016 10:00,0.004907149
7/9/2016 11:00,0.004874462
7/9/2016 12:00,0.005113646
7/9/2016 13:00,0.005198735
7/9/2016 14:00,0.005063319
7/9/2016 15:00,0.00520963
7/9/2016 16:00,0.0050986
7/9/2016 17:00,0.005141663
7/9/2016 18:00,0.00503582
7/9/2016 19:00,0.004796118
7/9/2016 20:00,0.004645137
7/9/2016 21:00,0.004845927
7/9/2016 22:00,0.004777959
7/9/2016 23:00,0.004772771
7/10/2016 0:00,0.004726594
7/10/2016 1:00,0.004581839
7/10/2016 2:00,0.004582877
7/10/2016 3:00,0.004605706
7/10/2016 4:00,0.004524248
7/10/2016 5:00,0.004513353
7/10/2016 6:00,0.004616601
7/10/2016 7:00,0.004395058
7/10/2016 8:00,0.004533587
7/10/2016 9:00,0.004588065
7/10/2016 10:00,0.004693389
7/10/2016 11:00,0.00477744
7/10/2016 12:00,0.004694426
7/10/2016 13:00,0.004773808
7/10/2016 14:00,0.004964221
7/10/2016 15:00,0.004982899
7/10/2016 16:00,0.004788336
7/10/2016 17:00,0.0048755
7/10/2016 18:00,0.004851634
7/10/2016 19:00,0.004939317
7/10/2016 20:00,0.004931016
7/10/2016 21:00,0.004745272
7/10/2016 22:00,0.004733339
7/10/2016 23:00,0.004679899
7/11/2016 0:00,0.00484437
7/11/2016 1:00,0.004484298
7/11/2016 2:00,0.004594291
7/11/2016 3:00,0.004580801
7/11/2016 4:00,0.004584433
7/11/2016 5:00,0.004719849
7/11/2016 6:00,0.005128692
7/11/2016 7:00,0.005192509
7/11/2016 8:00,0.005740918
7/11/2016 9:00,0.005981139
7/11/2016 10:00,0.006525917
7/11/2016 11:00,0.006731376
7/11/2016 12:00,0.006369747
7/11/2016 13:00,0.006340693
7/11/2016 14:00,0.006401915
7/11/2016 15:00,0.006116555
7/11/2016 16:00,0.006094245
7/11/2016 17:00,0.006030948
7/11/2016 18:00,0.005965574
7/11/2016 19:00,0.006095802
7/11/2016 20:00,0.005423391
7/11/2016 21:00,0.004997945
7/11/2016 22:00,0.004965259
7/11/2016 23:00,0.004921158
7/12/2016 0:00,0.00507629
7/12/2016 1:00,0.004838663
7/12/2016 2:00,0.004717255
7/12/2016 3:00,0.004785742
7/12/2016 4:00,0.004694426
7/12/2016 5:00,0.005063319
7/12/2016 6:00,0.005327925
7/12/2016 7:00,0.005364243
7/12/2016 8:00,0.005725872
7/12/2016 9:00,0.006000855
7/12/2016 10:00,0.006512946
7/12/2016 11:00,0.006674304
7/12/2016 12:00,0.00671633
7/12/2016 13:00,0.007013104
7/12/2016 14:00,0.00662242
7/12/2016 15:00,0.006518653
7/12/2016 16:00,0.006387388
7/12/2016 17:00,0.00609217
7/12/2016 18:00,0.006099434
7/12/2016 19:00,0.00584261
7/12/2016 20:00,0.005278636
7/12/2016 21:00,0.005061243
7/12/2016 22:00,0.005033745
7/12/2016 23:00,0.004911819
7/13/2016 0:00,0.004921677
7/13/2016 1:00,0.005097043
7/13/2016 2:00,0.004828805
7/13/2016 3:00,0.004909743
7/13/2016 4:00,0.004920639
7/13/2016 5:00,0.005213262
7/13/2016 6:00,0.005573853
7/13/2016 7:00,0.005674507
7/13/2016 8:00,0.005776199
7/13/2016 9:00,0.006112405
7/13/2016 10:00,0.006308525
7/13/2016 11:00,0.006701802
7/13/2016 12:00,0.006459506
7/13/2016 13:00,0.006415924
7/13/2016 14:00,0.006833587
7/13/2016 15:00,0.006929052
7/13/2016 16:00,0.006691944
7/13/2016 17:00,0.006323571
7/13/2016 18:00,0.005914728
7/13/2016 19:00,0.005826526
7/13/2016 20:00,0.005007284
7/13/2016 21:00,0.005113646
7/13/2016 22:00,0.00486201
7/13/2016 23:00,0.0047598
7/14/2016 0:00,0.004998983
7/14/2016 1:00,0.004601555
7/14/2016 2:00,0.004697021
7/14/2016 3:00,0.004689757
7/14/2016 4:00,0.004795081
7/14/2016 5:00,0.005014548
7/14/2016 6:00,0.005291606
7/14/2016 7:00,0.004950213
7/14/2016 8:00,0.005770492
7/14/2016 9:00,0.006069341
7/14/2016 10:00,0.006523323
7/14/2016 11:00,0.00659596
7/14/2016 12:00,0.006689869
7/14/2016 13:00,0.006380643
7/14/2016 14:00,0.006566386
7/14/2016 15:00,0.006647324
7/14/2016 16:00,0.006372341
7/14/2016 17:00,0.006309044
7/14/2016 18:00,0.005898126
7/14/2016 19:00,0.005883598
7/14/2016 20:00,0.005213262
7/14/2016 21:00,0.005128692
7/14/2016 22:00,0.00505398
7/14/2016 23:00,0.004807014
7/15/2016 0:00,0.004787817
7/15/2016 1:00,0.004647212
7/15/2016 2:00,0.004548115
7/15/2016 3:00,0.00459481
7/15/2016 4:00,0.004760319
7/15/2016 5:00,0.004816872
7/15/2016 6:00,0.005146332
7/15/2016 7:00,0.005429617
7/15/2016 8:00,0.00562418
7/15/2016 9:00,0.006001374
7/15/2016 10:00,0.006541482
7/15/2016 11:00,0.006643693
7/15/2016 12:00,0.006598035
7/15/2016 13:00,0.006719443
7/15/2016 14:00,0.006781703
7/15/2016 15:00,0.007073289
7/15/2016 16:00,0.006480778
7/15/2016 17:00,0.006088019
7/15/2016 18:00,0.005914209
7/15/2016 19:00,0.006075049
7/15/2016 20:00,0.005042046
7/15/2016 21:00,0.004854228
7/15/2016 22:00,0.004660702
7/15/2016 23:00,0.0048397
7/16/2016 0:00,0.004761356
7/16/2016 1:00,0.004845927
7/16/2016 2:00,0.004744235
7/16/2016 3:00,0.004568868
7/16/2016 4:00,0.004595848
7/16/2016 5:00,0.004789892
7/16/2016 6:00,0.004379493
7/16/2016 7:00,0.0045725
7/16/2016 8:00,0.004494156
7/16/2016 9:00,0.004450055
7/16/2016 10:00,0.004533587
7/16/2016 11:00,0.004540851
7/16/2016 12:00,0.004891584
7/16/2016 13:00,0.004816353
7/16/2016 14:00,0.005030113
7/16/2016 15:00,0.004957995
7/16/2016 16:00,0.004983418
7/16/2016 17:00,0.005042046
7/16/2016 18:00,0.005126617
7/16/2016 19:00,0.005118834
7/16/2016 20:00,0.004945543
7/16/2016 21:00,0.00498238
7/16/2016 22:00,0.005060725
7/16/2016 23:00,0.004997427
7/17/2016 0:00,0.005087185
7/17/2016 1:00,0.004822579
7/17/2016 2:00,0.004795599
7/17/2016 3:00,0.004683531
7/17/2016 4:00,0.004519579
7/17/2016 5:00,0.004895216
7/17/2016 6:00,0.004747867
7/17/2016 7:00,0.004373267
7/17/2016 8:00,0.00451024
7/17/2016 9:00,0.004524248
7/17/2016 10:00,0.00466589
7/17/2016 11:00,0.00459014
7/17/2016 12:00,0.004630091
7/17/2016 13:00,0.004614526
7/17/2016 14:00,0.005118834
7/17/2016 15:00,0.004854747
7/17/2016 16:00,0.004681456
7/17/2016 17:00,0.004980824
7/17/2016 18:00,0.005081997
7/17/2016 19:00,0.005012992
7/17/2016 20:00,0.004777959
7/17/2016 21:00,0.004988606
7/17/2016 22:00,0.004739565
7/17/2016 23:00,0.004561604
7/18/2016 0:00,0.004530474
7/18/2016 1:00,0.004504533
7/18/2016 2:00,0.004583396
7/18/2016 3:00,0.004552784
7/18/2016 4:00,0.004542408
7/18/2016 5:00,0.004772252
7/18/2016 6:00,0.005163454
7/18/2016 7:00,0.005512631
7/18/2016 8:00,0.005635076
7/18/2016 9:00,0.005822894
7/18/2016 10:00,0.006347956
7/18/2016 11:00,0.006754723
7/18/2016 12:00,0.006267018
7/18/2016 13:00,0.006765619
7/18/2016 14:00,0.006755761
7/18/2016 15:00,0.006333429
7/18/2016 16:00,0.006313713
7/18/2016 17:00,0.006096321
7/18/2016 18:00,0.005801103
7/18/2016 19:00,0.005698893
7/18/2016 20:00,0.004877576
7/18/2016 21:00,0.004925308
7/18/2016 22:00,0.004744754
7/18/2016 23:00,0.004716736
7/19/2016 0:00,0.0045725
7/19/2016 1:00,0.00463476
7/19/2016 2:00,0.004481185
7/19/2016 3:00,0.004573538
7/19/2016 4:00,0.004742159
7/19/2016 5:00,0.004641505
7/19/2016 6:00,0.005215338
7/19/2016 7:00,0.0054016
7/19/2016 8:00,0.00533
7/19/2016 9:00,0.005884117
7/19/2016 10:00,0.005967131
7/19/2016 11:00,0.006259235
7/19/2016 12:00,0.006541482
7/19/2016 13:00,0.006481297
7/19/2016 14:00,0.006439271
7/19/2016 15:00,0.006300223
7/19/2016 16:00,0.006489598
7/19/2016 17:00,0.005765822
7/19/2016 18:00,0.005498622
7/19/2016 19:00,0.005403156
7/19/2016 20:00,0.004801307
7/19/2016 21:00,0.004708435
7/19/2016 22:00,0.004904036
7/19/2016 23:00,0.004706879
7/20/2016 0:00,0.004519579
7/20/2016 1:00,0.004464063
7/20/2016 2:00,0.004534106
7/20/2016 3:00,0.004709992
7/20/2016 4:00,0.004733339
7/20/2016 5:00,0.004769139
7/20/2016 6:00,0.005066951
7/20/2016 7:00,0.00497823
7/20/2016 8:00,0.005411458
7/20/2016 9:00,0.005867514
7/20/2016 10:00,0.006196456
7/20/2016 11:00,0.006425263
7/20/2016 12:00,0.006410735
7/20/2016 13:00,0.006350032
7/20/2016 14:00,0.00629296
7/20/2016 15:00,0.006269612
7/20/2016 16:00,0.00606104
7/20/2016 17:00,0.006013307
7/20/2016 18:00,0.005732098
7/20/2016 19:00,0.005501735
7/20/2016 20:00,0.00498705
7/20/2016 21:00,0.004789373
7/20/2016 22:00,0.004809608
7/20/2016 23:00,0.004699096
7/21/2016 0:00,0.004691313
7/21/2016 1:00,0.004668485
7/21/2016 2:00,0.00463476
7/21/2016 3:00,0.004537738
7/21/2016 4:00,0.004718812
7/21/2016 5:00,0.004781591
7/21/2016 6:00,0.005071101
7/21/2016 7:00,0.005217413
7/21/2016 8:00,0.005320661
7/21/2016 9:00,0.005846242
7/21/2016 10:00,0.005953122
7/21/2016 11:00,0.006202682
7/21/2016 12:00,0.006238482
7/21/2016 13:00,0.006558604
7/21/2016 14:00,0.006614638
7/21/2016 15:00,0.006241076
7/21/2016 16:00,0.005934444
7/21/2016 17:00,0.005628331
7/21/2016 18:00,0.005543242
7/21/2016 19:00,0.005390185
7/21/2016 20:00,0.004708954
7/21/2016 21:00,0.004784185
7/21/2016 22:00,0.004766545
7/21/2016 23:00,0.00454137
7/22/2016 0:00,0.00446562
7/22/2016 1:00,0.004478591
7/22/2016 2:00,0.004551228
7/22/2016 3:00,0.004319308
7/22/2016 4:00,0.004528399
7/22/2016 5:00,0.004750461
7/22/2016 6:00,0.004963702
7/22/2016 7:00,0.005182132
7/22/2016 8:00,0.005552062
7/22/2016 9:00,0.005751814
7/22/2016 10:00,0.006061559
7/22/2016 11:00,0.006515021
7/22/2016 12:00,0.006520729
7/22/2016 13:00,0.006631759
7/22/2016 14:00,0.006753167
7/22/2016 15:00,0.006472477
7/22/2016 16:00,0.006038211
7/22/2016 17:00,0.005762709
7/22/2016 18:00,0.005725872
7/22/2016 19:00,0.005510555
7/22/2016 20:00,0.004683012
7/22/2016 21:00,0.004828805
7/22/2016 22:00,0.004793005
7/22/2016 23:00,0.004892103
7/23/2016 0:00,0.004839182
7/23/2016 1:00,0.004742678
7/23/2016 2:00,0.004699615
7/23/2016 3:00,0.004695983
7/23/2016 4:00,0.004691832
7/23/2016 5:00,0.00463943
7/23/2016 6:00,0.004629053
7/23/2016 7:00,0.004624902
7/23/2016 8:00,0.004693389
7/23/2016 9:00,0.004700652
7/23/2016 10:00,0.004955401
7/23/2016 11:00,0.005208593
7/23/2016 12:00,0.004965778
7/23/2016 13:00,0.005007284
7/23/2016 14:00,0.005309247
7/23/2016 15:00,0.005154115
7/23/2016 16:00,0.005536497
7/23/2016 17:00,0.005262033
7/23/2016 18:00,0.005329481
7/23/2016 19:00,0.005131805
7/23/2016 20:00,0.005179019
7/23/2016 21:00,0.004975117
7/23/2016 22:00,0.005451408
7/23/2016 23:00,0.004934647
7/24/2016 0:00,0.004818428
7/24/2016 1:00,0.004733858
7/24/2016 2:00,0.004764988
7/24/2016 3:00,0.004615045
7/24/2016 4:00,0.004708954
7/24/2016 5:00,0.004771733
7/24/2016 6:00,0.0046083
7/24/2016 7:00,0.004540851
7/24/2016 8:00,0.004567831
7/24/2016 9:00,0.004835031
7/24/2016 10:00,0.004953326
7/24/2016 11:00,0.004909224
7/24/2016 12:00,0.005084591
7/24/2016 13:00,0.004845408
7/24/2016 14:00,0.005186283
7/24/2016 15:00,0.005090817
7/24/2016 16:00,0.005112608
7/24/2016 17:00,0.005130249
7/24/2016 18:00,0.004994832
7/24/2016 19:00,0.004944505
7/24/2016 20:00,0.005015067
7/24/2016 21:00,0.005007284
7/24/2016 22:00,0.004863048
7/24/2016 23:00,0.005099118
7/25/2016 0:00,0.005051385
7/25/2016 1:00,0.004854747
7/25/2016 2:00,0.004819985
7/25/2016 3:00,0.004880689
7/25/2016 4:00,0.004930497
7/25/2016 5:00,0.005161379
7/25/2016 6:00,0.005477869
7/25/2016 7:00,0.00560187
7/25/2016 8:00,0.005717571
7/25/2016 9:00,0.006217728
7/25/2016 10:00,0.006384794
7/25/2016 11:00,0.006615675
7/25/2016 12:00,0.006495306
7/25/2016 13:00,0.006462619
7/25/2016 14:00,0.006827879
7/25/2016 15:00,0.006527992
7/25/2016 16:00,0.006295035
7/25/2016 17:00,0.006322533
7/25/2016 18:00,0.005866477
7/25/2016 19:00,0.005961942
7/25/2016 20:00,0.005121428
7/25/2016 21:00,0.00523194
7/25/2016 22:00,0.004933091
7/25/2016 23:00,0.005025444
7/26/2016 0:00,0.004780553
7/26/2016 1:00,0.004775365
7/26/2016 2:00,0.00489781
7/26/2016 3:00,0.004806495
7/26/2016 4:00,0.004818947
7/26/2016 5:00,0.005014548
7/26/2016 6:00,0.005224677
7/26/2016 7:00,0.005486689
7/26/2016 8:00,0.005565552
7/26/2016 9:00,0.005942745
7/26/2016 10:00,0.006408141
7/26/2016 11:00,0.006461062
7/26/2016 12:00,0.006591809
7/26/2016 13:00,0.00641333
7/26/2016 14:00,0.006648881
7/26/2016 15:00,0.006695576
7/26/2016 16:00,0.006605818
7/26/2016 17:00,0.006179335
7/26/2016 18:00,0.006020571
7/26/2016 19:00,0.005920954
7/26/2016 20:00,0.005203404
7/26/2016 21:00,0.005083034
7/26/2016 22:00,0.005014029
7/26/2016 23:00,0.00498238
7/27/2016 0:00,0.004962665
7/27/2016 1:00,0.00480442
7/27/2016 2:00,0.00500469
7/27/2016 3:00,0.004788336
7/27/2016 4:00,0.004811165
7/27/2016 5:00,0.005003134
7/27/2016 6:00,0.005545836
7/27/2016 7:00,0.005421834
7/27/2016 8:00,0.005661018
7/27/2016 9:00,0.00617674
7/27/2016 10:00,0.006505163
7/27/2016 11:00,0.006794674
7/27/2016 12:00,0.006543557
7/27/2016 13:00,0.006548746
7/27/2016 14:00,0.006546151
7/27/2016 15:00,0.006590253
7/27/2016 16:00,0.006461062
7/27/2016 17:00,0.006259754
7/27/2016 18:00,0.006213059
7/27/2016 19:00,0.005819781
7/27/2016 20:00,0.005083034
7/27/2016 21:00,0.004964221
7/27/2016 22:00,0.004992757
7/27/2016 23:00,0.004855266
7/28/2016 0:00,0.004769139
7/28/2016 1:00,0.004816872
7/28/2016 2:00,0.004761356
7/28/2016 3:00,0.004931534
7/28/2016 4:00,0.004963183
7/28/2016 5:00,0.004878613
7/28/2016 6:00,0.00537462
7/28/2016 7:00,0.005518338
7/28/2016 8:00,0.005773086
7/28/2016 9:00,0.006109811
7/28/2016 10:00,0.006596479
7/28/2016 11:00,0.007056167
7/28/2016 12:00,0.00704579
7/28/2016 13:00,0.007061355
7/28/2016 14:00,0.007223751
7/28/2016 15:00,0.007049422
7/28/2016 16:00,0.006318383
7/28/2016 17:00,0.006351588
7/28/2016 18:00,0.006107735
7/28/2016 19:00,0.006133677
7/28/2016 20:00,0.00508511
7/28/2016 21:00,0.00503167
7/28/2016 22:00,0.00486201
7/28/2016 23:00,0.005098081
7/29/2016 0:00,0.004935685
7/29/2016 1:00,0.005121947
7/29/2016 2:00,0.005119353
7/29/2016 3:00,0.00486668
7/29/2016 4:00,0.00497823
7/29/2016 5:00,0.005045159
7/29/2016 6:00,0.00549966
7/29/2016 7:00,0.005589937
7/29/2016 8:00,0.005914728
7/29/2016 9:00,0.006161694
7/29/2016 10:00,0.006423187
7/29/2016 11:00,0.006911931
7/29/2016 12:00,0.006941504
7/29/2016 13:00,0.0067651
7/29/2016 14:00,0.006855378
7/29/2016 15:00,0.006849152
7/29/2016 16:00,0.006536294
7/29/2016 17:00,0.006068304
7/29/2016 18:00,0.005860769
7/29/2016 19:00,0.005616917
7/29/2016 20:00,0.005001058
7/29/2016 21:00,0.004768101
7/29/2016 22:00,0.004700134
7/29/2016 23:00,0.004677305
7/30/2016 0:00,0.004707916
7/30/2016 1:00,0.004687163
7/30/2016 2:00,0.004732301
7/30/2016 3:00,0.00451906
7/30/2016 4:00,0.004629572
7/30/2016 5:00,0.004526324
7/30/2016 6:00,0.004547596
7/30/2016 7:00,0.004519579
7/30/2016 8:00,0.004524767
7/30/2016 9:00,0.004554341
7/30/2016 10:00,0.004534625
7/30/2016 11:00,0.004588584
7/30/2016 12:00,0.004701171
7/30/2016 13:00,0.004644618
7/30/2016 14:00,0.004989644
7/30/2016 15:00,0.005067469
7/30/2016 16:00,0.004901442
7/30/2016 17:00,0.004885877
7/30/2016 18:00,0.004898329
7/30/2016 19:00,0.004718293
7/30/2016 20:00,0.004820504
7/30/2016 21:00,0.004733339
7/30/2016 22:00,0.004721406
7/30/2016 23:00,0.004667966
7/31/2016 0:00,0.004717255
7/31/2016 1:00,0.004776403
7/31/2016 2:00,0.004730745
7/31/2016 3:00,0.004663815
7/31/2016 4:00,0.004684569
7/31/2016 5:00,0.004655514
7/31/2016 6:00,0.004696502
7/31/2016 7:00,0.004438468
7/31/2016 8:00,0.004440543
7/31/2016 9:00,0.004643581
7/31/2016 10:00,0.004562123
7/31/2016 11:00,0.004830361
7/31/2016 12:00,0.004749423
7/31/2016 13:00,0.004742678
7/31/2016 14:00,0.004886396
7/31/2016 15:00,0.00504931
7/31/2016 16:00,0.004820504
7/31/2016 17:00,0.0048397
7/31/2016 18:00,0.005025963
7/31/2016 19:00,0.004893141
7/31/2016 20:00,0.004688719
7/31/2016 21:00,0.004827767
7/31/2016 22:00,0.004744754
7/31/2016 23:00,0.004807533
8/1/2016 0:00,0.005008322
8/1/2016 1:00,0.004787298
8/1/2016 2:00,0.004814278
8/1/2016 3:00,0.00490248
8/1/2016 4:00,0.004890028
8/1/2016 5:00,0.005028038
8/1/2016 6:00,0.005544798
8/1/2016 7:00,0.005466973
8/1/2016 8:00,0.005745069
8/1/2016 9:00,0.006053257
8/1/2016 10:00,0.006722037
8/1/2016 11:00,0.006773402
8/1/2016 12:00,0.0067651
8/1/2016 13:00,0.006753686
8/1/2016 14:00,0.006865236
8/1/2016 15:00,0.006502569
8/1/2016 16:00,0.006339136
8/1/2016 17:00,0.006066747
8/1/2016 18:00,0.006049626
8/1/2016 19:00,0.00573106
8/1/2016 20:00,0.005342971
8/1/2016 21:00,0.005384997
8/1/2016 22:00,0.005061243
8/1/2016 23:00,0.004878094
8/2/2016 0:00,0.00494243
8/2/2016 1:00,0.004850596
8/2/2016 2:00,0.004707916
8/2/2016 3:00,0.004794043
8/2/2016 4:00,0.004880689
8/2/2016 5:00,0.005298351
8/2/2016 6:00,0.005443625
8/2/2016 7:00,0.00539693
8/2/2016 8:00,0.005711345
8/2/2016 9:00,0.006023684
8/2/2016 10:00,0.006208908
8/2/2016 11:00,0.006446535
8/2/2016 12:00,0.006772364
8/2/2016 13:00,0.006510871
8/2/2016 14:00,0.006700765
8/2/2016 15:00,0.006957588
8/2/2016 16:00,0.00631942
8/2/2016 17:00,0.006076086
8/2/2016 18:00,0.005817706
8/2/2016 19:00,0.00543273
8/2/2016 20:00,0.004872387
8/2/2016 21:00,0.005005728
8/2/2016 22:00,0.004953844
8/2/2016 23:00,0.004912856
8/3/2016 0:00,0.004809089
8/3/2016 1:00,0.004796118
8/3/2016 2:00,0.004781591
8/3/2016 3:00,0.004794043
8/3/2016 4:00,0.005049829
8/3/2016 5:00,0.005149445
8/3/2016 6:00,0.005463341
8/3/2016 7:00,0.005595644
8/3/2016 8:00,0.005661018
8/3/2016 9:00,0.006130045
8/3/2016 10:00,0.006260273
8/3/2016 11:00,0.006537331
8/3/2016 12:00,0.006608412
8/3/2016 13:00,0.006892734
8/3/2016 14:00,0.006746941
8/3/2016 15:00,0.006908299
8/3/2016 16:00,0.00666704
8/3/2016 17:00,0.005996186
8/3/2016 18:00,0.005960386
8/3/2016 19:00,0.00580266
8/3/2016 20:00,0.00531236
8/3/2016 21:00,0.0049471
8/3/2016 22:00,0.004983937
8/3/2016 23:00,0.005065394
8/4/2016 0:00,0.004815834
8/4/2016 1:00,0.004736971
8/4/2016 2:00,0.004672635
8/4/2016 3:00,0.004706879
8/4/2016 4:00,0.004762394
8/4/2016 5:00,0.004863048
8/4/2016 6:00,0.005592531
8/4/2016 7:00,0.005333632
8/4/2016 8:00,0.00577568
8/4/2016 9:00,0.006033023
8/4/2016 10:00,0.006357814
8/4/2016 11:00,0.005997742
8/4/2016 12:00,0.00693009
8/4/2016 13:00,0.007396523
8/4/2016 14:00,0.00720196
8/4/2016 15:00,0.006883395
8/4/2016 16:00,0.006864198
8/4/2016 17:00,0.006498419
8/4/2016 18:00,0.006132639
8/4/2016 19:00,0.005773605
8/4/2016 20:00,0.005186802
8/4/2016 21:00,0.005208074
8/4/2016 22:00,0.004922195
8/4/2016 23:00,0.005032707
8/5/2016 0:00,0.004952807
8/5/2016 1:00,0.004986012
8/5/2016 2:00,0.004690795
8/5/2016 3:00,0.004754611
8/5/2016 4:00,0.004841257
8/5/2016 5:00,0.004759281
8/5/2016 6:00,0.005285899
8/5/2016 7:00,0.005431692
8/5/2016 8:00,0.005543761
8/5/2016 9:00,0.005805773
8/5/2016 10:00,0.0061949
8/5/2016 11:00,0.006864198
8/5/2016 12:00,0.006726188
8/5/2016 13:00,0.006821653
8/5/2016 14:00,0.006719961
8/5/2016 15:00,0.006380124
8/5/2016 16:00,0.006104103
8/5/2016 17:00,0.00592303
8/5/2016 18:00,0.005863882
8/5/2016 19:00,0.005786057
8/5/2016 20:00,0.005055017
8/5/2016 21:00,0.00490248
8/5/2016 22:00,0.004829324
8/5/2016 23:00,0.004829324
8/6/2016 0:00,0.004690276
8/6/2016 1:00,0.004708954
8/6/2016 2:00,0.004636836
8/6/2016 3:00,0.004470808
8/6/2016 4:00,0.004546558
8/6/2016 5:00,0.004588065
8/6/2016 6:00,0.00451439
8/6/2016 7:00,0.004426188
8/6/2016 8:00,0.004481704
8/6/2016 9:00,0.004484298
8/6/2016 10:00,0.004663815
8/6/2016 11:00,0.004699096
8/6/2016 12:00,0.004771214
8/6/2016 13:00,0.004695983
8/6/2016 14:00,0.004811683
8/6/2016 15:00,0.004864086
8/6/2016 16:00,0.004864605
8/6/2016 17:00,0.004857341
8/6/2016 18:00,0.00485786
8/6/2016 19:00,0.004734896
8/6/2016 20:00,0.004899367
8/6/2016 21:00,0.004852671
8/6/2016 22:00,0.004735414
8/6/2016 23:00,0.004836587
8/7/2016 0:00,0.00459948
8/7/2016 1:00,0.004548634
8/7/2016 2:00,0.004505051
8/7/2016 3:00,0.00442567
8/7/2016 4:00,0.004520098
8/7/2016 5:00,0.004538776
8/7/2016 6:00,0.004384681
8/7/2016 7:00,0.004327091
8/7/2016 8:00,0.004402841
8/7/2016 9:00,0.004493118
8/7/2016 10:00,0.004753055
8/7/2016 11:00,0.004786779
8/7/2016 12:00,0.004633204
8/7/2016 13:00,0.004826211
8/7/2016 14:00,0.004646175
8/7/2016 15:00,0.004741641
8/7/2016 16:00,0.004802344
8/7/2016 17:00,0.004780553
8/7/2016 18:00,0.004749942
8/7/2016 19:00,0.004778478
8/7/2016 20:00,0.004799231
8/7/2016 21:00,0.004674711
8/7/2016 22:00,0.004655514
8/7/2016 23:00,0.004556935
8/8/2016 0:00,0.004597923
8/8/2016 1:00,0.004447461
8/8/2016 2:00,0.00445213
8/8/2016 3:00,0.004446942
8/8/2016 4:00,0.004569387
8/8/2016 5:00,0.004846445
8/8/2016 6:00,0.005315473
8/8/2016 7:00,0.00537047
8/8/2016 8:00,0.005642339
8/8/2016 9:00,0.006249896
8/8/2016 10:00,0.006247302
8/8/2016 11:00,0.006379086
8/8/2016 12:00,0.006442384
8/8/2016 13:00,0.006274282
8/8/2016 14:00,0.006620864
8/8/2016 15:00,0.006271687
8/8/2016 16:00,0.006236925
8/8/2016 17:00,0.005741437
8/8/2016 18:00,0.005613804
8/8/2016 19:00,0.005659461
8/8/2016 20:00,0.004682493
8/8/2016 21:00,0.004693389
8/8/2016 22:00,0.004778997
8/8/2016 23:00,0.004576651
8/9/2016 0:00,0.004591178
8/9/2016 1:00,0.004533069
8/9/2016 2:00,0.004618158
8/9/2016 3:00,0.004417368
8/9/2016 4:00,0.004639949
8/9/2016 5:00,0.00477329
8/9/2016 6:00,0.005177981
8/9/2016 7:00,0.005340377
8/9/2016 8:00,0.00540575
8/9/2016 9:00,0.00587374
8/9/2016 10:00,0.006227586
8/9/2016 11:00,0.006626052
8/9/2016 12:00,0.006347437
8/9/2016 13:00,0.0064621
8/9/2016 14:00,0.006557566
8/9/2016 15:00,0.006688312
8/9/2016 16:00,0.006384794
8/9/2016 17:00,0.006051182
8/9/2016 18:00,0.005895013
8/9/2016 19:00,0.005970763
8/9/2016 20:00,0.005128692
8/9/2016 21:00,0.005047754
8/9/2016 22:00,0.004792486
8/9/2016 23:00,0.004907149
8/10/2016 0:00,0.00485786
8/10/2016 1:00,0.004802863
8/10/2016 2:00,0.004895216
8/10/2016 3:00,0.004747867
8/10/2016 4:00,0.004818428
8/10/2016 5:00,0.004812721
8/10/2016 6:00,0.005516262
8/10/2016 7:00,0.005372545
8/10/2016 8:00,0.005447257
8/10/2016 9:00,0.006023684
8/10/2016 10:00,0.006508795
8/10/2016 11:00,0.006437196
8/10/2016 12:00,0.006622939
8/10/2016 13:00,0.006477146
8/10/2016 14:00,0.006740196
8/10/2016 15:00,0.006863679
8/10/2016 16:00,0.006496343
8/10/2016 17:00,0.006041324
8/10/2016 18:00,0.005858694
8/10/2016 19:00,0.005755446
8/10/2016 20:00,0.004886915
8/10/2016 21:00,0.004907149
8/10/2016 22:00,0.004940873
8/10/2016 23:00,0.004704803
8/11/2016 0:00,0.004565236
8/11/2016 1:00,0.004523729
8/11/2016 2:00,0.00448326
8/11/2016 3:00,0.00457717
8/11/2016 4:00,0.004725038
8/11/2016 5:00,0.004774327
8/11/2016 6:00,0.005237129
8/11/2016 7:00,0.005172793
8/11/2016 8:00,0.005518857
8/11/2016 9:00,0.00573573
8/11/2016 10:00,0.006210465
8/11/2016 11:00,0.006258716
8/11/2016 12:00,0.006322533
8/11/2016 13:00,0.006364559
8/11/2016 14:00,0.006538369
8/11/2016 15:00,0.006262348
8/11/2016 16:00,0.006141978
8/11/2016 17:00,0.005827564
8/11/2016 18:00,0.00571342
8/11/2016 19:00,0.005677101
8/11/2016 20:00,0.004894178
8/11/2016 21:00,0.004841257
8/11/2016 22:00,0.00471518
8/11/2016 23:00,0.004743716
8/12/2016 0:00,0.004650844
8/12/2016 1:00,0.004595329
8/12/2016 2:00,0.004606743
8/12/2016 3:00,0.004631647
8/12/2016 4:00,0.004580283
8/12/2016 5:00,0.004852671
8/12/2016 6:00,0.00519666
8/12/2016 7:00,0.005380327
8/12/2016 8:00,0.005834309
8/12/2016 9:00,0.006149761
8/12/2016 10:00,0.006207871
8/12/2016 11:00,0.006596997
8/12/2016 12:00,0.006727744
8/12/2016 13:00,0.006551859
8/12/2016 14:00,0.006282064
8/12/2016 15:00,0.006425263
8/12/2016 16:00,0.006275838
8/12/2016 17:00,0.006043918
8/12/2016 18:00,0.005808367
8/12/2016 19:00,0.005692667
8/12/2016 20:00,0.004949175
8/12/2016 21:00,0.004893659
8/12/2016 22:00,0.004736452
8/12/2016 23:00,0.004852671
8/13/2016 0:00,0.00457717
8/13/2016 1:00,0.004555897
8/13/2016 2:00,0.004419443
8/13/2016 3:00,0.004352514
8/13/2016 4:00,0.004511277
8/13/2016 5:00,0.004337986
8/13/2016 6:00,0.004408029
8/13/2016 7:00,0.00423837
8/13/2016 8:00,0.004200495
8/13/2016 9:00,0.004303743
8/13/2016 10:00,0.004481704
8/13/2016 11:00,0.004683531
8/13/2016 12:00,0.00458132
8/13/2016 13:00,0.004699096
8/13/2016 14:00,0.004789892
8/13/2016 15:00,0.004828805
8/13/2016 16:00,0.004861492
8/13/2016 17:00,0.004619714
8/13/2016 18:00,0.004917007
8/13/2016 19:00,0.004817909
8/13/2016 20:00,0.004917526
8/13/2016 21:00,0.004709992
8/13/2016 22:00,0.004785223
8/13/2016 23:00,0.004664853
8/14/2016 0:00,0.004539813
8/14/2016 1:00,0.0043852
8/14/2016 2:00,0.004565755
8/14/2016 3:00,0.00438987
8/14/2016 4:00,0.00432294
8/14/2016 5:00,0.004448498
8/14/2016 6:00,0.004360815
8/14/2016 7:00,0.004301149
8/14/2016 8:00,0.00422488
8/14/2016 9:00,0.004320346
8/14/2016 10:00,0.004296998
8/14/2016 11:00,0.004616601
8/14/2016 12:00,0.004457318
8/14/2016 13:00,0.004895735
8/14/2016 14:00,0.005010397
8/14/2016 15:00,0.004707916
8/14/2016 16:00,0.004548115
8/14/2016 17:00,0.004811683
8/14/2016 18:00,0.004659664
8/14/2016 19:00,0.00455901
8/14/2016 20:00,0.004788336
8/14/2016 21:00,0.004544483
8/14/2016 22:00,0.004521654
8/14/2016 23:00,0.004468733
8/15/2016 0:00,0.004528399
8/15/2016 1:00,0.00446095
8/15/2016 2:00,0.004471846
8/15/2016 3:00,0.004326572
8/15/2016 4:00,0.004481704
8/15/2016 5:00,0.004666409
8/15/2016 6:00,0.005139588
8/15/2016 7:00,0.005024925
8/15/2016 8:00,0.005609134
8/15/2016 9:00,0.005725872
8/15/2016 10:00,0.006323052
8/15/2016 11:00,0.006115518
8/15/2016 12:00,0.006137309
8/15/2016 13:00,0.006480778
8/15/2016 14:00,0.006305931
8/15/2016 15:00,0.00629711
8/15/2016 16:00,0.006048588
8/15/2016 17:00,0.005711863
8/15/2016 18:00,0.005672951
8/15/2016 19:00,0.005539091
8/15/2016 20:00,0.004905074
8/15/2016 21:00,0.004761356
8/15/2016 22:00,0.004693389
8/15/2016 23:00,0.004651882
8/16/2016 0:00,0.004614007
8/16/2016 1:00,0.004534625
8/16/2016 2:00,0.004478591
8/16/2016 3:00,0.004642024
8/16/2016 4:00,0.004693389
8/16/2016 5:00,0.004989125
8/16/2016 6:00,0.005158266
8/16/2016 7:00,0.005218969
8/16/2016 8:00,0.005634038
8/16/2016 9:00,0.005932888
8/16/2016 10:00,0.006220841
8/16/2016 11:00,0.00641333
8/16/2016 12:00,0.006249377
8/16/2016 13:00,0.006397246
8/16/2016 14:00,0.006419556
8/16/2016 15:00,0.006655626
8/16/2016 16:00,0.006135752
8/16/2016 17:00,0.005952603
8/16/2016 18:00,0.00582912
8/16/2016 19:00,0.005658423
8/16/2016 20:00,0.005267221
8/16/2016 21:00,0.004846445
8/16/2016 22:00,0.005028038
8/16/2016 23:00,0.004762394
8/17/2016 0:00,0.004688719
8/17/2016 1:00,0.004627497
8/17/2016 2:00,0.004709992
8/17/2016 3:00,0.004484298
8/17/2016 4:00,0.004549671
8/17/2016 5:00,0.004914413
8/17/2016 6:00,0.005057612
8/17/2016 7:00,0.004940873
8/17/2016 8:00,0.005364243
8/17/2016 9:00,0.00560187
8/17/2016 10:00,0.005903314
8/17/2016 11:00,0.00572691
8/17/2016 12:00,0.006200088
8/17/2016 13:00,0.005813036
8/17/2016 14:00,0.005735211
8/17/2016 15:00,0.006011751
8/17/2016 16:00,0.005903833
8/17/2016 17:00,0.005796953
8/17/2016 18:00,0.005740399
8/17/2016 19:00,0.005441031
8/17/2016 20:00,0.004896772
8/17/2016 21:00,0.004749423
8/17/2016 22:00,0.004642543
8/17/2016 23:00,0.004652401
8/18/2016 0:00,0.004522173
8/18/2016 1:00,0.004485336
8/18/2016 2:00,0.004419962
8/18/2016 3:00,0.004422038
8/18/2016 4:00,0.004497269
8/18/2016 5:00,0.00465707
8/18/2016 6:00,0.005199773
8/18/2016 7:00,0.00501351
8/18/2016 8:00,0.005404713
8/18/2016 9:00,0.005710826
8/18/2016 10:00,0.006076086
8/18/2016 11:00,0.006325646
8/18/2016 12:00,0.006221879
8/18/2016 13:00,0.006394133
8/18/2016 14:00,0.006469364
8/18/2016 15:00,0.006387388
8/18/2016 16:00,0.006229662
8/18/2016 17:00,0.005707194
8/18/2016 18:00,0.005462822
8/18/2016 19:00,0.005333632
8/18/2016 20:00,0.004841776
8/18/2016 21:00,0.004588065
8/18/2016 22:00,0.004560567
8/18/2016 23:00,0.004450574
8/19/2016 0:00,0.004419962
8/19/2016 1:00,0.0043852
8/19/2016 2:00,0.003320549
8/19/2016 3:00,0.003233385
8/19/2016 4:00,0.003144145
8/19/2016 5:00,0.003411345
8/19/2016 6:00,0.004328128
8/19/2016 7:00,0.004451092
8/19/2016 8:00,0.005012473
8/19/2016 9:00,0.005635076
8/19/2016 10:00,0.00538811
8/19/2016 11:00,0.005743512
8/19/2016 12:00,0.005966612
8/19/2016 13:00,0.005651679
8/19/2016 14:00,0.005725353
8/19/2016 15:00,0.005899163
8/19/2016 16:00,0.005759596
8/19/2016 17:00,0.00547735
8/19/2016 18:00,0.005306134
8/19/2016 19:00,0.00500054
8/19/2016 20:00,0.00493776
8/19/2016 21:00,0.004846445
8/19/2016 22:00,0.004801825
8/19/2016 23:00,0.004769139
8/20/2016 0:00,0.004701171
8/20/2016 1:00,0.004666409
8/20/2016 2:00,0.004643581
8/20/2016 3:00,0.004640986
8/20/2016 4:00,0.004825692
8/20/2016 5:00,0.004685087
8/20/2016 6:00,0.004885877
8/20/2016 7:00,0.004694945
8/20/2016 8:00,0.004848002
8/20/2016 9:00,0.004992757
8/20/2016 10:00,0.004999502
8/20/2016 11:00,0.005220526
8/20/2016 12:00,0.005152558
8/20/2016 13:00,0.005248024
8/20/2016 14:00,0.005546874
8/20/2016 15:00,0.005463341
8/20/2016 16:00,0.005319105
8/20/2016 17:00,0.005375658
8/20/2016 18:00,0.004798712
8/20/2016 19:00,0.004732301
8/20/2016 20:00,0.004847483
8/20/2016 21:00,0.005219488
8/20/2016 22:00,0.005079403
8/20/2016 23:00,0.004828805
8/21/2016 0:00,0.004774846
8/21/2016 1:00,0.004733858
8/21/2016 2:00,0.004750461
8/21/2016 3:00,0.00472867
8/21/2016 4:00,0.004762913
8/21/2016 5:00,0.004741641
8/21/2016 6:00,0.004747867
8/21/2016 7:00,0.004731783
8/21/2016 8:00,0.00489781
8/21/2016 9:00,0.004895735
8/21/2016 10:00,0.004905074
8/21/2016 11:00,0.005050867
8/21/2016 12:00,0.004972522
8/21/2016 13:00,0.005232978
8/21/2016 14:00,0.005020255
8/21/2016 15:00,0.004947618
8/21/2016 16:00,0.005035302
8/21/2016 17:00,0.004893141
8/21/2016 18:00,0.004912856
8/21/2016 19:00,0.004766545
8/21/2016 20:00,0.004821022
8/21/2016 21:00,0.004809089
8/21/2016 22:00,0.004879651
8/21/2016 23:00,0.004601036
8/22/2016 0:00,0.004691313
8/22/2016 1:00,0.00475513
8/22/2016 2:00,0.004790411
8/22/2016 3:00,0.004632685
8/22/2016 4:00,0.004753055
8/22/2016 5:00,0.004832956
8/22/2016 6:00,0.004970447
8/22/2016 7:00,0.004758243
8/22/2016 8:00,0.004974598
8/22/2016 9:00,0.005363206
8/22/2016 10:00,0.005922511
8/22/2016 11:00,0.006057408
8/22/2016 12:00,0.005950009
8/22/2016 13:00,0.005907983
8/22/2016 14:00,0.006081275
8/22/2016 15:00,0.006304893
8/22/2016 16:00,0.005987365
8/22/2016 17:00,0.005891381
8/22/2016 18:00,0.005578523
8/22/2016 19:00,0.005688516
8/22/2016 20:00,0.005422353
8/22/2016 21:00,0.005306653
8/22/2016 22:00,0.005238166
8/22/2016 23:00,0.00467056
8/23/2016 0:00,0.00446562
8/23/2016 1:00,0.00455486
8/23/2016 2:00,0.004534625
8/23/2016 3:00,0.004333317
8/23/2016 4:00,0.00452788
8/23/2016 5:00,0.004764469
8/23/2016 6:00,0.005134918
8/23/2016 7:00,0.004963702
8/23/2016 8:00,0.005593569
8/23/2016 9:00,0.006443941
8/23/2016 10:00,0.00647974
8/23/2016 11:00,0.006259754
8/23/2016 12:00,0.006717886
8/23/2016 13:00,0.006394133
8/23/2016 14:00,0.006501013
8/23/2016 15:00,0.006424744
8/23/2016 16:00,0.006490117
8/23/2016 17:00,0.005951566
8/23/2016 18:00,0.005737805
8/23/2016 19:00,0.005703562
8/23/2016 20:00,0.005613804
8/23/2016 21:00,0.005488245
8/23/2016 22:00,0.005423391
8/23/2016 23:00,0.004914413
8/24/2016 0:00,0.004548634
8/24/2016 1:00,0.004518541
8/24/2016 2:00,0.004470289
8/24/2016 3:00,0.004464063
8/24/2016 4:00,0.004708435
8/24/2016 5:00,0.004848521
8/24/2016 6:00,0.00556192
8/24/2016 7:00,0.005360093
8/24/2016 8:00,0.005535459
8/24/2016 9:00,0.006202682
8/24/2016 10:00,0.006539407
8/24/2016 11:00,0.006541482
8/24/2016 12:00,0.006652513
8/24/2016 13:00,0.006522804
8/24/2016 14:00,0.006657701
8/24/2016 15:00,0.006565867
8/24/2016 16:00,0.006557566
8/24/2016 17:00,0.006183485
8/24/2016 18:00,0.005914728
8/24/2016 19:00,0.005767898
8/24/2016 20:00,0.005482538
8/24/2016 21:00,0.005600314
8/24/2016 22:00,0.005629369
8/24/2016 23:00,0.00483088
8/25/2016 0:00,0.004562642
8/25/2016 1:00,0.004491043
8/25/2016 2:00,0.004359259
8/25/2016 3:00,0.004529437
8/25/2016 4:00,0.004626459
8/25/2016 5:00,0.004916488
8/25/2016 6:00,0.005382922
8/25/2016 7:00,0.00520081
8/25/2016 8:00,0.005656867
8/25/2016 9:00,0.006140422
8/25/2016 10:00,0.00616792
8/25/2016 11:00,0.006784816
8/25/2016 12:00,0.006589734
8/25/2016 13:00,0.006838775
8/25/2016 14:00,0.00686316
8/25/2016 15:00,0.006948249
8/25/2016 16:00,0.006771845
8/25/2016 17:00,0.00631527
8/25/2016 18:00,0.005846242
8/25/2016 19:00,0.005710826
8/25/2016 20:00,0.005654273
8/25/2016 21:00,0.005565552
8/25/2016 22:00,0.005659461
8/25/2016 23:00,0.004790411
8/26/2016 0:00,0.004664853
8/26/2016 1:00,0.004592735
8/26/2016 2:00,0.004558491
8/26/2016 3:00,0.004626459
8/26/2016 4:00,0.004803382
8/26/2016 5:00,0.004903517
8/26/2016 6:00,0.005725353
8/26/2016 7:00,0.005537535
8/26/2016 8:00,0.005769973
8/26/2016 9:00,0.006184523
8/26/2016 10:00,0.00675161
8/26/2016 11:00,0.006676379
8/26/2016 12:00,0.006575725
8/26/2016 13:00,0.006619826
8/26/2016 14:00,0.006485448
8/26/2016 15:00,0.006702321
8/26/2016 16:00,0.006554453
8/26/2016 17:00,0.006191787
8/26/2016 18:00,0.005918879
8/26/2016 19:00,0.005754927
8/26/2016 20:00,0.005659461
8/26/2016 21:00,0.005624699
8/26/2016 22:00,0.005810961
8/26/2016 23:00,0.004738528
8/27/2016 0:00,0.004677305
8/27/2016 1:00,0.004518022
8/27/2016 2:00,0.00463061
8/27/2016 3:00,0.004458875
8/27/2016 4:00,0.004599998
8/27/2016 5:00,0.004575094
8/27/2016 6:00,0.004765507
8/27/2016 7:00,0.004475478
8/27/2016 8:00,0.004697539
8/27/2016 9:00,0.0046882
8/27/2016 10:00,0.004654476
8/27/2016 11:00,0.004724
8/27/2016 12:00,0.004704284
8/27/2016 13:00,0.004977192
8/27/2016 14:00,0.005106901
8/27/2016 15:00,0.005162416
8/27/2016 16:00,0.005046716
8/27/2016 17:00,0.00496007
8/27/2016 18:00,0.004800269
8/27/2016 19:00,0.004803901
8/27/2016 20:00,0.004912856
8/27/2016 21:00,0.00480857
8/27/2016 22:00,0.004823098
8/27/2016 23:00,0.004719331
8/28/2016 0:00,0.004678343
8/28/2016 1:00,0.004570425
8/28/2016 2:00,0.004809608
8/28/2016 3:00,0.004470289
8/28/2016 4:00,0.004513872
8/28/2016 5:00,0.004466658
8/28/2016 6:00,0.004387276
8/28/2016 7:00,0.004345769
8/28/2016 8:00,0.004230241
8/28/2016 9:00,0.004432414
8/28/2016 10:00,0.004614007
8/28/2016 11:00,0.004961627
8/28/2016 12:00,0.005021293
8/28/2016 13:00,0.004879651
8/28/2016 14:00,0.00507629
8/28/2016 15:00,0.005159303
8/28/2016 16:00,0.0052143
8/28/2016 17:00,0.005066951
8/28/2016 18:00,0.005217413
8/28/2016 19:00,0.004945543
8/28/2016 20:00,0.005077846
8/28/2016 21:00,0.004921677
8/28/2016 22:00,0.004968372
8/28/2016 23:00,0.004944505
8/29/2016 0:00,0.004779516
8/29/2016 1:00,0.00470636
8/29/2016 2:00,0.004701171
8/29/2016 3:00,0.004696502
8/29/2016 4:00,0.004738009
8/29/2016 5:00,0.004984456
8/29/2016 6:00,0.005655829
8/29/2016 7:00,0.00559772
8/29/2016 8:00,0.005724834
8/29/2016 9:00,0.006062078
8/29/2016 10:00,0.006393095
8/29/2016 11:00,0.006494787
8/29/2016 12:00,0.00684085
8/29/2016 13:00,0.006786372
8/29/2016 14:00,0.006695576
8/29/2016 15:00,0.006705953
8/29/2016 16:00,0.006590771
8/29/2016 17:00,0.006249896
8/29/2016 18:00,0.005947934
8/29/2016 19:00,0.005613804
8/29/2016 20:00,0.005574372
8/29/2016 21:00,0.0055531
8/29/2016 22:00,0.0056688
8/29/2016 23:00,0.004761875
8/30/2016 0:00,0.004622827
8/30/2016 1:00,0.004571981
8/30/2016 2:00,0.004509202
8/30/2016 3:00,0.004550709
8/30/2016 4:00,0.004557454
8/30/2016 5:00,0.004673154
8/30/2016 6:00,0.005211187
8/30/2016 7:00,0.005406788
8/30/2016 8:00,0.005460228
8/30/2016 9:00,0.006166364
8/30/2016 10:00,0.006460544
8/30/2016 11:00,0.006761468
8/30/2016 12:00,0.006856934
8/30/2016 13:00,0.006790523
8/30/2016 14:00,0.006626571
8/30/2016 15:00,0.006727225
8/30/2016 16:00,0.006411773
8/30/2016 17:00,0.006241076
8/30/2016 18:00,0.005850911
8/30/2016 19:00,0.005804216
8/30/2016 20:00,0.00590487
8/30/2016 21:00,0.005690591
8/30/2016 22:00,0.005516781
8/30/2016 23:00,0.004912338
8/31/2016 0:00,0.004637873
8/31/2016 1:00,0.004548634
8/31/2016 2:00,0.004447979
8/31/2016 3:00,0.004493637
8/31/2016 4:00,0.004457837
8/31/2016 5:00,0.004942949
8/31/2016 6:00,0.005425985
8/31/2016 7:00,0.005389148
8/31/2016 8:00,0.005464379
8/31/2016 9:00,0.005902276
8/31/2016 10:00,0.006636948
8/31/2016 11:00,0.006837218
8/31/2016 12:00,0.006529549
8/31/2016 13:00,0.006787929
8/31/2016 14:00,0.006574169
8/31/2016 15:00,0.006975229
8/31/2016 16:00,0.006700765
8/31/2016 17:00,0.00612797
8/31/2016 18:00,0.005930293
8/31/2016 19:00,0.005489802
8/31/2016 20:00,0.005565552
8/31/2016 21:00,0.005690072
8/31/2016 22:00,0.005640783
8/31/2016 23:00,0.00495592
