Time,Average kW/sqm
6/1/2016 0:00,0.019481247
6/1/2016 1:00,0.018402069
6/1/2016 2:00,0.01843735
6/1/2016 3:00,0.018030582
6/1/2016 4:00,0.018501685
6/1/2016 5:00,0.017937192
6/1/2016 6:00,0.019273713
6/1/2016 7:00,0.019304843
6/1/2016 8:00,0.021274344
6/1/2016 9:00,0.021872043
6/1/2016 10:00,0.022459365
6/1/2016 11:00,0.023621557
6/1/2016 12:00,0.023663064
6/1/2016 13:00,0.023567598
6/1/2016 14:00,0.023559297
6/1/2016 15:00,0.023432701
6/1/2016 16:00,0.023318557
6/1/2016 17:00,0.021929463
6/1/2016 18:00,0.021456974
6/1/2016 19:00,0.021046056
6/1/2016 20:00,0.019601617
6/1/2016 21:00,0.018613754
6/1/2016 22:00,0.018159254
6/1/2016 23:00,0.018047185
6/2/2016 0:00,0.018194534
6/2/2016 1:00,0.018250569
6/2/2016 2:00,0.017737959
6/2/2016 3:00,0.017696452
6/2/2016 4:00,0.017700603
6/2/2016 5:00,0.017659096
6/2/2016 6:00,0.018688466
6/2/2016 7:00,0.019223905
6/2/2016 8:00,0.020024987
6/2/2016 9:00,0.021027378
6/2/2016 10:00,0.021992413
6/2/2016 11:00,0.022799721
6/2/2016 12:00,0.024615646
6/2/2016 13:00,0.023783434
6/2/2016 14:00,0.023534393
6/2/2016 15:00,0.024287742
6/2/2016 16:00,0.023756454
6/2/2016 17:00,0.021315851
6/2/2016 18:00,0.021649981
6/2/2016 19:00,0.02098172
6/2/2016 20:00,0.018933357
6/2/2016 21:00,0.019165795
6/2/2016 22:00,0.018225665
6/2/2016 23:00,0.018325281
6/3/2016 0:00,0.017881158
6/3/2016 1:00,0.018140575
6/3/2016 2:00,0.017434959
6/3/2016 3:00,0.017123657
6/3/2016 4:00,0.017455712
6/3/2016 5:00,0.018539041
6/3/2016 6:00,0.019024672
6/3/2016 7:00,0.019879713
6/3/2016 8:00,0.021110392
6/3/2016 9:00,0.021778652
6/3/2016 10:00,0.023681742
6/3/2016 11:00,0.024673756
6/3/2016 12:00,0.024082283
6/3/2016 13:00,0.02403455
6/3/2016 14:00,0.024584516
6/3/2016 15:00,0.023133851
6/3/2016 16:00,0.022874433
6/3/2016 17:00,0.021770351
6/3/2016 18:00,0.021450748
6/3/2016 19:00,0.020707775
6/3/2016 20:00,0.019564261
6/3/2016 21:00,0.018815062
6/3/2016 22:00,0.019558035
6/3/2016 23:00,0.018059637
6/4/2016 0:00,0.019064103
6/4/2016 1:00,0.018206986
6/4/2016 2:00,0.017540801
6/4/2016 3:00,0.018155103
6/4/2016 4:00,0.017787767
6/4/2016 5:00,0.01789776
6/4/2016 6:00,0.017129883
6/4/2016 7:00,0.016822732
6/4/2016 8:00,0.016968007
6/4/2016 9:00,0.017549103
6/4/2016 10:00,0.018240192
6/4/2016 11:00,0.01832113
6/4/2016 12:00,0.019271638
6/4/2016 13:00,0.019248809
6/4/2016 14:00,0.01931937
6/4/2016 15:00,0.019599542
6/4/2016 16:00,0.019298617
6/4/2016 17:00,0.019190699
6/4/2016 18:00,0.019205227
6/4/2016 19:00,0.019302768
6/4/2016 20:00,0.019211453
6/4/2016 21:00,0.019705384
6/4/2016 22:00,0.01958709
6/4/2016 23:00,0.019089007
6/5/2016 0:00,0.018941658
6/5/2016 1:00,0.017868705
6/5/2016 2:00,0.018159254
6/5/2016 3:00,0.018136425
6/5/2016 4:00,0.017874932
6/5/2016 5:00,0.018020206
6/5/2016 6:00,0.01765287
6/5/2016 7:00,0.017154787
6/5/2016 8:00,0.017407979
6/5/2016 9:00,0.017598911
6/5/2016 10:00,0.018607528
6/5/2016 11:00,0.018566021
6/5/2016 12:00,0.019481247
6/5/2016 13:00,0.020797015
6/5/2016 14:00,0.018866946
6/5/2016 15:00,0.019861035
6/5/2016 16:00,0.020323837
6/5/2016 17:00,0.019717836
6/5/2016 18:00,0.019792549
6/5/2016 19:00,0.019362953
6/5/2016 20:00,0.019331822
6/5/2016 21:00,0.019445966
6/5/2016 22:00,0.019684631
6/5/2016 23:00,0.018559795
6/6/2016 0:00,0.018366788
6/6/2016 1:00,0.017982849
6/6/2016 2:00,0.017989075
6/6/2016 3:00,0.017881158
6/6/2016 4:00,0.018206986
6/6/2016 5:00,0.018337733
6/6/2016 6:00,0.019728213
6/6/2016 7:00,0.019875562
6/6/2016 8:00,0.020844748
6/6/2016 9:00,0.022436536
6/6/2016 10:00,0.022949146
6/6/2016 11:00,0.024812804
6/6/2016 12:00,0.024594893
6/6/2016 13:00,0.024798277
6/6/2016 14:00,0.024781674
6/6/2016 15:00,0.024472448
6/6/2016 16:00,0.024304345
6/6/2016 17:00,0.023590427
6/6/2016 18:00,0.023451379
6/6/2016 19:00,0.022685577
6/6/2016 20:00,0.019848583
6/6/2016 21:00,0.019730288
6/6/2016 22:00,0.019491624
6/6/2016 23:00,0.018603377
6/7/2016 0:00,0.018696767
6/7/2016 1:00,0.018134349
6/7/2016 2:00,0.017758712
6/7/2016 3:00,0.017910212
6/7/2016 4:00,0.018225665
6/7/2016 5:00,0.018418671
6/7/2016 6:00,0.019402384
6/7/2016 7:00,0.020049891
6/7/2016 8:00,0.020516843
6/7/2016 9:00,0.021988262
6/7/2016 10:00,0.023391194
6/7/2016 11:00,0.02430642
6/7/2016 12:00,0.023847769
6/7/2016 13:00,0.024208879
6/7/2016 14:00,0.023824941
6/7/2016 15:00,0.025229948
6/7/2016 16:00,0.023007255
6/7/2016 17:00,0.022343146
6/7/2016 18:00,0.021353207
6/7/2016 19:00,0.020821919
6/7/2016 20:00,0.019306918
6/7/2016 21:00,0.018869021
6/7/2016 22:00,0.019091083
6/7/2016 23:00,0.018416596
6/8/2016 0:00,0.018584699
6/8/2016 1:00,0.018167555
6/8/2016 2:00,0.018680165
6/8/2016 3:00,0.018171706
6/8/2016 4:00,0.018516213
6/8/2016 5:00,0.0184415
6/8/2016 6:00,0.019329747
6/8/2016 7:00,0.019823679
6/8/2016 8:00,0.021025303
6/8/2016 9:00,0.022243529
6/8/2016 10:00,0.023905879
6/8/2016 11:00,0.023656838
6/8/2016 12:00,0.025105427
6/8/2016 13:00,0.025759161
6/8/2016 14:00,0.025007886
6/8/2016 15:00,0.023287427
6/8/2016 16:00,0.022830851
6/8/2016 17:00,0.022658598
6/8/2016 18:00,0.021276419
6/8/2016 19:00,0.021114542
6/8/2016 20:00,0.019381631
6/8/2016 21:00,0.019362953
6/8/2016 22:00,0.019641049
6/8/2016 23:00,0.018893925
6/9/2016 0:00,0.019089007
6/9/2016 1:00,0.019037124
6/9/2016 2:00,0.018767329
6/9/2016 3:00,0.018489233
6/9/2016 4:00,0.018470555
6/9/2016 5:00,0.018729973
6/9/2016 6:00,0.01971161
6/9/2016 7:00,0.019188624
6/9/2016 8:00,0.020552124
6/9/2016 9:00,0.022749913
6/9/2016 10:00,0.023822865
6/9/2016 11:00,0.024926948
6/9/2016 12:00,0.025746709
6/9/2016 13:00,0.026693065
6/9/2016 14:00,0.025375222
6/9/2016 15:00,0.024360379
6/9/2016 16:00,0.023474208
6/9/2016 17:00,0.022042221
6/9/2016 18:00,0.022156365
6/9/2016 19:00,0.020153658
6/9/2016 20:00,0.019580864
6/9/2016 21:00,0.019342199
6/9/2016 22:00,0.01976972
6/9/2016 23:00,0.019580864
6/10/2016 0:00,0.019354651
6/10/2016 1:00,0.018096993
6/10/2016 2:00,0.018765254
6/10/2016 3:00,0.018271322
6/10/2016 4:00,0.018022281
6/10/2016 5:00,0.018339808
6/10/2016 6:00,0.019653501
6/10/2016 7:00,0.019641049
6/10/2016 8:00,0.020823994
6/10/2016 9:00,0.021780728
6/10/2016 10:00,0.02288481
6/10/2016 11:00,0.023254221
6/10/2016 12:00,0.02427529
6/10/2016 13:00,0.023785509
6/10/2016 14:00,0.024198502
6/10/2016 15:00,0.022971975
6/10/2016 16:00,0.022307865
6/10/2016 17:00,0.021643755
6/10/2016 18:00,0.021087563
6/10/2016 19:00,0.020666268
6/10/2016 20:00,0.018690541
6/10/2016 21:00,0.018673939
6/10/2016 22:00,0.018304528
6/10/2016 23:00,0.018204911
6/11/2016 0:00,0.018404144
6/11/2016 1:00,0.018576398
6/11/2016 2:00,0.01822774
6/11/2016 3:00,0.017852103
6/11/2016 4:00,0.017789842
6/11/2016 5:00,0.018217363
6/11/2016 6:00,0.017879082
6/11/2016 7:00,0.017165164
6/11/2016 8:00,0.01656539
6/11/2016 9:00,0.017163089
6/11/2016 10:00,0.018252644
6/11/2016 11:00,0.018244343
6/11/2016 12:00,0.018503761
6/11/2016 13:00,0.018649035
6/11/2016 14:00,0.01925711
6/11/2016 15:00,0.018779781
6/11/2016 16:00,0.019763494
6/11/2016 17:00,0.019809151
6/11/2016 18:00,0.019367103
6/11/2016 19:00,0.020357042
6/11/2016 20:00,0.018314904
6/11/2016 21:00,0.019445966
6/11/2016 22:00,0.018242267
6/11/2016 23:00,0.01801398
6/12/2016 0:00,0.018597151
6/12/2016 1:00,0.017584383
6/12/2016 2:00,0.017800219
6/12/2016 3:00,0.018360562
6/12/2016 4:00,0.017642493
6/12/2016 5:00,0.016756321
6/12/2016 6:00,0.017441185
6/12/2016 7:00,0.016814431
6/12/2016 8:00,0.016577842
6/12/2016 9:00,0.017300061
6/12/2016 10:00,0.019080706
6/12/2016 11:00,0.019452192
6/12/2016 12:00,0.01804926
6/12/2016 13:00,0.018466404
6/12/2016 14:00,0.018121897
6/12/2016 15:00,0.019020521
6/12/2016 16:00,0.018584699
6/12/2016 17:00,0.017856253
6/12/2016 18:00,0.01786663
6/12/2016 19:00,0.017374774
6/12/2016 20:00,0.017974548
6/12/2016 21:00,0.017920589
6/12/2016 22:00,0.019201076
6/12/2016 23:00,0.017966247
6/13/2016 0:00,0.01780437
6/13/2016 1:00,0.017974548
6/13/2016 2:00,0.01774626
6/13/2016 3:00,0.017007438
6/13/2016 4:00,0.017275157
6/13/2016 5:00,0.017962096
6/13/2016 6:00,0.019072405
6/13/2016 7:00,0.019151268
6/13/2016 8:00,0.019935747
6/13/2016 9:00,0.021992413
6/13/2016 10:00,0.022494646
6/13/2016 11:00,0.024142468
6/13/2016 12:00,0.024266989
6/13/2016 13:00,0.023750228
6/13/2016 14:00,0.024260763
6/13/2016 15:00,0.023862297
6/13/2016 16:00,0.02306744
6/13/2016 17:00,0.022824625
6/13/2016 18:00,0.020927761
6/13/2016 19:00,0.022260132
6/13/2016 20:00,0.018900151
6/13/2016 21:00,0.018659411
6/13/2016 22:00,0.020062343
6/13/2016 23:00,0.01886072
6/14/2016 0:00,0.019084857
6/14/2016 1:00,0.017995301
6/14/2016 2:00,0.018646959
6/14/2016 3:00,0.017785692
6/14/2016 4:00,0.017810596
6/14/2016 5:00,0.01870922
6/14/2016 6:00,0.018505836
6/14/2016 7:00,0.020128754
6/14/2016 8:00,0.019333898
6/14/2016 9:00,0.022720858
6/14/2016 10:00,0.023839468
6/14/2016 11:00,0.023567598
6/14/2016 12:00,0.023519865
6/14/2016 13:00,0.024026249
6/14/2016 14:00,0.023785509
6/14/2016 15:00,0.023870598
6/14/2016 16:00,0.022739536
6/14/2016 17:00,0.022322392
6/14/2016 18:00,0.020745131
6/14/2016 19:00,0.021407166
6/14/2016 20:00,0.019311069
6/14/2016 21:00,0.02007272
6/14/2016 22:00,0.018945809
6/14/2016 23:00,0.017565705
6/15/2016 0:00,0.017515897
6/15/2016 1:00,0.017719281
6/15/2016 2:00,0.017758712
6/15/2016 3:00,0.017825123
6/15/2016 4:00,0.019001843
6/15/2016 5:00,0.019392007
6/15/2016 6:00,0.019701234
6/15/2016 7:00,0.018906377
6/15/2016 8:00,0.019462569
6/15/2016 9:00,0.020541748
6/15/2016 10:00,0.022698029
6/15/2016 11:00,0.024210954
6/15/2016 12:00,0.023540619
6/15/2016 13:00,0.024071906
6/15/2016 14:00,0.023963989
6/15/2016 15:00,0.023754379
6/15/2016 16:00,0.022953296
6/15/2016 17:00,0.021006624
6/15/2016 18:00,0.020788713
6/15/2016 19:00,0.021091714
6/15/2016 20:00,0.019964802
6/15/2016 21:00,0.018829589
6/15/2016 22:00,0.018269247
6/15/2016 23:00,0.018167555
6/16/2016 0:00,0.017611363
6/16/2016 1:00,0.018607528
6/16/2016 2:00,0.017756637
6/16/2016 3:00,0.017048945
6/16/2016 4:00,0.018678089
6/16/2016 5:00,0.017829274
6/16/2016 6:00,0.018875247
6/16/2016 7:00,0.020462885
6/16/2016 8:00,0.021706015
6/16/2016 9:00,0.022307865
6/16/2016 10:00,0.023079892
6/16/2016 11:00,0.023544769
6/16/2016 12:00,0.023822865
6/16/2016 13:00,0.02503279
6/16/2016 14:00,0.024682057
6/16/2016 15:00,0.023422324
6/16/2016 16:00,0.023009331
6/16/2016 17:00,0.022432385
6/16/2016 18:00,0.022538228
6/16/2016 19:00,0.022301639
6/16/2016 20:00,0.020301008
6/16/2016 21:00,0.019875562
6/16/2016 22:00,0.018634507
6/16/2016 23:00,0.019151268
6/17/2016 0:00,0.018632432
6/17/2016 1:00,0.018916754
6/17/2016 2:00,0.018283774
6/17/2016 3:00,0.017953795
6/17/2016 4:00,0.018310754
6/17/2016 5:00,0.019103535
6/17/2016 6:00,0.020865501
6/17/2016 7:00,0.0207057
6/17/2016 8:00,0.021322077
6/17/2016 9:00,0.021880344
6/17/2016 10:00,0.022592187
6/17/2016 11:00,0.023656838
6/17/2016 12:00,0.023129701
6/17/2016 13:00,0.023326858
6/17/2016 14:00,0.02394116
6/17/2016 15:00,0.024621872
6/17/2016 16:00,0.022413707
6/17/2016 17:00,0.021745447
6/17/2016 18:00,0.0223722
6/17/2016 19:00,0.020743056
6/17/2016 20:00,0.019829905
6/17/2016 21:00,0.019014295
6/17/2016 22:00,0.018906377
6/17/2016 23:00,0.017775315
6/18/2016 0:00,0.019130514
6/18/2016 1:00,0.017839651
6/18/2016 2:00,0.017364397
6/18/2016 3:00,0.018497534
6/18/2016 4:00,0.017891534
6/18/2016 5:00,0.01865111
6/18/2016 6:00,0.018182082
6/18/2016 7:00,0.017227424
6/18/2016 8:00,0.017096678
6/18/2016 9:00,0.018298302
6/18/2016 10:00,0.017827199
6/18/2016 11:00,0.017926815
6/18/2016 12:00,0.018765254
6/18/2016 13:00,0.018626206
6/18/2016 14:00,0.018514137
6/18/2016 15:00,0.018412445
6/18/2016 16:00,0.019545583
6/18/2016 17:00,0.019242583
6/18/2016 18:00,0.019223905
6/18/2016 19:00,0.018308678
6/18/2016 20:00,0.018067938
6/18/2016 21:00,0.018420747
6/18/2016 22:00,0.017856253
6/18/2016 23:00,0.018136425
6/19/2016 0:00,0.018082466
6/19/2016 1:00,0.017972473
6/19/2016 2:00,0.017943418
6/19/2016 3:00,0.01780437
6/19/2016 4:00,0.01807624
6/19/2016 5:00,0.017881158
6/19/2016 6:00,0.017945493
6/19/2016 7:00,0.017609288
6/19/2016 8:00,0.017663247
6/19/2016 9:00,0.017791918
6/19/2016 10:00,0.01819661
6/19/2016 11:00,0.01847263
6/19/2016 12:00,0.018476781
6/19/2016 13:00,0.018976939
6/19/2016 14:00,0.018902226
6/19/2016 15:00,0.018871096
6/19/2016 16:00,0.019589165
6/19/2016 17:00,0.019323521
6/19/2016 18:00,0.019645199
6/19/2016 19:00,0.019744816
6/19/2016 20:00,0.019416912
6/19/2016 21:00,0.019464644
6/19/2016 22:00,0.019541432
6/19/2016 23:00,0.019441816
6/20/2016 0:00,0.018509987
6/20/2016 1:00,0.018333582
6/20/2016 2:00,0.018422822
6/20/2016 3:00,0.018148877
6/20/2016 4:00,0.019026747
6/20/2016 5:00,0.018756952
6/20/2016 6:00,0.019475021
6/20/2016 7:00,0.021537912
6/20/2016 8:00,0.023831167
6/20/2016 9:00,0.024013797
6/20/2016 10:00,0.024580366
6/20/2016 11:00,0.02669514
6/20/2016 12:00,0.025070147
6/20/2016 13:00,0.026192907
6/20/2016 14:00,0.027971476
6/20/2016 15:00,0.027382079
6/20/2016 16:00,0.025867078
6/20/2016 17:00,0.024235859
6/20/2016 18:00,0.023140077
6/20/2016 19:00,0.022880659
6/20/2016 20:00,0.020363268
6/20/2016 21:00,0.020191015
6/20/2016 22:00,0.019802925
6/20/2016 23:00,0.019072405
6/21/2016 0:00,0.018684315
6/21/2016 1:00,0.018603377
6/21/2016 2:00,0.018368863
6/21/2016 3:00,0.01819661
6/21/2016 4:00,0.018163404
6/21/2016 5:00,0.018854494
6/21/2016 6:00,0.020483638
6/21/2016 7:00,0.020419302
6/21/2016 8:00,0.021199631
6/21/2016 9:00,0.022606714
6/21/2016 10:00,0.023827016
6/21/2016 11:00,0.024260763
6/21/2016 12:00,0.026614202
6/21/2016 13:00,0.025252777
6/21/2016 14:00,0.025057695
6/21/2016 15:00,0.024740167
6/21/2016 16:00,0.02457414
6/21/2016 17:00,0.023665139
6/21/2016 18:00,0.022525776
6/21/2016 19:00,0.021000398
6/21/2016 20:00,0.019541432
6/21/2016 21:00,0.018812987
6/21/2016 22:00,0.019946124
6/21/2016 23:00,0.018956185
6/22/2016 0:00,0.018767329
6/22/2016 1:00,0.018229815
6/22/2016 2:00,0.018072089
6/22/2016 3:00,0.018254719
6/22/2016 4:00,0.018366788
6/22/2016 5:00,0.018231891
6/22/2016 6:00,0.020006309
6/22/2016 7:00,0.019520679
6/22/2016 8:00,0.021232837
6/22/2016 9:00,0.022058824
6/22/2016 10:00,0.023849845
6/22/2016 11:00,0.025761236
6/22/2016 12:00,0.024872989
6/22/2016 13:00,0.023424399
6/22/2016 14:00,0.024208879
6/22/2016 15:00,0.025439558
6/22/2016 16:00,0.023467982
6/22/2016 17:00,0.023470057
6/22/2016 18:00,0.022722933
6/22/2016 19:00,0.021610549
6/22/2016 20:00,0.020516843
6/22/2016 21:00,0.019761419
6/22/2016 22:00,0.018925055
6/22/2016 23:00,0.018534891
6/23/2016 0:00,0.018404144
6/23/2016 1:00,0.018350185
6/23/2016 2:00,0.018536966
6/23/2016 3:00,0.018339808
6/23/2016 4:00,0.018346034
6/23/2016 5:00,0.01880261
6/23/2016 6:00,0.019421062
6/23/2016 7:00,0.019971028
6/23/2016 8:00,0.020539672
6/23/2016 9:00,0.022150139
6/23/2016 10:00,0.024022098
6/23/2016 11:00,0.024082283
6/23/2016 12:00,0.024042852
6/23/2016 13:00,0.022808022
6/23/2016 14:00,0.023310256
6/23/2016 15:00,0.023001029
6/23/2016 16:00,0.022637844
6/23/2016 17:00,0.021996563
6/23/2016 18:00,0.022536152
6/23/2016 19:00,0.021577344
6/23/2016 20:00,0.020054042
6/23/2016 21:00,0.020641364
6/23/2016 22:00,0.019836131
6/23/2016 23:00,0.019248809
6/24/2016 0:00,0.019294466
6/24/2016 1:00,0.018611678
6/24/2016 2:00,0.018765254
6/24/2016 3:00,0.018483007
6/24/2016 4:00,0.018729973
6/24/2016 5:00,0.018707144
6/24/2016 6:00,0.019786323
6/24/2016 7:00,0.019279939
6/24/2016 8:00,0.020000772
6/24/2016 9:00,0.022187495
6/24/2016 10:00,0.024642626
6/24/2016 11:00,0.024310571
6/24/2016 12:00,0.025005811
6/24/2016 13:00,0.024140393
6/24/2016 14:00,0.023631934
6/24/2016 15:00,0.023905879
6/24/2016 16:00,0.022507098
6/24/2016 17:00,0.021720543
6/24/2016 18:00,0.021436221
6/24/2016 19:00,0.020574953
6/24/2016 20:00,0.019037124
6/24/2016 21:00,0.018622055
6/24/2016 22:00,0.018698843
6/24/2016 23:00,0.017953795
6/25/2016 0:00,0.018310754
6/25/2016 1:00,0.018155103
6/25/2016 2:00,0.017632116
6/25/2016 3:00,0.017895685
6/25/2016 4:00,0.017534575
6/25/2016 5:00,0.017758712
6/25/2016 6:00,0.016884993
6/25/2016 7:00,0.017179692
6/25/2016 8:00,0.0175325
6/25/2016 9:00,0.017731733
6/25/2016 10:00,0.018242267
6/25/2016 11:00,0.018389617
6/25/2016 12:00,0.018456028
6/25/2016 13:00,0.018225665
6/25/2016 14:00,0.019159569
6/25/2016 15:00,0.019491624
6/25/2016 16:00,0.019431439
6/25/2016 17:00,0.019504076
6/25/2016 18:00,0.019032973
6/25/2016 19:00,0.019429364
6/25/2016 20:00,0.019323521
6/25/2016 21:00,0.019080706
6/25/2016 22:00,0.018694692
6/25/2016 23:00,0.018875247
6/26/2016 0:00,0.018364713
6/26/2016 1:00,0.018043034
6/26/2016 2:00,0.017964171
6/26/2016 3:00,0.017719281
6/26/2016 4:00,0.017829274
6/26/2016 5:00,0.017727582
6/26/2016 6:00,0.017289685
6/26/2016 7:00,0.017223274
6/26/2016 8:00,0.017111205
6/26/2016 9:00,0.017335342
6/26/2016 10:00,0.017586459
6/26/2016 11:00,0.018781857
6/26/2016 12:00,0.018536966
6/26/2016 13:00,0.018580548
6/26/2016 14:00,0.019045425
6/26/2016 15:00,0.019414836
6/26/2016 16:00,0.019937823
6/26/2016 17:00,0.01928824
6/26/2016 18:00,0.019840282
6/26/2016 19:00,0.02004159
6/26/2016 20:00,0.019894241
6/26/2016 21:00,0.019443891
6/26/2016 22:00,0.019161644
6/26/2016 23:00,0.018829589
6/27/2016 0:00,0.018597151
6/27/2016 1:00,0.01801398
6/27/2016 2:00,0.017744185
6/27/2016 3:00,0.018285849
6/27/2016 4:00,0.018111521
6/27/2016 5:00,0.018705069
6/27/2016 6:00,0.019008069
6/27/2016 7:00,0.01952898
6/27/2016 8:00,0.021390563
6/27/2016 9:00,0.021313775
6/27/2016 10:00,0.022785194
6/27/2016 11:00,0.024972605
6/27/2016 12:00,0.023773057
6/27/2016 13:00,0.025124106
6/27/2016 14:00,0.026342332
6/27/2016 15:00,0.026066311
6/27/2016 16:00,0.025128256
6/27/2016 17:00,0.024887516
6/27/2016 18:00,0.022957447
6/27/2016 19:00,0.022542379
6/27/2016 20:00,0.020388172
6/27/2016 21:00,0.019977254
6/27/2016 22:00,0.019433514
6/27/2016 23:00,0.02001046
6/28/2016 0:00,0.019279939
6/28/2016 1:00,0.018646959
6/28/2016 2:00,0.018939583
6/28/2016 3:00,0.018684315
6/28/2016 4:00,0.018375089
6/28/2016 5:00,0.01916372
6/28/2016 6:00,0.020730604
6/28/2016 7:00,0.020778337
6/28/2016 8:00,0.022199947
6/28/2016 9:00,0.023704571
6/28/2016 10:00,0.025601434
6/28/2016 11:00,0.025943866
6/28/2016 12:00,0.025669921
6/28/2016 13:00,0.026062161
6/28/2016 14:00,0.025323338
6/28/2016 15:00,0.025105427
6/28/2016 16:00,0.024221331
6/28/2016 17:00,0.023337235
6/28/2016 18:00,0.023086118
6/28/2016 19:00,0.02279557
6/28/2016 20:00,0.020035364
6/28/2016 21:00,0.020081021
6/28/2016 22:00,0.019705384
6/28/2016 23:00,0.019431439
6/29/2016 0:00,0.019248809
6/29/2016 1:00,0.018927131
6/29/2016 2:00,0.018906377
6/29/2016 3:00,0.019242583
6/29/2016 4:00,0.018559795
6/29/2016 5:00,0.018578473
6/29/2016 6:00,0.020398549
6/29/2016 7:00,0.020562501
6/29/2016 8:00,0.023243845
6/29/2016 9:00,0.024024174
6/29/2016 10:00,0.0259999
6/29/2016 11:00,0.026587223
6/29/2016 12:00,0.027014743
6/29/2016 13:00,0.026906825
6/29/2016 14:00,0.026838339
6/29/2016 15:00,0.027797148
6/29/2016 16:00,0.026257243
6/29/2016 17:00,0.025599359
6/29/2016 18:00,0.024144544
6/29/2016 19:00,0.022998954
6/29/2016 20:00,0.019875562
6/29/2016 21:00,0.019300692
6/29/2016 22:00,0.019782172
6/29/2016 23:00,0.018976939
6/30/2016 0:00,0.018638658
6/30/2016 1:00,0.017810596
6/30/2016 2:00,0.018568096
6/30/2016 3:00,0.018202836
6/30/2016 4:00,0.018844117
6/30/2016 5:00,0.019829905
6/30/2016 6:00,0.020657967
6/30/2016 7:00,0.020348741
6/30/2016 8:00,0.021876193
6/30/2016 9:00,0.023945311
6/30/2016 10:00,0.025468613
6/30/2016 11:00,0.024956003
6/30/2016 12:00,0.026111969
6/30/2016 13:00,0.025109578
6/30/2016 14:00,0.025686524
6/30/2016 15:00,0.025651243
6/30/2016 16:00,0.025921037
6/30/2016 17:00,0.02409266
6/30/2016 18:00,0.022905564
6/30/2016 19:00,0.023025933
6/30/2016 20:00,0.020062343
6/30/2016 21:00,0.019601617
6/30/2016 22:00,0.019780097
6/30/2016 23:00,0.019537281
7/1/2016 0:00,0.019410686
7/1/2016 1:00,0.019153343
7/1/2016 2:00,0.018676014
7/1/2016 3:00,0.018788083
7/1/2016 4:00,0.018997692
7/1/2016 5:00,0.019705384
7/1/2016 6:00,0.021058508
7/1/2016 7:00,0.021019077
7/1/2016 8:00,0.022540303
7/1/2016 9:00,0.023393269
7/1/2016 10:00,0.024385283
7/1/2016 11:00,0.026091215
7/1/2016 12:00,0.026130647
7/1/2016 13:00,0.025290133
7/1/2016 14:00,0.025489366
7/1/2016 15:00,0.025061845
7/1/2016 16:00,0.024136242
7/1/2016 17:00,0.023492886
7/1/2016 18:00,0.02225183
7/1/2016 19:00,0.021685262
7/1/2016 20:00,0.019939898
7/1/2016 21:00,0.019410686
7/1/2016 22:00,0.018781857
7/1/2016 23:00,0.017901911
7/2/2016 0:00,0.017559479
7/2/2016 1:00,0.017723431
7/2/2016 2:00,0.018267171
7/2/2016 3:00,0.017841726
7/2/2016 4:00,0.017561555
7/2/2016 5:00,0.018136425
7/2/2016 6:00,0.017316664
7/2/2016 7:00,0.016833109
7/2/2016 8:00,0.017165164
7/2/2016 9:00,0.017090452
7/2/2016 10:00,0.017704753
7/2/2016 11:00,0.018254719
7/2/2016 12:00,0.019028822
7/2/2016 13:00,0.017858329
7/2/2016 14:00,0.018399993
7/2/2016 15:00,0.01829
7/2/2016 16:00,0.018373014
7/2/2016 17:00,0.01831698
7/2/2016 18:00,0.018082466
7/2/2016 19:00,0.017920589
7/2/2016 20:00,0.017916438
7/2/2016 21:00,0.018011904
7/2/2016 22:00,0.017571931
7/2/2016 23:00,0.018223589
7/3/2016 0:00,0.017993226
7/3/2016 1:00,0.017592685
7/3/2016 2:00,0.017820973
7/3/2016 3:00,0.017333267
7/3/2016 4:00,0.017455712
7/3/2016 5:00,0.017650794
7/3/2016 6:00,0.016577842
7/3/2016 7:00,0.016687835
7/3/2016 8:00,0.016880842
7/3/2016 9:00,0.016920274
7/3/2016 10:00,0.017297986
7/3/2016 11:00,0.017312513
7/3/2016 12:00,0.018117747
7/3/2016 13:00,0.018213212
7/3/2016 14:00,0.018319055
7/3/2016 15:00,0.018976939
7/3/2016 16:00,0.019425213
7/3/2016 17:00,0.019126364
7/3/2016 18:00,0.018566021
7/3/2016 19:00,0.018194534
7/3/2016 20:00,0.018414521
7/3/2016 21:00,0.018690541
7/3/2016 22:00,0.018487158
7/3/2016 23:00,0.018551493
7/4/2016 0:00,0.017596836
7/4/2016 1:00,0.017870781
7/4/2016 2:00,0.017735884
7/4/2016 3:00,0.017681925
7/4/2016 4:00,0.017713055
7/4/2016 5:00,0.01820076
7/4/2016 6:00,0.017503445
7/4/2016 7:00,0.017273082
7/4/2016 8:00,0.017486842
7/4/2016 9:00,0.017449486
7/4/2016 10:00,0.018460178
7/4/2016 11:00,0.018603377
7/4/2016 12:00,0.020062343
7/4/2016 13:00,0.019165795
7/4/2016 14:00,0.019794624
7/4/2016 15:00,0.020234597
7/4/2016 16:00,0.020321761
7/4/2016 17:00,0.019609918
7/4/2016 18:00,0.020078946
7/4/2016 19:00,0.019207302
7/4/2016 20:00,0.019279939
7/4/2016 21:00,0.019676329
7/4/2016 22:00,0.01955596
7/4/2016 23:00,0.01976972
7/5/2016 0:00,0.018881473
7/5/2016 1:00,0.019389932
7/5/2016 2:00,0.018734124
7/5/2016 3:00,0.019049576
7/5/2016 4:00,0.019597466
7/5/2016 5:00,0.01968048
7/5/2016 6:00,0.021712241
7/5/2016 7:00,0.021199631
7/5/2016 8:00,0.022866132
7/5/2016 9:00,0.025501818
7/5/2016 10:00,0.02512203
7/5/2016 11:00,0.026383839
7/5/2016 12:00,0.025553702
7/5/2016 13:00,0.025263154
7/5/2016 14:00,0.025825572
7/5/2016 15:00,0.026867394
7/5/2016 16:00,0.025350318
7/5/2016 17:00,0.025140708
7/5/2016 18:00,0.024563763
7/5/2016 19:00,0.023395345
7/5/2016 20:00,0.020039515
7/5/2016 21:00,0.019362953
7/5/2016 22:00,0.019964802
7/5/2016 23:00,0.019589165
7/6/2016 0:00,0.019400309
7/6/2016 1:00,0.019427288
7/6/2016 2:00,0.019066179
7/6/2016 3:00,0.01934635
7/6/2016 4:00,0.019379555
7/6/2016 5:00,0.019682555
7/6/2016 6:00,0.021153974
7/6/2016 7:00,0.021666584
7/6/2016 8:00,0.022845379
7/6/2016 9:00,0.024167372
7/6/2016 10:00,0.025169763
7/6/2016 11:00,0.025128256
7/6/2016 12:00,0.025437482
7/6/2016 13:00,0.026103668
7/6/2016 14:00,0.026087065
7/6/2016 15:00,0.026950408
7/6/2016 16:00,0.025784065
7/6/2016 17:00,0.024466222
7/6/2016 18:00,0.023424399
7/6/2016 19:00,0.023096495
7/6/2016 20:00,0.020635138
7/6/2016 21:00,0.019688782
7/6/2016 22:00,0.019898391
7/6/2016 23:00,0.019472946
7/7/2016 0:00,0.019165795
7/7/2016 1:00,0.018748651
7/7/2016 2:00,0.019298617
7/7/2016 3:00,0.018595076
7/7/2016 4:00,0.019389932
7/7/2016 5:00,0.019726138
7/7/2016 6:00,0.021425844
7/7/2016 7:00,0.021907323
7/7/2016 8:00,0.023227242
7/7/2016 9:00,0.025709352
7/7/2016 10:00,0.02627177
7/7/2016 11:00,0.027149641
7/7/2016 12:00,0.027045873
7/7/2016 13:00,0.026572695
7/7/2016 14:00,0.027587538
7/7/2016 15:00,0.026558168
7/7/2016 16:00,0.02678438
7/7/2016 17:00,0.026205359
7/7/2016 18:00,0.025491441
7/7/2016 19:00,0.024246235
7/7/2016 20:00,0.021693563
7/7/2016 21:00,0.021747522
7/7/2016 22:00,0.020942289
7/7/2016 23:00,0.02064759
7/8/2016 0:00,0.020037439
7/8/2016 1:00,0.019989706
7/8/2016 2:00,0.019867261
7/8/2016 3:00,0.019537281
7/8/2016 4:00,0.01964935
7/8/2016 5:00,0.019659727
7/8/2016 6:00,0.021461125
7/8/2016 7:00,0.02303216
7/8/2016 8:00,0.023181584
7/8/2016 9:00,0.024204728
7/8/2016 10:00,0.026471003
7/8/2016 11:00,0.028010908
7/8/2016 12:00,0.026497983
7/8/2016 13:00,0.026599675
7/8/2016 14:00,0.028270326
7/8/2016 15:00,0.027546031
7/8/2016 16:00,0.026398366
7/8/2016 17:00,0.025020338
7/8/2016 18:00,0.023768906
7/8/2016 19:00,0.024273215
7/8/2016 20:00,0.020529296
7/8/2016 21:00,0.01971161
7/8/2016 22:00,0.019713686
7/8/2016 23:00,0.019381631
7/9/2016 0:00,0.019389932
7/9/2016 1:00,0.019273713
7/9/2016 2:00,0.019358802
7/9/2016 3:00,0.018997692
7/9/2016 4:00,0.018607528
7/9/2016 5:00,0.019055802
7/9/2016 6:00,0.019157494
7/9/2016 7:00,0.018694692
7/9/2016 8:00,0.01846848
7/9/2016 9:00,0.018678089
7/9/2016 10:00,0.019628597
7/9/2016 11:00,0.01949785
7/9/2016 12:00,0.020454583
7/9/2016 13:00,0.020794939
7/9/2016 14:00,0.020253275
7/9/2016 15:00,0.020838522
7/9/2016 16:00,0.020394398
7/9/2016 17:00,0.020566652
7/9/2016 18:00,0.020143282
7/9/2016 19:00,0.019184473
7/9/2016 20:00,0.018580548
7/9/2016 21:00,0.019383706
7/9/2016 22:00,0.019111836
7/9/2016 23:00,0.019091083
7/10/2016 0:00,0.018906377
7/10/2016 1:00,0.018327356
7/10/2016 2:00,0.018331507
7/10/2016 3:00,0.018422822
7/10/2016 4:00,0.018096993
7/10/2016 5:00,0.018053411
7/10/2016 6:00,0.018466404
7/10/2016 7:00,0.017580233
7/10/2016 8:00,0.018134349
7/10/2016 9:00,0.01835226
7/10/2016 10:00,0.018773555
7/10/2016 11:00,0.019109761
7/10/2016 12:00,0.018777706
7/10/2016 13:00,0.019095233
7/10/2016 14:00,0.019856884
7/10/2016 15:00,0.019931597
7/10/2016 16:00,0.019153343
7/10/2016 17:00,0.019502001
7/10/2016 18:00,0.019406535
7/10/2016 19:00,0.019757268
7/10/2016 20:00,0.019724062
7/10/2016 21:00,0.018981089
7/10/2016 22:00,0.018933357
7/10/2016 23:00,0.018719596
7/11/2016 0:00,0.01937748
7/11/2016 1:00,0.017937192
7/11/2016 2:00,0.018377165
7/11/2016 3:00,0.018323206
7/11/2016 4:00,0.018337733
7/11/2016 5:00,0.018879398
7/11/2016 6:00,0.020514768
7/11/2016 7:00,0.020770035
7/11/2016 8:00,0.022963673
7/11/2016 9:00,0.023924557
7/11/2016 10:00,0.026103668
7/11/2016 11:00,0.026925503
7/11/2016 12:00,0.025478989
7/11/2016 13:00,0.02536277
7/11/2016 14:00,0.025607661
7/11/2016 15:00,0.024466222
7/11/2016 16:00,0.024376982
7/11/2016 17:00,0.02412379
7/11/2016 18:00,0.023862297
7/11/2016 19:00,0.024383208
7/11/2016 20:00,0.021693563
7/11/2016 21:00,0.019991782
7/11/2016 22:00,0.019861035
7/11/2016 23:00,0.019684631
7/12/2016 0:00,0.020305158
7/12/2016 1:00,0.019354651
7/12/2016 2:00,0.018869021
7/12/2016 3:00,0.019142966
7/12/2016 4:00,0.018777706
7/12/2016 5:00,0.020253275
7/12/2016 6:00,0.0213117
7/12/2016 7:00,0.021456974
7/12/2016 8:00,0.022903488
7/12/2016 9:00,0.02400342
7/12/2016 10:00,0.026051784
7/12/2016 11:00,0.026697216
7/12/2016 12:00,0.026865319
7/12/2016 13:00,0.028052415
7/12/2016 14:00,0.026489681
7/12/2016 15:00,0.026074613
7/12/2016 16:00,0.025549551
7/12/2016 17:00,0.024368681
7/12/2016 18:00,0.024397735
7/12/2016 19:00,0.02337044
7/12/2016 20:00,0.021114542
7/12/2016 21:00,0.020244974
7/12/2016 22:00,0.02013498
7/12/2016 23:00,0.019647275
7/13/2016 0:00,0.019686706
7/13/2016 1:00,0.020388172
7/13/2016 2:00,0.01931522
7/13/2016 3:00,0.019638973
7/13/2016 4:00,0.019682555
7/13/2016 5:00,0.020853049
7/13/2016 6:00,0.022295413
7/13/2016 7:00,0.022698029
7/13/2016 8:00,0.023104797
7/13/2016 9:00,0.024449619
7/13/2016 10:00,0.025234099
7/13/2016 11:00,0.026807209
7/13/2016 12:00,0.025838024
7/13/2016 13:00,0.025663695
7/13/2016 14:00,0.027334346
7/13/2016 15:00,0.027716209
7/13/2016 16:00,0.026767777
7/13/2016 17:00,0.025294284
7/13/2016 18:00,0.023658913
7/13/2016 19:00,0.023306105
7/13/2016 20:00,0.020029138
7/13/2016 21:00,0.020454583
7/13/2016 22:00,0.019448042
7/13/2016 23:00,0.019039199
7/14/2016 0:00,0.019995932
7/14/2016 1:00,0.018406219
7/14/2016 2:00,0.018788083
7/14/2016 3:00,0.018759028
7/14/2016 4:00,0.019180322
7/14/2016 5:00,0.020058193
7/14/2016 6:00,0.021166426
7/14/2016 7:00,0.01980085
7/14/2016 8:00,0.023081968
7/14/2016 9:00,0.024277365
7/14/2016 10:00,0.026093291
7/14/2016 11:00,0.026383839
7/14/2016 12:00,0.026759476
7/14/2016 13:00,0.025522571
7/14/2016 14:00,0.026265544
7/14/2016 15:00,0.026589298
7/14/2016 16:00,0.025489366
7/14/2016 17:00,0.025236174
7/14/2016 18:00,0.023592502
7/14/2016 19:00,0.023534393
7/14/2016 20:00,0.020853049
7/14/2016 21:00,0.020514768
7/14/2016 22:00,0.020215919
7/14/2016 23:00,0.019228055
7/15/2016 0:00,0.019151268
7/15/2016 1:00,0.01858885
7/15/2016 2:00,0.018192459
7/15/2016 3:00,0.01837924
7/15/2016 4:00,0.019041274
7/15/2016 5:00,0.019267487
7/15/2016 6:00,0.02058533
7/15/2016 7:00,0.021718467
7/15/2016 8:00,0.022496721
7/15/2016 9:00,0.024005496
7/15/2016 10:00,0.026165928
7/15/2016 11:00,0.02657477
7/15/2016 12:00,0.02639214
7/15/2016 13:00,0.026877771
7/15/2016 14:00,0.027126812
7/15/2016 15:00,0.028293155
7/15/2016 16:00,0.025923113
7/15/2016 17:00,0.024352078
7/15/2016 18:00,0.023656838
7/15/2016 19:00,0.024300194
7/15/2016 20:00,0.020168186
7/15/2016 21:00,0.019416912
7/15/2016 22:00,0.018642809
7/15/2016 23:00,0.019358802
7/16/2016 0:00,0.019045425
7/16/2016 1:00,0.019383706
7/16/2016 2:00,0.018976939
7/16/2016 3:00,0.018275473
7/16/2016 4:00,0.018383391
7/16/2016 5:00,0.019159569
7/16/2016 6:00,0.017517972
7/16/2016 7:00,0.01829
7/16/2016 8:00,0.017976623
7/16/2016 9:00,0.017800219
7/16/2016 10:00,0.018134349
7/16/2016 11:00,0.018163404
7/16/2016 12:00,0.019566336
7/16/2016 13:00,0.019265411
7/16/2016 14:00,0.020120453
7/16/2016 15:00,0.01983198
7/16/2016 16:00,0.019933672
7/16/2016 17:00,0.020168186
7/16/2016 18:00,0.020506467
7/16/2016 19:00,0.020475337
7/16/2016 20:00,0.019782172
7/16/2016 21:00,0.019929521
7/16/2016 22:00,0.020242898
7/16/2016 23:00,0.019989706
7/17/2016 0:00,0.020348741
7/17/2016 1:00,0.019290316
7/17/2016 2:00,0.019182398
7/17/2016 3:00,0.018734124
7/17/2016 4:00,0.018078315
7/17/2016 5:00,0.019580864
7/17/2016 6:00,0.018991466
7/17/2016 7:00,0.017493068
7/17/2016 8:00,0.018040959
7/17/2016 9:00,0.018096993
7/17/2016 10:00,0.018663562
7/17/2016 11:00,0.018360562
7/17/2016 12:00,0.018520363
7/17/2016 13:00,0.018458103
7/17/2016 14:00,0.020475337
7/17/2016 15:00,0.019418987
7/17/2016 16:00,0.018725822
7/17/2016 17:00,0.019923295
7/17/2016 18:00,0.020327987
7/17/2016 19:00,0.020051967
7/17/2016 20:00,0.019111836
7/17/2016 21:00,0.019954425
7/17/2016 22:00,0.018958261
7/17/2016 23:00,0.018246418
7/18/2016 0:00,0.018121897
7/18/2016 1:00,0.01801813
7/18/2016 2:00,0.018333582
7/18/2016 3:00,0.018211137
7/18/2016 4:00,0.01816963
7/18/2016 5:00,0.019089007
7/18/2016 6:00,0.020653816
7/18/2016 7:00,0.022050522
7/18/2016 8:00,0.022540303
7/18/2016 9:00,0.023291577
7/18/2016 10:00,0.025391825
7/18/2016 11:00,0.027018894
7/18/2016 12:00,0.025068071
7/18/2016 13:00,0.027062476
7/18/2016 14:00,0.027023045
7/18/2016 15:00,0.025333715
7/18/2016 16:00,0.025254852
7/18/2016 17:00,0.024385283
7/18/2016 18:00,0.023204413
7/18/2016 19:00,0.02279557
7/18/2016 20:00,0.019510302
7/18/2016 21:00,0.019701234
7/18/2016 22:00,0.018979014
7/18/2016 23:00,0.018866946
7/19/2016 0:00,0.01829
7/19/2016 1:00,0.018539041
7/19/2016 2:00,0.01792474
7/19/2016 3:00,0.018294151
7/19/2016 4:00,0.018968637
7/19/2016 5:00,0.018566021
7/19/2016 6:00,0.02086135
7/19/2016 7:00,0.021606399
7/19/2016 8:00,0.021320001
7/19/2016 9:00,0.023536468
7/19/2016 10:00,0.023868523
7/19/2016 11:00,0.025036941
7/19/2016 12:00,0.026165928
7/19/2016 13:00,0.025925188
7/19/2016 14:00,0.025757085
7/19/2016 15:00,0.025200893
7/19/2016 16:00,0.025958394
7/19/2016 17:00,0.02306329
7/19/2016 18:00,0.021994488
7/19/2016 19:00,0.021612625
7/19/2016 20:00,0.019205227
7/19/2016 21:00,0.01883374
7/19/2016 22:00,0.019616145
7/19/2016 23:00,0.018827514
7/20/2016 0:00,0.018078315
7/20/2016 1:00,0.017856253
7/20/2016 2:00,0.018136425
7/20/2016 3:00,0.018839966
7/20/2016 4:00,0.018933357
7/20/2016 5:00,0.019076555
7/20/2016 6:00,0.020267802
7/20/2016 7:00,0.019912919
7/20/2016 8:00,0.02164583
7/20/2016 9:00,0.023470057
7/20/2016 10:00,0.024785825
7/20/2016 11:00,0.025701051
7/20/2016 12:00,0.025642941
7/20/2016 13:00,0.025400126
7/20/2016 14:00,0.025171838
7/20/2016 15:00,0.025078448
7/20/2016 16:00,0.02424416
7/20/2016 17:00,0.024053228
7/20/2016 18:00,0.022928392
7/20/2016 19:00,0.02200694
7/20/2016 20:00,0.019948199
7/20/2016 21:00,0.019157494
7/20/2016 22:00,0.019238432
7/20/2016 23:00,0.018796384
7/21/2016 0:00,0.018765254
7/21/2016 1:00,0.018673939
7/21/2016 2:00,0.018539041
7/21/2016 3:00,0.018150952
7/21/2016 4:00,0.018875247
7/21/2016 5:00,0.019126364
7/21/2016 6:00,0.020284405
7/21/2016 7:00,0.020869652
7/21/2016 8:00,0.021282645
7/21/2016 9:00,0.023384968
7/21/2016 10:00,0.023812489
7/21/2016 11:00,0.024810729
7/21/2016 12:00,0.024953927
7/21/2016 13:00,0.026234414
7/21/2016 14:00,0.026458551
7/21/2016 15:00,0.024964304
7/21/2016 16:00,0.023737776
7/21/2016 17:00,0.022513324
7/21/2016 18:00,0.022172967
7/21/2016 19:00,0.021560741
7/21/2016 20:00,0.018835815
7/21/2016 21:00,0.01913674
7/21/2016 22:00,0.019066179
7/21/2016 23:00,0.01816548
7/22/2016 0:00,0.017862479
7/22/2016 1:00,0.017914363
7/22/2016 2:00,0.018204911
7/22/2016 3:00,0.017277233
7/22/2016 4:00,0.018113596
7/22/2016 5:00,0.019001843
7/22/2016 6:00,0.019854809
7/22/2016 7:00,0.020728528
7/22/2016 8:00,0.022208248
7/22/2016 9:00,0.023007255
7/22/2016 10:00,0.024246235
7/22/2016 11:00,0.026060085
7/22/2016 12:00,0.026082914
7/22/2016 13:00,0.026527038
7/22/2016 14:00,0.027012668
7/22/2016 15:00,0.025889907
7/22/2016 16:00,0.024152845
7/22/2016 17:00,0.023050838
7/22/2016 18:00,0.022903488
7/22/2016 19:00,0.022042221
7/22/2016 20:00,0.018732048
7/22/2016 21:00,0.01931522
7/22/2016 22:00,0.019172021
7/22/2016 23:00,0.019568412
7/23/2016 0:00,0.019356727
7/23/2016 1:00,0.018970713
7/23/2016 2:00,0.018798459
7/23/2016 3:00,0.018783932
7/23/2016 4:00,0.018767329
7/23/2016 5:00,0.018557719
7/23/2016 6:00,0.018516213
7/23/2016 7:00,0.01849961
7/23/2016 8:00,0.018773555
7/23/2016 9:00,0.01880261
7/23/2016 10:00,0.019821603
7/23/2016 11:00,0.020834371
7/23/2016 12:00,0.01986311
7/23/2016 13:00,0.020029138
7/23/2016 14:00,0.021236988
7/23/2016 15:00,0.02061646
7/23/2016 16:00,0.022145988
7/23/2016 17:00,0.021048131
7/23/2016 18:00,0.021317926
7/23/2016 19:00,0.02052722
7/23/2016 20:00,0.020716076
7/23/2016 21:00,0.019900467
7/23/2016 22:00,0.021805632
7/23/2016 23:00,0.01973859
7/24/2016 0:00,0.019273713
7/24/2016 1:00,0.018935432
7/24/2016 2:00,0.019059953
7/24/2016 3:00,0.018460178
7/24/2016 4:00,0.018835815
7/24/2016 5:00,0.019086932
7/24/2016 6:00,0.018433199
7/24/2016 7:00,0.018163404
7/24/2016 8:00,0.018271322
7/24/2016 9:00,0.019340124
7/24/2016 10:00,0.019813302
7/24/2016 11:00,0.019636898
7/24/2016 12:00,0.020338364
7/24/2016 13:00,0.019381631
7/24/2016 14:00,0.020745131
7/24/2016 15:00,0.020363268
7/24/2016 16:00,0.020450433
7/24/2016 17:00,0.020520994
7/24/2016 18:00,0.01997933
7/24/2016 19:00,0.019778021
7/24/2016 20:00,0.020060268
7/24/2016 21:00,0.020029138
7/24/2016 22:00,0.019452192
7/24/2016 23:00,0.020396474
7/25/2016 0:00,0.020205542
7/25/2016 1:00,0.019418987
7/25/2016 2:00,0.019279939
7/25/2016 3:00,0.019522754
7/25/2016 4:00,0.019721987
7/25/2016 5:00,0.020645515
7/25/2016 6:00,0.021911474
7/25/2016 7:00,0.022407481
7/25/2016 8:00,0.022870283
7/25/2016 9:00,0.024870914
7/25/2016 10:00,0.025539174
7/25/2016 11:00,0.026462702
7/25/2016 12:00,0.025981222
7/25/2016 13:00,0.025850476
7/25/2016 14:00,0.027311517
7/25/2016 15:00,0.026111969
7/25/2016 16:00,0.02518014
7/25/2016 17:00,0.025290133
7/25/2016 18:00,0.023465906
7/25/2016 19:00,0.023847769
7/25/2016 20:00,0.020485713
7/25/2016 21:00,0.020927761
7/25/2016 22:00,0.019732364
7/25/2016 23:00,0.020101775
7/26/2016 0:00,0.019122213
7/26/2016 1:00,0.019101459
7/26/2016 2:00,0.01959124
7/26/2016 3:00,0.01922598
7/26/2016 4:00,0.019275788
7/26/2016 5:00,0.020058193
7/26/2016 6:00,0.020898707
7/26/2016 7:00,0.021946755
7/26/2016 8:00,0.022262207
7/26/2016 9:00,0.023770982
7/26/2016 10:00,0.025632565
7/26/2016 11:00,0.02584425
7/26/2016 12:00,0.026367236
7/26/2016 13:00,0.025653318
7/26/2016 14:00,0.026595524
7/26/2016 15:00,0.026782305
7/26/2016 16:00,0.02642327
7/26/2016 17:00,0.024717338
7/26/2016 18:00,0.024082283
7/26/2016 19:00,0.023683817
7/26/2016 20:00,0.020813618
7/26/2016 21:00,0.020332138
7/26/2016 22:00,0.020056117
7/26/2016 23:00,0.019929521
7/27/2016 0:00,0.019850658
7/27/2016 1:00,0.019217679
7/27/2016 2:00,0.020018761
7/27/2016 3:00,0.019153343
7/27/2016 4:00,0.019244658
7/27/2016 5:00,0.020012535
7/27/2016 6:00,0.022183344
7/27/2016 7:00,0.021687337
7/27/2016 8:00,0.02264407
7/27/2016 9:00,0.024706962
7/27/2016 10:00,0.026020654
7/27/2016 11:00,0.027178695
7/27/2016 12:00,0.026174229
7/27/2016 13:00,0.026194983
7/27/2016 14:00,0.026184606
7/27/2016 15:00,0.02636101
7/27/2016 16:00,0.02584425
7/27/2016 17:00,0.025039016
7/27/2016 18:00,0.024852236
7/27/2016 19:00,0.023279125
7/27/2016 20:00,0.020332138
7/27/2016 21:00,0.019856884
7/27/2016 22:00,0.019971028
7/27/2016 23:00,0.019421062
7/28/2016 0:00,0.019076555
7/28/2016 1:00,0.019267487
7/28/2016 2:00,0.019045425
7/28/2016 3:00,0.019726138
7/28/2016 4:00,0.019852734
7/28/2016 5:00,0.019514453
7/28/2016 6:00,0.021498481
7/28/2016 7:00,0.022073351
7/28/2016 8:00,0.023092344
7/28/2016 9:00,0.024439242
7/28/2016 10:00,0.026385914
7/28/2016 11:00,0.028224668
7/28/2016 12:00,0.028183161
7/28/2016 13:00,0.028245422
7/28/2016 14:00,0.028895004
7/28/2016 15:00,0.028197689
7/28/2016 16:00,0.02527353
7/28/2016 17:00,0.025406352
7/28/2016 18:00,0.024430941
7/28/2016 19:00,0.024534708
7/28/2016 20:00,0.020340439
7/28/2016 21:00,0.020126679
7/28/2016 22:00,0.019448042
7/28/2016 23:00,0.020392323
7/29/2016 0:00,0.01974274
7/29/2016 1:00,0.020487789
7/29/2016 2:00,0.020477412
7/29/2016 3:00,0.01946672
7/29/2016 4:00,0.019912919
7/29/2016 5:00,0.020180638
7/29/2016 6:00,0.021998639
7/29/2016 7:00,0.022359748
7/29/2016 8:00,0.023658913
7/29/2016 9:00,0.024646777
7/29/2016 10:00,0.02569275
7/29/2016 11:00,0.027647723
7/29/2016 12:00,0.027766017
7/29/2016 13:00,0.027060401
7/29/2016 14:00,0.027421511
7/29/2016 15:00,0.027396606
7/29/2016 16:00,0.026145174
7/29/2016 17:00,0.024273215
7/29/2016 18:00,0.023443077
7/29/2016 19:00,0.022467666
7/29/2016 20:00,0.020004234
7/29/2016 21:00,0.019072405
7/29/2016 22:00,0.018800535
7/29/2016 23:00,0.01870922
7/30/2016 0:00,0.018831665
7/30/2016 1:00,0.018748651
7/30/2016 2:00,0.018929206
7/30/2016 3:00,0.01807624
7/30/2016 4:00,0.018518288
7/30/2016 5:00,0.018105295
7/30/2016 6:00,0.018190384
7/30/2016 7:00,0.018078315
7/30/2016 8:00,0.018099069
7/30/2016 9:00,0.018217363
7/30/2016 10:00,0.0181385
7/30/2016 11:00,0.018354336
7/30/2016 12:00,0.018804685
7/30/2016 13:00,0.018578473
7/30/2016 14:00,0.019958576
7/30/2016 15:00,0.020269878
7/30/2016 16:00,0.019605768
7/30/2016 17:00,0.019543507
7/30/2016 18:00,0.019593316
7/30/2016 19:00,0.018873172
7/30/2016 20:00,0.019282014
7/30/2016 21:00,0.018933357
7/30/2016 22:00,0.018885624
7/30/2016 23:00,0.018671863
7/31/2016 0:00,0.018869021
7/31/2016 1:00,0.01910561
7/31/2016 2:00,0.01892298
7/31/2016 3:00,0.018655261
7/31/2016 4:00,0.018738274
7/31/2016 5:00,0.018622055
7/31/2016 6:00,0.018786007
7/31/2016 7:00,0.017753873
7/31/2016 8:00,0.017762174
7/31/2016 9:00,0.018574322
7/31/2016 10:00,0.018248493
7/31/2016 11:00,0.019321446
7/31/2016 12:00,0.018997692
7/31/2016 13:00,0.018970713
7/31/2016 14:00,0.019545583
7/31/2016 15:00,0.020197241
7/31/2016 16:00,0.019282014
7/31/2016 17:00,0.019358802
7/31/2016 18:00,0.02010385
7/31/2016 19:00,0.019572562
7/31/2016 20:00,0.018754877
7/31/2016 21:00,0.019311069
7/31/2016 22:00,0.018979014
7/31/2016 23:00,0.019230131
8/1/2016 0:00,0.020033289
8/1/2016 1:00,0.019149192
8/1/2016 2:00,0.01925711
8/1/2016 3:00,0.019609918
8/1/2016 4:00,0.01956011
8/1/2016 5:00,0.020112152
8/1/2016 6:00,0.022179193
8/1/2016 7:00,0.021867892
8/1/2016 8:00,0.022980276
8/1/2016 9:00,0.02421303
8/1/2016 10:00,0.026888147
8/1/2016 11:00,0.027093606
8/1/2016 12:00,0.027060401
8/1/2016 13:00,0.027014743
8/1/2016 14:00,0.027460942
8/1/2016 15:00,0.026010277
8/1/2016 16:00,0.025356544
8/1/2016 17:00,0.024266989
8/1/2016 18:00,0.024198502
8/1/2016 19:00,0.022924242
8/1/2016 20:00,0.021371885
8/1/2016 21:00,0.021539988
8/1/2016 22:00,0.020244974
8/1/2016 23:00,0.019512377
8/2/2016 0:00,0.01976972
8/2/2016 1:00,0.019402384
8/2/2016 2:00,0.018831665
8/2/2016 3:00,0.019176172
8/2/2016 4:00,0.019522754
8/2/2016 5:00,0.021193405
8/2/2016 6:00,0.021774502
8/2/2016 7:00,0.021587721
8/2/2016 8:00,0.022845379
8/2/2016 9:00,0.024094735
8/2/2016 10:00,0.024835633
8/2/2016 11:00,0.02578614
8/2/2016 12:00,0.027089456
8/2/2016 13:00,0.026043483
8/2/2016 14:00,0.026803058
8/2/2016 15:00,0.027830353
8/2/2016 16:00,0.025277681
8/2/2016 17:00,0.024304345
8/2/2016 18:00,0.023270824
8/2/2016 19:00,0.021730919
8/2/2016 20:00,0.019489549
8/2/2016 21:00,0.020022912
8/2/2016 22:00,0.019815377
8/2/2016 23:00,0.019651425
8/3/2016 0:00,0.019236357
8/3/2016 1:00,0.019184473
8/3/2016 2:00,0.019126364
8/3/2016 3:00,0.019176172
8/3/2016 4:00,0.020199316
8/3/2016 5:00,0.020597782
8/3/2016 6:00,0.021853365
8/3/2016 7:00,0.022382577
8/3/2016 8:00,0.02264407
8/3/2016 9:00,0.024520181
8/3/2016 10:00,0.025041092
8/3/2016 11:00,0.026149325
8/3/2016 12:00,0.026433647
8/3/2016 13:00,0.027570935
8/3/2016 14:00,0.026987764
8/3/2016 15:00,0.027633196
8/3/2016 16:00,0.026668161
8/3/2016 17:00,0.023984742
8/3/2016 18:00,0.023841543
8/3/2016 19:00,0.023210639
8/3/2016 20:00,0.02124944
8/3/2016 21:00,0.019788398
8/3/2016 22:00,0.019935747
8/3/2016 23:00,0.020261576
8/4/2016 0:00,0.019263336
8/4/2016 1:00,0.018947884
8/4/2016 2:00,0.018690541
8/4/2016 3:00,0.018827514
8/4/2016 4:00,0.019049576
8/4/2016 5:00,0.019452192
8/4/2016 6:00,0.022370125
8/4/2016 7:00,0.021334529
8/4/2016 8:00,0.023102721
8/4/2016 9:00,0.024132091
8/4/2016 10:00,0.025431256
8/4/2016 11:00,0.023990968
8/4/2016 12:00,0.02772036
8/4/2016 13:00,0.029586094
8/4/2016 14:00,0.02880784
8/4/2016 15:00,0.027533579
8/4/2016 16:00,0.027456791
8/4/2016 17:00,0.025993674
8/4/2016 18:00,0.024530557
8/4/2016 19:00,0.02309442
8/4/2016 20:00,0.020747207
8/4/2016 21:00,0.020832296
8/4/2016 22:00,0.019688782
8/4/2016 23:00,0.02013083
8/5/2016 0:00,0.019811227
8/5/2016 1:00,0.019944049
8/5/2016 2:00,0.018763178
8/5/2016 3:00,0.019018446
8/5/2016 4:00,0.019365028
8/5/2016 5:00,0.019037124
8/5/2016 6:00,0.021143597
8/5/2016 7:00,0.021726769
8/5/2016 8:00,0.022175043
8/5/2016 9:00,0.023223091
8/5/2016 10:00,0.024779599
8/5/2016 11:00,0.027456791
8/5/2016 12:00,0.02690475
8/5/2016 13:00,0.027286613
8/5/2016 14:00,0.026879846
8/5/2016 15:00,0.025520496
8/5/2016 16:00,0.024416413
8/5/2016 17:00,0.023692119
8/5/2016 18:00,0.02345553
8/5/2016 19:00,0.023144228
8/5/2016 20:00,0.020220069
8/5/2016 21:00,0.019609918
8/5/2016 22:00,0.019317295
8/5/2016 23:00,0.019317295
8/6/2016 0:00,0.018761103
8/6/2016 1:00,0.018835815
8/6/2016 2:00,0.018547343
8/6/2016 3:00,0.017883233
8/6/2016 4:00,0.018186233
8/6/2016 5:00,0.01835226
8/6/2016 6:00,0.018057562
8/6/2016 7:00,0.017704753
8/6/2016 8:00,0.017926815
8/6/2016 9:00,0.017937192
8/6/2016 10:00,0.018655261
8/6/2016 11:00,0.018796384
8/6/2016 12:00,0.019084857
8/6/2016 13:00,0.018783932
8/6/2016 14:00,0.019246733
8/6/2016 15:00,0.019456343
8/6/2016 16:00,0.019458418
8/6/2016 17:00,0.019429364
8/6/2016 18:00,0.019431439
8/6/2016 19:00,0.018939583
8/6/2016 20:00,0.019597466
8/6/2016 21:00,0.019410686
8/6/2016 22:00,0.018941658
8/6/2016 23:00,0.01934635
8/7/2016 0:00,0.018397918
8/7/2016 1:00,0.018194534
8/7/2016 2:00,0.018020206
8/7/2016 3:00,0.017702678
8/7/2016 4:00,0.01808039
8/7/2016 5:00,0.018155103
8/7/2016 6:00,0.017538726
8/7/2016 7:00,0.017308363
8/7/2016 8:00,0.017611363
8/7/2016 9:00,0.017972473
8/7/2016 10:00,0.01901222
8/7/2016 11:00,0.019147117
8/7/2016 12:00,0.018532815
8/7/2016 13:00,0.019304843
8/7/2016 14:00,0.018584699
8/7/2016 15:00,0.018966562
8/7/2016 16:00,0.019209377
8/7/2016 17:00,0.019122213
8/7/2016 18:00,0.018999768
8/7/2016 19:00,0.019113911
8/7/2016 20:00,0.019196925
8/7/2016 21:00,0.018698843
8/7/2016 22:00,0.018622055
8/7/2016 23:00,0.01822774
8/8/2016 0:00,0.018391692
8/8/2016 1:00,0.017789842
8/8/2016 2:00,0.017808521
8/8/2016 3:00,0.017787767
8/8/2016 4:00,0.018277548
8/8/2016 5:00,0.019385781
8/8/2016 6:00,0.021261892
8/8/2016 7:00,0.021481878
8/8/2016 8:00,0.022569358
8/8/2016 9:00,0.024999585
8/8/2016 10:00,0.024989208
8/8/2016 11:00,0.025516345
8/8/2016 12:00,0.025769537
8/8/2016 13:00,0.025097126
8/8/2016 14:00,0.026483455
8/8/2016 15:00,0.025086749
8/8/2016 16:00,0.024947701
8/8/2016 17:00,0.022965749
8/8/2016 18:00,0.022455214
8/8/2016 19:00,0.022637844
8/8/2016 20:00,0.018729973
8/8/2016 21:00,0.018773555
8/8/2016 22:00,0.019115987
8/8/2016 23:00,0.018306603
8/9/2016 0:00,0.018364713
8/9/2016 1:00,0.018132274
8/9/2016 2:00,0.01847263
8/9/2016 3:00,0.017669473
8/9/2016 4:00,0.018559795
8/9/2016 5:00,0.019093158
8/9/2016 6:00,0.020711926
8/9/2016 7:00,0.021361508
8/9/2016 8:00,0.021623001
8/9/2016 9:00,0.023494961
8/9/2016 10:00,0.024910345
8/9/2016 11:00,0.026504209
8/9/2016 12:00,0.025389749
8/9/2016 13:00,0.0258484
8/9/2016 14:00,0.026230263
8/9/2016 15:00,0.02675325
8/9/2016 16:00,0.025539174
8/9/2016 17:00,0.024204728
8/9/2016 18:00,0.02358005
8/9/2016 19:00,0.02388305
8/9/2016 20:00,0.020514768
8/9/2016 21:00,0.020191015
8/9/2016 22:00,0.019169946
8/9/2016 23:00,0.019628597
8/10/2016 0:00,0.019431439
8/10/2016 1:00,0.019211453
8/10/2016 2:00,0.019580864
8/10/2016 3:00,0.018991466
8/10/2016 4:00,0.019273713
8/10/2016 5:00,0.019250884
8/10/2016 6:00,0.02206505
8/10/2016 7:00,0.021490179
8/10/2016 8:00,0.021789029
8/10/2016 9:00,0.024094735
8/10/2016 10:00,0.026035181
8/10/2016 11:00,0.025748784
8/10/2016 12:00,0.026491757
8/10/2016 13:00,0.025908585
8/10/2016 14:00,0.026960784
8/10/2016 15:00,0.027454716
8/10/2016 16:00,0.025985373
8/10/2016 17:00,0.024165297
8/10/2016 18:00,0.023434776
8/10/2016 19:00,0.023021783
8/10/2016 20:00,0.019547658
8/10/2016 21:00,0.019628597
8/10/2016 22:00,0.019763494
8/10/2016 23:00,0.018819213
8/11/2016 0:00,0.018260945
8/11/2016 1:00,0.018094918
8/11/2016 2:00,0.017933041
8/11/2016 3:00,0.018308678
8/11/2016 4:00,0.018900151
8/11/2016 5:00,0.019097309
8/11/2016 6:00,0.020948515
8/11/2016 7:00,0.020691172
8/11/2016 8:00,0.022075426
8/11/2016 9:00,0.02294292
8/11/2016 10:00,0.024841859
8/11/2016 11:00,0.025034866
8/11/2016 12:00,0.025290133
8/11/2016 13:00,0.025458236
8/11/2016 14:00,0.026153476
8/11/2016 15:00,0.025049393
8/11/2016 16:00,0.024567914
8/11/2016 17:00,0.023310256
8/11/2016 18:00,0.02285368
8/11/2016 19:00,0.022708406
8/11/2016 20:00,0.019576713
8/11/2016 21:00,0.019365028
8/11/2016 22:00,0.01886072
8/11/2016 23:00,0.018974863
8/12/2016 0:00,0.018603377
8/12/2016 1:00,0.018381315
8/12/2016 2:00,0.018426973
8/12/2016 3:00,0.018526589
8/12/2016 4:00,0.01832113
8/12/2016 5:00,0.019410686
8/12/2016 6:00,0.020786638
8/12/2016 7:00,0.02152131
8/12/2016 8:00,0.023337235
8/12/2016 9:00,0.024599044
8/12/2016 10:00,0.024831482
8/12/2016 11:00,0.02638799
8/12/2016 12:00,0.026910976
8/12/2016 13:00,0.026207435
8/12/2016 14:00,0.025128256
8/12/2016 15:00,0.025701051
8/12/2016 16:00,0.025103352
8/12/2016 17:00,0.024175674
8/12/2016 18:00,0.023233468
8/12/2016 19:00,0.022770666
8/12/2016 20:00,0.019796699
8/12/2016 21:00,0.019574638
8/12/2016 22:00,0.018945809
8/12/2016 23:00,0.019410686
8/13/2016 0:00,0.018308678
8/13/2016 1:00,0.018223589
8/13/2016 2:00,0.017677774
8/13/2016 3:00,0.017410055
8/13/2016 4:00,0.01804511
8/13/2016 5:00,0.017351945
8/13/2016 6:00,0.017632116
8/13/2016 7:00,0.016953479
8/13/2016 8:00,0.016801979
8/13/2016 9:00,0.017214972
8/13/2016 10:00,0.017926815
8/13/2016 11:00,0.018734124
8/13/2016 12:00,0.018325281
8/13/2016 13:00,0.018796384
8/13/2016 14:00,0.019159569
8/13/2016 15:00,0.01931522
8/13/2016 16:00,0.019445966
8/13/2016 17:00,0.018478856
8/13/2016 18:00,0.019668028
8/13/2016 19:00,0.019271638
8/13/2016 20:00,0.019670103
8/13/2016 21:00,0.018839966
8/13/2016 22:00,0.019140891
8/13/2016 23:00,0.018659411
8/14/2016 0:00,0.018159254
8/14/2016 1:00,0.017540801
8/14/2016 2:00,0.018263021
8/14/2016 3:00,0.017559479
8/14/2016 4:00,0.01729176
8/14/2016 5:00,0.017793993
8/14/2016 6:00,0.01744326
8/14/2016 7:00,0.017204596
8/14/2016 8:00,0.01689952
8/14/2016 9:00,0.017281383
8/14/2016 10:00,0.017187993
8/14/2016 11:00,0.018466404
8/14/2016 12:00,0.017829274
8/14/2016 13:00,0.019582939
8/14/2016 14:00,0.02004159
8/14/2016 15:00,0.018831665
8/14/2016 16:00,0.018192459
8/14/2016 17:00,0.019246733
8/14/2016 18:00,0.018638658
8/14/2016 19:00,0.018236041
8/14/2016 20:00,0.019153343
8/14/2016 21:00,0.018177932
8/14/2016 22:00,0.018086617
8/14/2016 23:00,0.017874932
8/15/2016 0:00,0.018113596
8/15/2016 1:00,0.017843801
8/15/2016 2:00,0.017887384
8/15/2016 3:00,0.017306287
8/15/2016 4:00,0.017926815
8/15/2016 5:00,0.018665637
8/15/2016 6:00,0.02055835
8/15/2016 7:00,0.020099699
8/15/2016 8:00,0.022436536
8/15/2016 9:00,0.022903488
8/15/2016 10:00,0.025292208
8/15/2016 11:00,0.024462071
8/15/2016 12:00,0.024549235
8/15/2016 13:00,0.025923113
8/15/2016 14:00,0.025223722
8/15/2016 15:00,0.025188441
8/15/2016 16:00,0.024194352
8/15/2016 17:00,0.022847454
8/15/2016 18:00,0.022691803
8/15/2016 19:00,0.022156365
8/15/2016 20:00,0.019620295
8/15/2016 21:00,0.019045425
8/15/2016 22:00,0.018773555
8/15/2016 23:00,0.018607528
8/16/2016 0:00,0.018456028
8/16/2016 1:00,0.0181385
8/16/2016 2:00,0.017914363
8/16/2016 3:00,0.018568096
8/16/2016 4:00,0.018773555
8/16/2016 5:00,0.019956501
8/16/2016 6:00,0.020633063
8/16/2016 7:00,0.020875878
8/16/2016 8:00,0.022536152
8/16/2016 9:00,0.02373155
8/16/2016 10:00,0.024883366
8/16/2016 11:00,0.025653318
8/16/2016 12:00,0.02499751
8/16/2016 13:00,0.025588982
8/16/2016 14:00,0.025678222
8/16/2016 15:00,0.026622503
8/16/2016 16:00,0.024543009
8/16/2016 17:00,0.023810413
8/16/2016 18:00,0.023316482
8/16/2016 19:00,0.022633694
8/16/2016 20:00,0.021068885
8/16/2016 21:00,0.019385781
8/16/2016 22:00,0.020112152
8/16/2016 23:00,0.019049576
8/17/2016 0:00,0.018754877
8/17/2016 1:00,0.018509987
8/17/2016 2:00,0.018839966
8/17/2016 3:00,0.017937192
8/17/2016 4:00,0.018198685
8/17/2016 5:00,0.019657651
8/17/2016 6:00,0.020230446
8/17/2016 7:00,0.019763494
8/17/2016 8:00,0.021456974
8/17/2016 9:00,0.022407481
8/17/2016 10:00,0.023613256
8/17/2016 11:00,0.022907639
8/17/2016 12:00,0.024800352
8/17/2016 13:00,0.023252146
8/17/2016 14:00,0.022940844
8/17/2016 15:00,0.024047002
8/17/2016 16:00,0.023615331
8/17/2016 17:00,0.02318781
8/17/2016 18:00,0.022961598
8/17/2016 19:00,0.021764125
8/17/2016 20:00,0.01958709
8/17/2016 21:00,0.018997692
8/17/2016 22:00,0.018570172
8/17/2016 23:00,0.018609603
8/18/2016 0:00,0.018088692
8/18/2016 1:00,0.017941342
8/18/2016 2:00,0.017679849
8/18/2016 3:00,0.017688151
8/18/2016 4:00,0.017989075
8/18/2016 5:00,0.018628281
8/18/2016 6:00,0.02079909
8/18/2016 7:00,0.020054042
8/18/2016 8:00,0.021618851
8/18/2016 9:00,0.022843303
8/18/2016 10:00,0.024304345
8/18/2016 11:00,0.025302585
8/18/2016 12:00,0.024887516
8/18/2016 13:00,0.02557653
8/18/2016 14:00,0.025877455
8/18/2016 15:00,0.025549551
8/18/2016 16:00,0.024918647
8/18/2016 17:00,0.022828776
8/18/2016 18:00,0.021851289
8/18/2016 19:00,0.021334529
8/18/2016 20:00,0.019367103
8/18/2016 21:00,0.01835226
8/18/2016 22:00,0.018242267
8/18/2016 23:00,0.017802294
8/19/2016 0:00,0.017679849
8/19/2016 1:00,0.017540801
8/19/2016 2:00,0.013282197
8/19/2016 3:00,0.012933539
8/19/2016 4:00,0.01257658
8/19/2016 5:00,0.013645382
8/19/2016 6:00,0.017312513
8/19/2016 7:00,0.01780437
8/19/2016 8:00,0.020049891
8/19/2016 9:00,0.022540303
8/19/2016 10:00,0.02155244
8/19/2016 11:00,0.02297405
8/19/2016 12:00,0.023866448
8/19/2016 13:00,0.022606714
8/19/2016 14:00,0.022901413
8/19/2016 15:00,0.023596653
8/19/2016 16:00,0.023038386
8/19/2016 17:00,0.021909399
8/19/2016 18:00,0.021224536
8/19/2016 19:00,0.020002158
8/19/2016 20:00,0.019751042
8/19/2016 21:00,0.019385781
8/19/2016 22:00,0.019207302
8/19/2016 23:00,0.019076555
8/20/2016 0:00,0.018804685
8/20/2016 1:00,0.018665637
8/20/2016 2:00,0.018574322
8/20/2016 3:00,0.018563945
8/20/2016 4:00,0.019302768
8/20/2016 5:00,0.01874035
8/20/2016 6:00,0.019543507
8/20/2016 7:00,0.018779781
8/20/2016 8:00,0.019392007
8/20/2016 9:00,0.019971028
8/20/2016 10:00,0.019998008
8/20/2016 11:00,0.020882104
8/20/2016 12:00,0.020610234
8/20/2016 13:00,0.020992097
8/20/2016 14:00,0.022187495
8/20/2016 15:00,0.021853365
8/20/2016 16:00,0.021276419
8/20/2016 17:00,0.021502632
8/20/2016 18:00,0.01919485
8/20/2016 19:00,0.018929206
8/20/2016 20:00,0.019389932
8/20/2016 21:00,0.020877953
8/20/2016 22:00,0.020317611
8/20/2016 23:00,0.01931522
8/21/2016 0:00,0.019099384
8/21/2016 1:00,0.018935432
8/21/2016 2:00,0.019001843
8/21/2016 3:00,0.018914678
8/21/2016 4:00,0.019051651
8/21/2016 5:00,0.018966562
8/21/2016 6:00,0.018991466
8/21/2016 7:00,0.018927131
8/21/2016 8:00,0.01959124
8/21/2016 9:00,0.019582939
8/21/2016 10:00,0.019620295
8/21/2016 11:00,0.020203467
8/21/2016 12:00,0.01989009
8/21/2016 13:00,0.020931912
8/21/2016 14:00,0.020081021
8/21/2016 15:00,0.019790473
8/21/2016 16:00,0.020141206
8/21/2016 17:00,0.019572562
8/21/2016 18:00,0.019651425
8/21/2016 19:00,0.019066179
8/21/2016 20:00,0.01928409
8/21/2016 21:00,0.019236357
8/21/2016 22:00,0.019518603
8/21/2016 23:00,0.018404144
8/22/2016 0:00,0.018765254
8/22/2016 1:00,0.019020521
8/22/2016 2:00,0.019161644
8/22/2016 3:00,0.01853074
8/22/2016 4:00,0.01901222
8/22/2016 5:00,0.019331822
8/22/2016 6:00,0.019881788
8/22/2016 7:00,0.019032973
8/22/2016 8:00,0.019898391
8/22/2016 9:00,0.021452823
8/22/2016 10:00,0.023690043
8/22/2016 11:00,0.024229633
8/22/2016 12:00,0.023800037
8/22/2016 13:00,0.023631934
8/22/2016 14:00,0.024325098
8/22/2016 15:00,0.025219571
8/22/2016 16:00,0.023949461
8/22/2016 17:00,0.023565523
8/22/2016 18:00,0.022314091
8/22/2016 19:00,0.022754064
8/22/2016 20:00,0.021689412
8/22/2016 21:00,0.021226611
8/22/2016 22:00,0.020952666
8/22/2016 23:00,0.01868224
8/23/2016 0:00,0.017862479
8/23/2016 1:00,0.018219438
8/23/2016 2:00,0.0181385
8/23/2016 3:00,0.017333267
8/23/2016 4:00,0.018111521
8/23/2016 5:00,0.019057877
8/23/2016 6:00,0.020539672
8/23/2016 7:00,0.019854809
8/23/2016 8:00,0.022374276
8/23/2016 9:00,0.025775763
8/23/2016 10:00,0.025918962
8/23/2016 11:00,0.025039016
8/23/2016 12:00,0.026871545
8/23/2016 13:00,0.02557653
8/23/2016 14:00,0.026004051
8/23/2016 15:00,0.025698976
8/23/2016 16:00,0.025960469
8/23/2016 17:00,0.023806263
8/23/2016 18:00,0.022951221
8/23/2016 19:00,0.022814248
8/23/2016 20:00,0.022455214
8/23/2016 21:00,0.021952981
8/23/2016 22:00,0.021693563
8/23/2016 23:00,0.019657651
8/24/2016 0:00,0.018194534
8/24/2016 1:00,0.018074164
8/24/2016 2:00,0.017881158
8/24/2016 3:00,0.017856253
8/24/2016 4:00,0.01883374
8/24/2016 5:00,0.019394083
8/24/2016 6:00,0.02224768
8/24/2016 7:00,0.021440371
8/24/2016 8:00,0.022141837
8/24/2016 9:00,0.024810729
8/24/2016 10:00,0.026157626
8/24/2016 11:00,0.026165928
8/24/2016 12:00,0.026610051
8/24/2016 13:00,0.026091215
8/24/2016 14:00,0.026630805
8/24/2016 15:00,0.026263469
8/24/2016 16:00,0.026230263
8/24/2016 17:00,0.024733941
8/24/2016 18:00,0.023658913
8/24/2016 19:00,0.023071591
8/24/2016 20:00,0.021930152
8/24/2016 21:00,0.022401255
8/24/2016 22:00,0.022517474
8/24/2016 23:00,0.019323521
8/25/2016 0:00,0.018250569
8/25/2016 1:00,0.017964171
8/25/2016 2:00,0.017437034
8/25/2016 3:00,0.018117747
8/25/2016 4:00,0.018505836
8/25/2016 5:00,0.019665953
8/25/2016 6:00,0.021531686
8/25/2016 7:00,0.020803241
8/25/2016 8:00,0.022627468
8/25/2016 9:00,0.024561688
8/25/2016 10:00,0.024671681
8/25/2016 11:00,0.027139264
8/25/2016 12:00,0.026358935
8/25/2016 13:00,0.0273551
8/25/2016 14:00,0.027452641
8/25/2016 15:00,0.027792997
8/25/2016 16:00,0.02708738
8/25/2016 17:00,0.025261078
8/25/2016 18:00,0.023384968
8/25/2016 19:00,0.022843303
8/25/2016 20:00,0.022617091
8/25/2016 21:00,0.022262207
8/25/2016 22:00,0.022637844
8/25/2016 23:00,0.019161644
8/26/2016 0:00,0.018659411
8/26/2016 1:00,0.018370939
8/26/2016 2:00,0.018233966
8/26/2016 3:00,0.018505836
8/26/2016 4:00,0.019213528
8/26/2016 5:00,0.019614069
8/26/2016 6:00,0.022901413
8/26/2016 7:00,0.022150139
8/26/2016 8:00,0.023079892
8/26/2016 9:00,0.024738092
8/26/2016 10:00,0.027006442
8/26/2016 11:00,0.026705517
8/26/2016 12:00,0.0263029
8/26/2016 13:00,0.026479305
8/26/2016 14:00,0.025941791
8/26/2016 15:00,0.026809284
8/26/2016 16:00,0.026217811
8/26/2016 17:00,0.024767146
8/26/2016 18:00,0.023675516
8/26/2016 19:00,0.023019707
8/26/2016 20:00,0.022637844
8/26/2016 21:00,0.022498796
8/26/2016 22:00,0.023243845
8/26/2016 23:00,0.01895411
8/27/2016 0:00,0.01870922
8/27/2016 1:00,0.018072089
8/27/2016 2:00,0.018522439
8/27/2016 3:00,0.0178355
8/27/2016 4:00,0.018399993
8/27/2016 5:00,0.018300377
8/27/2016 6:00,0.019062028
8/27/2016 7:00,0.017901911
8/27/2016 8:00,0.018790158
8/27/2016 9:00,0.018752802
8/27/2016 10:00,0.018617904
8/27/2016 11:00,0.018896
8/27/2016 12:00,0.018817137
8/27/2016 13:00,0.019908768
8/27/2016 14:00,0.020427604
8/27/2016 15:00,0.020649665
8/27/2016 16:00,0.020186864
8/27/2016 17:00,0.019840282
8/27/2016 18:00,0.019201076
8/27/2016 19:00,0.019215603
8/27/2016 20:00,0.019651425
8/27/2016 21:00,0.019234281
8/27/2016 22:00,0.019292391
8/27/2016 23:00,0.018877322
8/28/2016 0:00,0.01871337
8/28/2016 1:00,0.018281699
8/28/2016 2:00,0.019238432
8/28/2016 3:00,0.017881158
8/28/2016 4:00,0.018055486
8/28/2016 5:00,0.01786663
8/28/2016 6:00,0.017549103
8/28/2016 7:00,0.017383075
8/28/2016 8:00,0.016920963
8/28/2016 9:00,0.017729657
8/28/2016 10:00,0.018456028
8/28/2016 11:00,0.019846508
8/28/2016 12:00,0.020085172
8/28/2016 13:00,0.019518603
8/28/2016 14:00,0.020305158
8/28/2016 15:00,0.020637213
8/28/2016 16:00,0.0208572
8/28/2016 17:00,0.020267802
8/28/2016 18:00,0.020869652
8/28/2016 19:00,0.019782172
8/28/2016 20:00,0.020311385
8/28/2016 21:00,0.019686706
8/28/2016 22:00,0.019873487
8/28/2016 23:00,0.019778021
8/29/2016 0:00,0.019118062
8/29/2016 1:00,0.018825439
8/29/2016 2:00,0.018804685
8/29/2016 3:00,0.018786007
8/29/2016 4:00,0.018952035
8/29/2016 5:00,0.019937823
8/29/2016 6:00,0.022623317
8/29/2016 7:00,0.022390878
8/29/2016 8:00,0.022899338
8/29/2016 9:00,0.024248311
8/29/2016 10:00,0.02557238
8/29/2016 11:00,0.025979147
8/29/2016 12:00,0.027363401
8/29/2016 13:00,0.02714549
8/29/2016 14:00,0.026782305
8/29/2016 15:00,0.026823812
8/29/2016 16:00,0.026363085
8/29/2016 17:00,0.024999585
8/29/2016 18:00,0.023791735
8/29/2016 19:00,0.022455214
8/29/2016 20:00,0.022297488
8/29/2016 21:00,0.022212399
8/29/2016 22:00,0.0226752
8/29/2016 23:00,0.0190475
8/30/2016 0:00,0.018491308
8/30/2016 1:00,0.018287925
8/30/2016 2:00,0.018036808
8/30/2016 3:00,0.018202836
8/30/2016 4:00,0.018229815
8/30/2016 5:00,0.018692617
8/30/2016 6:00,0.020844748
8/30/2016 7:00,0.021627152
8/30/2016 8:00,0.021840912
8/30/2016 9:00,0.024665455
8/30/2016 10:00,0.025842174
8/30/2016 11:00,0.027045873
8/30/2016 12:00,0.027427737
8/30/2016 13:00,0.027162093
8/30/2016 14:00,0.026506284
8/30/2016 15:00,0.026908901
8/30/2016 16:00,0.025647092
8/30/2016 17:00,0.024964304
8/30/2016 18:00,0.023403646
8/30/2016 19:00,0.023216865
8/30/2016 20:00,0.023619482
8/30/2016 21:00,0.022762365
8/30/2016 22:00,0.022067125
8/30/2016 23:00,0.01964935
8/31/2016 0:00,0.018551493
8/31/2016 1:00,0.018194534
8/31/2016 2:00,0.017791918
8/31/2016 3:00,0.017974548
8/31/2016 4:00,0.017831349
8/31/2016 5:00,0.019771795
8/31/2016 6:00,0.02170394
8/31/2016 7:00,0.02155659
8/31/2016 8:00,0.021857515
8/31/2016 9:00,0.023609105
8/31/2016 10:00,0.026547791
8/31/2016 11:00,0.027348874
8/31/2016 12:00,0.026118195
8/31/2016 13:00,0.027151716
8/31/2016 14:00,0.026296674
8/31/2016 15:00,0.027900915
8/31/2016 16:00,0.026803058
8/31/2016 17:00,0.024511879
8/31/2016 18:00,0.023721173
8/31/2016 19:00,0.021959207
8/31/2016 20:00,0.022262207
8/31/2016 21:00,0.02276029
8/31/2016 22:00,0.022563132
8/31/2016 23:00,0.019823679
