Time,
6/1/2016 0:00,2.059862509
6/1/2016 1:00,1.046759453
6/1/2016 2:00,0.948375319
6/1/2016 3:00,0.901529113
6/1/2016 4:00,0.925084259
6/1/2016 5:00,0.896859591
6/1/2016 6:00,0.963685644
6/1/2016 7:00,1.046156811
6/1/2016 8:00,2.597248745
6/1/2016 9:00,4.359168013
6/1/2016 10:00,4.777068722
6/1/2016 11:00,5.679129311
6/1/2016 12:00,5.838199857
6/1/2016 13:00,6.142076071
6/1/2016 14:00,5.47061978
6/1/2016 15:00,6.022180052
6/1/2016 16:00,6.161237126
6/1/2016 17:00,6.131964215
6/1/2016 18:00,5.917131599
6/1/2016 19:00,5.153070401
6/1/2016 20:00,4.181774474
6/1/2016 21:00,3.240916914
6/1/2016 22:00,2.610616902
6/1/2016 23:00,1.894812334
6/2/2016 0:00,1.696302292
6/2/2016 1:00,1.133371242
6/2/2016 2:00,1.017055764
6/2/2016 3:00,1.096750558
6/2/2016 4:00,1.097104922
6/2/2016 5:00,1.094859893
6/2/2016 6:00,1.80483919
6/2/2016 7:00,3.071989397
6/2/2016 8:00,3.214103752
6/2/2016 9:00,5.172867438
6/2/2016 10:00,4.805265612
6/2/2016 11:00,5.820924768
6/2/2016 12:00,5.913581476
6/2/2016 13:00,6.007840329
6/2/2016 14:00,6.135626173
6/2/2016 15:00,5.162516146
6/2/2016 16:00,3.941671487
6/2/2016 17:00,4.40032784
6/2/2016 18:00,3.695574283
6/2/2016 19:00,2.148781359
6/2/2016 20:00,1.051461635
6/2/2016 21:00,0.958289751
6/2/2016 22:00,0.911283226
6/2/2016 23:00,0.91626405
6/3/2016 0:00,0.894057877
6/3/2016 1:00,0.907028773
6/3/2016 2:00,0.871747937
6/3/2016 3:00,0.856182863
6/3/2016 4:00,0.872785609
6/3/2016 5:00,0.926952068
6/3/2016 6:00,0.951233584
6/3/2016 7:00,0.993985655
6/3/2016 8:00,1.055519583
6/3/2016 9:00,2.249983684
6/3/2016 10:00,4.805779788
6/3/2016 11:00,5.668428573
6/3/2016 12:00,5.90177
6/3/2016 13:00,6.198634005
6/3/2016 14:00,6.125037763
6/3/2016 15:00,5.794810202
6/3/2016 16:00,5.547288681
6/3/2016 17:00,6.350341981
6/3/2016 18:00,6.139499409
6/3/2016 19:00,4.422185005
6/3/2016 20:00,3.470950728
6/3/2016 21:00,1.421004134
6/3/2016 22:00,2.703868993
6/3/2016 23:00,2.353975805
6/4/2016 0:00,2.21260688
6/4/2016 1:00,1.838799095
6/4/2016 2:00,0.877040062
6/4/2016 3:00,0.907755143
6/4/2016 4:00,0.889388355
6/4/2016 5:00,0.894888014
6/4/2016 6:00,0.856494164
6/4/2016 7:00,0.841136624
6/4/2016 8:00,0.848400325
6/4/2016 9:00,0.877455131
6/4/2016 10:00,0.912009596
6/4/2016 11:00,1.616174807
6/4/2016 12:00,3.025825426
6/4/2016 13:00,4.980293737
6/4/2016 14:00,5.483543012
6/4/2016 15:00,5.264325856
6/4/2016 16:00,6.309719124
6/4/2016 17:00,5.762491821
6/4/2016 18:00,4.8699421
6/4/2016 19:00,4.120184512
6/4/2016 20:00,2.989096839
6/4/2016 21:00,2.188692285
6/4/2016 22:00,1.997472647
6/4/2016 23:00,1.755933821
6/5/2016 0:00,1.246110531
6/5/2016 1:00,1.024464739
6/5/2016 2:00,0.939655974
6/5/2016 3:00,0.935723746
6/5/2016 4:00,1.018542864
6/5/2016 5:00,1.026163623
6/5/2016 6:00,1.069815723
6/5/2016 7:00,1.247800325
6/5/2016 8:00,2.74057827
6/5/2016 9:00,1.380868286
6/5/2016 10:00,1.204243589
6/5/2016 11:00,1.044411285
6/5/2016 12:00,1.306743595
6/5/2016 13:00,2.136892048
6/5/2016 14:00,2.887857434
6/5/2016 15:00,3.27963141
6/5/2016 16:00,3.310649716
6/5/2016 17:00,4.024800311
6/5/2016 18:00,3.982655315
6/5/2016 19:00,2.499196842
6/5/2016 20:00,0.990708036
6/5/2016 21:00,0.972298318
6/5/2016 22:00,0.984231542
6/5/2016 23:00,0.92798974
6/6/2016 0:00,0.918339393
6/6/2016 1:00,0.899142468
6/6/2016 2:00,0.89945377
6/6/2016 3:00,0.894057877
6/6/2016 4:00,0.910349322
6/6/2016 5:00,0.916886653
6/6/2016 6:00,0.986410652
6/6/2016 7:00,0.993778121
6/6/2016 8:00,1.243454076
6/6/2016 9:00,2.113340891
6/6/2016 10:00,1.972317707
6/6/2016 11:00,2.112832406
6/6/2016 12:00,2.464049841
6/6/2016 13:00,3.568293093
6/6/2016 14:00,3.813732065
6/6/2016 15:00,4.312704175
6/6/2016 16:00,5.292085819
6/6/2016 17:00,5.113471445
6/6/2016 18:00,4.221734548
6/6/2016 19:00,2.720705146
6/6/2016 20:00,1.01999113
6/6/2016 21:00,0.986514419
6/6/2016 22:00,0.974581196
6/6/2016 23:00,0.93016885
6/7/2016 0:00,0.934838372
6/7/2016 1:00,0.906717471
6/7/2016 2:00,0.887935615
6/7/2016 3:00,0.895510617
6/7/2016 4:00,0.911283226
6/7/2016 5:00,0.920933572
6/7/2016 6:00,0.970119208
6/7/2016 7:00,1.002494563
6/7/2016 8:00,1.025842174
6/7/2016 9:00,1.099413093
6/7/2016 10:00,1.169559695
6/7/2016 11:00,1.276836528
6/7/2016 12:00,3.392186024
6/7/2016 13:00,4.40103598
6/7/2016 14:00,4.678131152
6/7/2016 15:00,5.352797947
6/7/2016 16:00,5.880202435
6/7/2016 17:00,5.68504147
6/7/2016 18:00,5.393598452
6/7/2016 19:00,3.721461262
6/7/2016 20:00,2.328794558
6/7/2016 21:00,1.674601395
6/7/2016 22:00,0.954554133
6/7/2016 23:00,0.920829805
6/8/2016 0:00,0.929234945
6/8/2016 1:00,0.908377746
6/8/2016 2:00,0.934008235
6/8/2016 3:00,0.90858528
6/8/2016 4:00,0.925810629
6/8/2016 5:00,0.922075011
6/8/2016 6:00,0.966487357
6/8/2016 7:00,0.991183942
6/8/2016 8:00,1.051265129
6/8/2016 9:00,1.180601631
6/8/2016 10:00,2.749248852
6/8/2016 11:00,1.892876784
6/8/2016 12:00,2.965720755
6/8/2016 13:00,3.810925926
6/8/2016 14:00,4.44294939
6/8/2016 15:00,5.363512004
6/8/2016 16:00,5.177830937
6/8/2016 17:00,5.650617057
6/8/2016 18:00,5.098441575
6/8/2016 19:00,3.532636156
6/8/2016 20:00,1.875442048
6/8/2016 21:00,1.457530175
6/8/2016 22:00,1.191564184
6/8/2016 23:00,0.964801378
6/9/2016 0:00,0.954450366
6/9/2016 1:00,0.951856187
6/9/2016 2:00,0.938366456
6/9/2016 3:00,0.924461656
6/9/2016 4:00,0.923527751
6/9/2016 5:00,0.936498647
6/9/2016 6:00,0.985580515
6/9/2016 7:00,0.95943119
6/9/2016 8:00,1.027606216
6/9/2016 9:00,1.137495642
6/9/2016 10:00,2.105837404
6/9/2016 11:00,4.303418097
6/9/2016 12:00,5.536895886
6/9/2016 13:00,6.256828887
6/9/2016 14:00,6.288611791
6/9/2016 15:00,6.479389628
6/9/2016 16:00,6.861116122
6/9/2016 17:00,6.933323704
6/9/2016 18:00,6.271100894
6/9/2016 19:00,4.635243894
6/9/2016 20:00,3.472057579
6/9/2016 21:00,3.081146613
6/9/2016 22:00,2.717981327
6/9/2016 23:00,2.247057579
6/10/2016 0:00,1.981976751
6/10/2016 1:00,1.831466215
6/10/2016 2:00,1.876016919
6/10/2016 3:00,1.801421472
6/10/2016 4:00,1.618152059
6/10/2016 5:00,1.63932056
6/10/2016 6:00,1.710543434
6/10/2016 7:00,1.456626229
6/10/2016 8:00,1.377828994
6/10/2016 9:00,2.438988723
6/10/2016 10:00,1.583814137
6/10/2016 11:00,2.757700449
6/10/2016 12:00,4.226954375
6/10/2016 13:00,4.862753876
6/10/2016 14:00,5.004965013
6/10/2016 15:00,5.236651293
6/10/2016 16:00,5.596568009
6/10/2016 17:00,5.609328592
6/10/2016 18:00,4.807797902
6/10/2016 19:00,3.502751213
6/10/2016 20:00,2.037702761
6/10/2016 21:00,1.07009462
6/10/2016 22:00,1.597921169
6/10/2016 23:00,1.446994073
6/11/2016 0:00,1.460276269
6/11/2016 1:00,1.405093168
6/11/2016 2:00,1.631849325
6/11/2016 3:00,1.606806849
6/11/2016 4:00,1.602656162
6/11/2016 5:00,1.631157544
6/11/2016 6:00,2.236180565
6/11/2016 7:00,2.833303392
6/11/2016 8:00,3.367692661
6/11/2016 9:00,4.782828905
6/11/2016 10:00,4.621118157
6/11/2016 11:00,5.319667828
6/11/2016 12:00,5.367403831
6/11/2016 13:00,6.580761463
6/11/2016 14:00,6.286011414
6/11/2016 15:00,6.638678237
6/11/2016 16:00,6.740378728
6/11/2016 17:00,7.066223264
6/11/2016 18:00,6.148263427
6/11/2016 19:00,4.648802804
6/11/2016 20:00,3.637660286
6/11/2016 21:00,3.088064425
6/11/2016 22:00,2.616151152
6/11/2016 23:00,2.142598634
6/12/2016 0:00,2.181476732
6/12/2016 1:00,2.255625565
6/12/2016 2:00,0.890010958
6/12/2016 3:00,0.918028092
6/12/2016 4:00,0.882124653
6/12/2016 5:00,0.837816075
6/12/2016 6:00,1.215239955
6/12/2016 7:00,1.863476896
6/12/2016 8:00,2.745250526
6/12/2016 9:00,4.183548055
6/12/2016 10:00,4.228713729
6/12/2016 11:00,4.738479493
6/12/2016 12:00,5.337099724
6/12/2016 13:00,5.984047817
6/12/2016 14:00,5.738126491
6/12/2016 15:00,6.231368066
6/12/2016 16:00,5.845646594
6/12/2016 17:00,5.402083561
6/12/2016 18:00,5.249442009
6/12/2016 19:00,4.449984919
6/12/2016 20:00,3.864969866
6/12/2016 21:00,3.194705938
6/12/2016 22:00,3.138405058
6/12/2016 23:00,2.597749774
6/13/2016 0:00,2.336957989
6/13/2016 1:00,2.281636533
6/13/2016 2:00,2.058084015
6/13/2016 3:00,2.008829202
6/13/2016 4:00,1.776677154
6/13/2016 5:00,1.822473062
6/13/2016 6:00,2.880975323
6/13/2016 7:00,3.635425575
6/13/2016 8:00,4.618153972
6/13/2016 9:00,5.081987733
6/13/2016 10:00,4.900247684
6/13/2016 11:00,5.028255407
6/13/2016 12:00,5.772826512
6/13/2016 13:00,6.428908515
6/13/2016 14:00,6.293312036
6/13/2016 15:00,4.279531715
6/13/2016 16:00,1.902879881
6/13/2016 17:00,2.01388233
6/13/2016 18:00,1.603151126
6/13/2016 19:00,1.113006591
6/13/2016 20:00,0.945007554
6/13/2016 21:00,0.932970563
6/13/2016 22:00,1.003117166
6/13/2016 23:00,0.943035978
6/14/2016 0:00,0.954242832
6/14/2016 1:00,0.899765071
6/14/2016 2:00,0.93234796
6/14/2016 3:00,0.889284588
6/14/2016 4:00,0.890529794
6/14/2016 5:00,0.935460975
6/14/2016 6:00,0.925291793
6/14/2016 7:00,1.006437715
6/14/2016 8:00,0.966694891
6/14/2016 9:00,1.136042901
6/14/2016 10:00,1.191973402
6/14/2016 11:00,1.277628687
6/14/2016 12:00,3.324208895
6/14/2016 13:00,4.597038321
6/14/2016 14:00,5.157529141
6/14/2016 15:00,5.370809864
6/14/2016 16:00,4.784302408
6/14/2016 17:00,4.786492808
6/14/2016 18:00,4.804675416
6/14/2016 19:00,4.260477716
6/14/2016 20:00,2.329071271
6/14/2016 21:00,1.754848001
6/14/2016 22:00,1.246387242
6/14/2016 23:00,0.890628066
6/15/2016 0:00,0.883698021
6/15/2016 1:00,0.908209868
6/15/2016 2:00,1.091780533
6/15/2016 3:00,1.096564665
6/15/2016 4:00,1.264165504
6/15/2016 5:00,1.005413782
6/15/2016 6:00,1.012319603
6/15/2016 7:00,1.738907236
6/15/2016 8:00,2.114868985
6/15/2016 9:00,2.080870375
6/15/2016 10:00,2.035129823
6/15/2016 11:00,3.245505103
6/15/2016 12:00,3.224402232
6/15/2016 13:00,4.194509388
6/15/2016 14:00,4.695088519
6/15/2016 15:00,4.203492275
6/15/2016 16:00,2.658606468
6/15/2016 17:00,2.609658929
6/15/2016 18:00,2.559371229
6/15/2016 19:00,1.909447572
6/15/2016 20:00,1.109910219
6/15/2016 21:00,0.941479471
6/15/2016 22:00,0.913462337
6/15/2016 23:00,0.908377746
6/16/2016 0:00,0.880568146
6/16/2016 1:00,0.930376384
6/16/2016 2:00,0.887831847
6/16/2016 3:00,0.852447245
6/16/2016 4:00,0.933904468
6/16/2016 5:00,0.891463698
6/16/2016 6:00,0.943762348
6/16/2016 7:00,1.023144228
6/16/2016 8:00,1.640083653
6/16/2016 9:00,2.488600621
6/16/2016 10:00,3.069257703
6/16/2016 11:00,4.030001845
6/16/2016 12:00,4.437113398
6/16/2016 13:00,5.246908651
6/16/2016 14:00,5.153302853
6/16/2016 15:00,4.828224097
6/16/2016 16:00,5.618222496
6/16/2016 17:00,5.659243571
6/16/2016 18:00,5.262697088
6/16/2016 19:00,3.615109246
6/16/2016 20:00,2.395067186
6/16/2016 21:00,1.741704161
6/16/2016 22:00,1.034526833
6/16/2016 23:00,0.957563381
6/17/2016 0:00,0.93162159
6/17/2016 1:00,0.945837692
6/17/2016 2:00,0.914188707
6/17/2016 3:00,0.897689728
6/17/2016 4:00,0.91553768
6/17/2016 5:00,0.955176736
6/17/2016 6:00,1.043275058
6/17/2016 7:00,1.035284986
6/17/2016 8:00,2.015359234
6/17/2016 9:00,3.091048125
6/17/2016 10:00,3.368771781
6/17/2016 11:00,3.982286258
6/17/2016 12:00,4.556815967
6/17/2016 13:00,5.673342273
6/17/2016 14:00,5.593258842
6/17/2016 15:00,5.967081085
6/17/2016 16:00,5.820122854
6/17/2016 17:00,5.643010254
6/17/2016 18:00,5.04844791
6/17/2016 19:00,3.511203727
6/17/2016 20:00,2.571993658
6/17/2016 21:00,1.892619665
6/17/2016 22:00,0.966599465
6/17/2016 23:00,0.888765752
6/18/2016 0:00,0.956525709
6/18/2016 1:00,0.891982534
6/18/2016 2:00,0.868219854
6/18/2016 3:00,0.924876725
6/18/2016 4:00,0.894576713
6/18/2016 5:00,0.932555495
6/18/2016 6:00,0.909104116
6/18/2016 7:00,0.861371221
6/18/2016 8:00,1.784011322
6/18/2016 9:00,2.623650479
6/18/2016 10:00,3.127838025
6/18/2016 11:00,4.404586569
6/18/2016 12:00,5.495687134
6/18/2016 13:00,5.389439913
6/18/2016 14:00,5.557900734
6/18/2016 15:00,5.645168544
6/18/2016 16:00,5.871281361
6/18/2016 17:00,5.637835729
6/18/2016 18:00,5.345558533
6/18/2016 19:00,3.807245218
6/18/2016 20:00,2.912862562
6/18/2016 21:00,0.95574708
6/18/2016 22:00,0.90434638
6/18/2016 23:00,0.906821238
6/19/2016 0:00,0.904123292
6/19/2016 1:00,0.898623632
6/19/2016 2:00,0.897170892
6/19/2016 3:00,0.890218492
6/19/2016 4:00,0.903811991
6/19/2016 5:00,0.894057877
6/19/2016 6:00,0.897274659
6/19/2016 7:00,0.880464379
6/19/2016 8:00,1.718374752
6/19/2016 9:00,2.782636046
6/19/2016 10:00,3.519400309
6/19/2016 11:00,4.613969999
6/19/2016 12:00,5.121551038
6/19/2016 13:00,5.592624717
6/19/2016 14:00,5.877347018
6/19/2016 15:00,6.220492636
6/19/2016 16:00,6.203096019
6/19/2016 17:00,6.284870594
6/19/2016 18:00,5.642086292
6/19/2016 19:00,4.15298772
6/19/2016 20:00,3.002794105
6/19/2016 21:00,1.214309631
6/19/2016 22:00,1.085919251
6/19/2016 23:00,0.972090784
6/20/2016 0:00,0.925499328
6/20/2016 1:00,0.916679119
6/20/2016 2:00,0.921141107
6/20/2016 3:00,0.907443841
6/20/2016 4:00,0.951337351
6/20/2016 5:00,0.93784762
6/20/2016 6:00,0.973751058
6/20/2016 7:00,1.076895619
6/20/2016 8:00,2.371559873
6/20/2016 9:00,3.677375621
6/20/2016 10:00,4.543555166
6/20/2016 11:00,6.070881818
6/20/2016 12:00,5.980751869
6/20/2016 13:00,6.799396089
6/20/2016 14:00,7.047294379
6/20/2016 15:00,7.180687008
6/20/2016 16:00,6.988463416
6/20/2016 17:00,6.687498858
6/20/2016 18:00,5.871512583
6/20/2016 19:00,4.362043965
6/20/2016 20:00,2.149217873
6/20/2016 21:00,1.262734306
6/20/2016 22:00,1.100737201
6/20/2016 23:00,0.973402521
6/21/2016 0:00,0.934215769
6/21/2016 1:00,0.93016885
6/21/2016 2:00,0.91844316
6/21/2016 3:00,0.909830486
6/21/2016 4:00,0.908170211
6/21/2016 5:00,0.942724677
6/21/2016 6:00,1.0241819
6/21/2016 7:00,1.020965118
6/21/2016 8:00,2.28982706
6/21/2016 9:00,4.072281394
6/21/2016 10:00,4.507254996
6/21/2016 11:00,5.199994776
6/21/2016 12:00,6.03845161
6/21/2016 13:00,6.293597963
6/21/2016 14:00,6.440607086
6/21/2016 15:00,6.785324418
6/21/2016 16:00,6.929122805
6/21/2016 17:00,6.970749778
6/21/2016 18:00,6.428335132
6/21/2016 19:00,4.815053475
6/21/2016 20:00,3.719428811
6/21/2016 21:00,2.795865778
6/21/2016 22:00,2.938074939
6/21/2016 23:00,2.413745691
6/22/2016 0:00,2.192821941
6/22/2016 1:00,1.631987681
6/22/2016 2:00,1.121472608
6/22/2016 3:00,1.133647955
6/22/2016 4:00,1.141119192
6/22/2016 5:00,1.382126038
6/22/2016 6:00,1.580420602
6/22/2016 7:00,2.935372426
6/22/2016 8:00,4.142980248
6/22/2016 9:00,4.98472332
6/22/2016 10:00,4.735508086
6/22/2016 11:00,5.109794233
6/22/2016 12:00,5.45295289
6/22/2016 13:00,5.946700822
6/22/2016 14:00,6.750554564
6/22/2016 15:00,7.021996171
6/22/2016 16:00,7.062574446
6/22/2016 17:00,7.005868598
6/22/2016 18:00,6.952222793
6/22/2016 19:00,5.405703293
6/22/2016 20:00,4.242789566
6/22/2016 21:00,3.567427902
6/22/2016 22:00,3.12000368
6/22/2016 23:00,2.843992712
6/23/2016 0:00,2.376942936
6/23/2016 1:00,1.848345674
6/23/2016 2:00,1.652464401
6/23/2016 3:00,1.805987227
6/23/2016 4:00,1.848068962
6/23/2016 5:00,1.836840664
6/23/2016 6:00,2.249737482
6/23/2016 7:00,2.76640188
6/23/2016 8:00,3.963471635
6/23/2016 9:00,5.207151777
6/23/2016 10:00,5.376348383
6/23/2016 11:00,5.81016355
6/23/2016 12:00,5.683456607
6/23/2016 13:00,6.60520622
6/23/2016 14:00,7.134259636
6/23/2016 15:00,6.891994493
6/23/2016 16:00,6.805637794
6/23/2016 17:00,6.903811328
6/23/2016 18:00,6.872774196
6/23/2016 19:00,5.30730773
6/23/2016 20:00,4.461936129
6/23/2016 21:00,3.876090939
6/23/2016 22:00,3.18074206
6/23/2016 23:00,2.891587251
6/24/2016 0:00,2.436297754
6/24/2016 1:00,1.865778559
6/24/2016 2:00,1.667683585
6/24/2016 3:00,1.148867139
6/24/2016 4:00,1.165331529
6/24/2016 5:00,1.413809611
6/24/2016 6:00,2.515351034
6/24/2016 7:00,3.220031526
6/24/2016 8:00,3.919535742
6/24/2016 9:00,5.226715744
6/24/2016 10:00,5.138954039
6/24/2016 11:00,6.0603867
6/24/2016 12:00,6.449607235
6/24/2016 13:00,6.433179021
6/24/2016 14:00,6.449452164
6/24/2016 15:00,6.535432447
6/24/2016 16:00,6.805655358
6/24/2016 17:00,6.615928939
6/24/2016 18:00,6.858484363
6/24/2016 19:00,5.33666354
6/24/2016 20:00,4.144141582
6/24/2016 21:00,3.491470339
6/24/2016 22:00,2.854922853
6/24/2016 23:00,2.138586305
6/25/2016 0:00,1.912383573
6/25/2016 1:00,1.377006858
6/25/2016 2:00,1.094391356
6/25/2016 3:00,1.109303968
6/25/2016 4:00,1.584165487
6/25/2016 5:00,1.60058082
6/25/2016 6:00,2.544328893
6/25/2016 7:00,3.377889057
6/25/2016 8:00,4.160053602
6/25/2016 9:00,4.890710286
6/25/2016 10:00,5.621944703
6/25/2016 11:00,5.463038371
6/25/2016 12:00,6.025938421
6/25/2016 13:00,5.994647331
6/25/2016 14:00,6.423318553
6/25/2016 15:00,7.140137861
6/25/2016 16:00,5.942095931
6/25/2016 17:00,6.742577582
6/25/2016 18:00,5.758864871
6/25/2016 19:00,5.372374401
6/25/2016 20:00,4.163234741
6/25/2016 21:00,3.522047062
6/25/2016 22:00,3.10464614
6/25/2016 23:00,2.408349798
6/26/2016 0:00,1.915980835
6/26/2016 1:00,1.369535621
6/26/2016 2:00,1.029874468
6/26/2016 3:00,1.09806725
6/26/2016 4:00,1.104419254
6/26/2016 5:00,1.01544111
6/26/2016 6:00,1.072477333
6/26/2016 7:00,2.088735519
6/26/2016 8:00,3.635190446
6/26/2016 9:00,4.111048534
6/26/2016 10:00,4.43799825
6/26/2016 11:00,5.207022126
6/26/2016 12:00,4.977190428
6/26/2016 13:00,6.069648599
6/26/2016 14:00,6.554896519
6/26/2016 15:00,6.688849008
6/26/2016 16:00,6.157613599
6/26/2016 17:00,3.331238075
6/26/2016 18:00,3.272722169
6/26/2016 19:00,3.009439326
6/26/2016 20:00,2.367949367
6/26/2016 21:00,1.921259401
6/26/2016 22:00,1.969109622
6/26/2016 23:00,1.738639294
6/27/2016 0:00,1.723143398
6/27/2016 1:00,1.367598634
6/27/2016 2:00,1.349612326
6/27/2016 3:00,1.135723299
6/27/2016 4:00,1.038224265
6/27/2016 5:00,0.970610261
6/27/2016 6:00,1.633779998
6/27/2016 7:00,2.263595757
6/27/2016 8:00,2.97505433
6/27/2016 9:00,3.422390084
6/27/2016 10:00,4.085385404
6/27/2016 11:00,4.669036036
6/27/2016 12:00,4.156517326
6/27/2016 13:00,5.166133762
6/27/2016 14:00,5.892355752
6/27/2016 15:00,5.720318349
6/27/2016 16:00,5.968428741
6/27/2016 17:00,5.147501093
6/27/2016 18:00,4.952163145
6/27/2016 19:00,4.342825234
6/27/2016 20:00,3.067544814
6/27/2016 21:00,2.665150282
6/27/2016 22:00,2.237234287
6/27/2016 23:00,1.11249748
6/28/2016 0:00,0.985183956
6/28/2016 1:00,0.93234796
6/28/2016 2:00,0.94697913
6/28/2016 3:00,0.934215769
6/28/2016 4:00,0.918754462
6/28/2016 5:00,0.958185984
6/28/2016 6:00,1.179918723
6/28/2016 7:00,2.107520674
6/28/2016 8:00,2.861592373
6/28/2016 9:00,4.343463356
6/28/2016 10:00,5.05288858
6/28/2016 11:00,5.490766076
6/28/2016 12:00,6.267099536
6/28/2016 13:00,6.481241158
6/28/2016 14:00,6.94504854
6/28/2016 15:00,6.110358825
6/28/2016 16:00,6.631057717
6/28/2016 17:00,6.33197093
6/28/2016 18:00,5.28279182
6/28/2016 19:00,4.435834369
6/28/2016 20:00,3.044024256
6/28/2016 21:00,2.880401427
6/28/2016 22:00,1.797025619
6/28/2016 23:00,1.778762598
6/29/2016 0:00,1.766587251
6/29/2016 1:00,1.428475369
6/29/2016 2:00,1.083266132
6/29/2016 3:00,1.001150415
6/29/2016 4:00,1.059919797
6/29/2016 5:00,0.928923644
6/29/2016 6:00,1.473976164
6/29/2016 7:00,2.595094659
6/29/2016 8:00,3.940070097
6/29/2016 9:00,4.293980487
6/29/2016 10:00,5.026316016
6/29/2016 11:00,5.124321869
6/29/2016 12:00,5.939957345
6/29/2016 13:00,6.695112493
6/29/2016 14:00,6.70987393
6/29/2016 15:00,6.820191662
6/29/2016 16:00,7.011390234
6/29/2016 17:00,6.714653714
6/29/2016 18:00,5.607343498
6/29/2016 19:00,4.369930268
6/29/2016 20:00,3.283370828
6/29/2016 21:00,2.370046155
6/29/2016 22:00,2.010478132
6/29/2016 23:00,0.948846939
6/30/2016 0:00,0.931932892
6/30/2016 1:00,0.890529794
6/30/2016 2:00,0.928404808
6/30/2016 3:00,0.910141787
6/30/2016 4:00,0.942205841
6/30/2016 5:00,0.991495243
6/30/2016 6:00,1.032898341
6/30/2016 7:00,1.017986148
6/30/2016 8:00,2.979655959
6/30/2016 9:00,4.012852475
6/30/2016 10:00,5.278880755
6/30/2016 11:00,6.017511508
6/30/2016 12:00,5.895862126
6/30/2016 13:00,7.024458545
6/30/2016 14:00,6.429703619
6/30/2016 15:00,7.063578172
6/30/2016 16:00,6.930214568
6/30/2016 17:00,6.698676741
6/30/2016 18:00,6.02415121
6/30/2016 19:00,4.17747727
6/30/2016 20:00,3.045822887
6/30/2016 21:00,3.09844114
6/30/2016 22:00,2.843673108
6/30/2016 23:00,2.494152098
7/1/2016 0:00,2.152379035
7/1/2016 1:00,1.735222865
7/1/2016 2:00,1.370067601
7/1/2016 3:00,1.109896106
7/1/2016 4:00,0.98777096
7/1/2016 5:00,0.985269214
7/1/2016 6:00,1.268712283
7/1/2016 7:00,1.871133504
7/1/2016 8:00,2.889436623
7/1/2016 9:00,3.611152621
7/1/2016 10:00,3.785651868
7/1/2016 11:00,4.43731967
7/1/2016 12:00,4.579895175
7/1/2016 13:00,5.201773603
7/1/2016 14:00,4.718948018
7/1/2016 15:00,5.527447775
7/1/2016 16:00,5.477925226
7/1/2016 17:00,5.078165998
7/1/2016 18:00,4.552362228
7/1/2016 19:00,3.815725219
7/1/2016 20:00,2.579326538
7/1/2016 21:00,2.169045701
7/1/2016 22:00,1.735457101
7/1/2016 23:00,1.676794065
7/2/2016 0:00,1.156941924
7/2/2016 1:00,0.886171573
7/2/2016 2:00,0.91335857
7/2/2016 3:00,0.892086301
7/2/2016 4:00,0.878077734
7/2/2016 5:00,0.906821238
7/2/2016 6:00,0.865833209
7/2/2016 7:00,0.84165546
7/2/2016 8:00,1.401161336
7/2/2016 9:00,3.158156342
7/2/2016 10:00,3.901964939
7/2/2016 11:00,4.312389736
7/2/2016 12:00,4.633395806
7/2/2016 13:00,4.41699753
7/2/2016 14:00,4.967190353
7/2/2016 15:00,4.529180028
7/2/2016 16:00,4.86734436
7/2/2016 17:00,4.926605206
7/2/2016 18:00,4.888078476
7/2/2016 19:00,3.526286623
7/2/2016 20:00,2.902762559
7/2/2016 21:00,2.534126945
7/2/2016 22:00,2.11312876
7/2/2016 23:00,1.906572612
7/3/2016 0:00,1.682881739
7/3/2016 1:00,1.339512322
7/3/2016 2:00,1.354731506
7/3/2016 3:00,1.077456554
7/3/2016 4:00,1.084341711
7/3/2016 5:00,1.100361075
7/3/2016 6:00,1.866995154
7/3/2016 7:00,2.320546763
7/3/2016 8:00,3.195824118
7/3/2016 9:00,3.62807136
7/3/2016 10:00,4.059529005
7/3/2016 11:00,4.823333577
7/3/2016 12:00,5.274644316
7/3/2016 13:00,5.188725817
7/3/2016 14:00,5.948673913
7/3/2016 15:00,5.845570212
7/3/2016 16:00,5.744515979
7/3/2016 17:00,5.717107739
7/3/2016 18:00,5.419574921
7/3/2016 19:00,3.834136233
7/3/2016 20:00,3.394301385
7/3/2016 21:00,2.787702761
7/3/2016 22:00,2.632477185
7/3/2016 23:00,2.386766228
7/4/2016 0:00,1.406455701
7/4/2016 1:00,1.024582342
7/4/2016 2:00,1.694410958
7/4/2016 3:00,1.803794973
7/4/2016 4:00,1.805870315
7/4/2016 5:00,0.91003802
7/4/2016 6:00,0.875172253
7/4/2016 7:00,0.863654098
7/4/2016 8:00,1.799075313
7/4/2016 9:00,2.829246909
7/4/2016 10:00,2.965025732
7/4/2016 11:00,4.218074539
7/4/2016 12:00,4.619911371
7/4/2016 13:00,5.74450662
7/4/2016 14:00,6.083279298
7/4/2016 15:00,6.168411883
7/4/2016 16:00,5.061450748
7/4/2016 17:00,5.0012984
7/4/2016 18:00,5.238521261
7/4/2016 19:00,4.148284359
7/4/2016 20:00,3.243662593
7/4/2016 21:00,2.853421965
7/4/2016 22:00,2.453730638
7/4/2016 23:00,2.259647994
7/5/2016 0:00,1.950431533
7/5/2016 1:00,1.91766214
7/5/2016 2:00,1.665608241
7/5/2016 3:00,1.89497172
7/5/2016 4:00,1.931497761
7/5/2016 5:00,1.742032011
7/5/2016 6:00,2.249182591
7/5/2016 7:00,3.463460305
7/5/2016 8:00,4.334343547
7/5/2016 9:00,4.535996065
7/5/2016 10:00,4.515846972
7/5/2016 11:00,1.778354014
7/5/2016 12:00,2.806853987
7/5/2016 13:00,4.542228672
7/5/2016 14:00,4.855259958
7/5/2016 15:00,5.278022615
7/5/2016 16:00,5.133560013
7/5/2016 17:00,5.295827321
7/5/2016 18:00,5.145008052
7/5/2016 19:00,3.673273587
7/5/2016 20:00,2.585967635
7/5/2016 21:00,1.915863508
7/5/2016 22:00,1.564320146
7/5/2016 23:00,1.289277669
7/6/2016 0:00,1.276687254
7/6/2016 1:00,1.211819219
7/6/2016 2:00,1.187745236
7/6/2016 3:00,1.206423326
7/6/2016 4:00,1.458637026
7/6/2016 5:00,1.238837033
7/6/2016 6:00,2.243555782
7/6/2016 7:00,3.001854406
7/6/2016 8:00,4.153332715
7/6/2016 9:00,4.285342165
7/6/2016 10:00,5.014283385
7/6/2016 11:00,4.663906983
7/6/2016 12:00,5.029438149
7/6/2016 13:00,5.089350456
7/6/2016 14:00,5.152634448
7/6/2016 15:00,2.948855616
7/6/2016 16:00,4.247131018
7/6/2016 17:00,5.080934327
7/6/2016 18:00,5.08879284
7/6/2016 19:00,3.662126798
7/6/2016 20:00,2.875675871
7/6/2016 21:00,2.395918768
7/6/2016 22:00,2.26822608
7/6/2016 23:00,1.989863055
7/7/2016 0:00,1.511053001
7/7/2016 1:00,1.416576735
7/7/2016 2:00,1.105493058
7/7/2016 3:00,0.929753781
7/7/2016 4:00,0.969496605
7/7/2016 5:00,0.986306885
7/7/2016 6:00,1.080195479
7/7/2016 7:00,1.845710209
7/7/2016 8:00,3.104198145
7/7/2016 9:00,4.056566938
7/7/2016 10:00,4.863759041
7/7/2016 11:00,5.300100861
7/7/2016 12:00,5.276513589
7/7/2016 13:00,5.908566474
7/7/2016 14:00,6.200594675
7/7/2016 15:00,6.226313919
7/7/2016 16:00,6.649559997
7/7/2016 17:00,6.962183901
7/7/2016 18:00,6.232484919
7/7/2016 19:00,4.796133112
7/7/2016 20:00,3.612904207
7/7/2016 21:00,2.991501469
7/7/2016 22:00,2.796152591
7/7/2016 23:00,2.068172674
7/8/2016 0:00,2.027495946
7/8/2016 1:00,1.957647087
7/8/2016 2:00,1.949484069
7/8/2016 3:00,1.469152098
7/8/2016 4:00,1.476623333
7/8/2016 5:00,1.132622609
7/8/2016 6:00,1.695822131
7/8/2016 7:00,2.871408525
7/8/2016 8:00,4.633442817
7/8/2016 9:00,5.693237391
7/8/2016 10:00,5.856033023
7/8/2016 11:00,6.036734922
7/8/2016 12:00,5.878477258
7/8/2016 13:00,6.924046593
7/8/2016 14:00,7.010893799
7/8/2016 15:00,7.252446541
7/8/2016 16:00,7.258260396
7/8/2016 17:00,6.565996239
7/8/2016 18:00,5.823607944
7/8/2016 19:00,4.704344633
7/8/2016 20:00,3.535286369
7/8/2016 21:00,2.647440687
7/8/2016 22:00,2.464245709
7/8/2016 23:00,1.983775381
7/9/2016 0:00,1.984328806
7/9/2016 1:00,1.451580859
7/9/2016 2:00,1.707253462
7/9/2016 3:00,1.433179481
7/9/2016 4:00,0.966331331
7/9/2016 5:00,1.175673164
7/9/2016 6:00,1.257929107
7/9/2016 7:00,2.122403933
7/9/2016 8:00,3.853370264
7/9/2016 9:00,4.657453486
7/9/2016 10:00,5.301837969
7/9/2016 11:00,5.199404951
7/9/2016 12:00,5.73650999
7/9/2016 13:00,6.117605366
7/9/2016 14:00,6.193908614
7/9/2016 15:00,6.537124095
7/9/2016 16:00,6.461571596
7/9/2016 17:00,6.341343455
7/9/2016 18:00,5.642743224
7/9/2016 19:00,4.615093188
7/9/2016 20:00,3.405369881
7/9/2016 21:00,3.083913738
7/9/2016 22:00,2.674122407
7/9/2016 23:00,2.214405512
7/10/2016 0:00,1.743758474
7/10/2016 1:00,1.638490422
7/10/2016 2:00,1.138767135
7/10/2016 3:00,1.144854808
7/10/2016 4:00,1.623132882
7/10/2016 5:00,1.626894068
7/10/2016 6:00,2.328208063
7/10/2016 7:00,3.14508712
7/10/2016 8:00,4.473850594
7/10/2016 9:00,4.835399796
7/10/2016 10:00,5.119182165
7/10/2016 11:00,5.389698043
7/10/2016 12:00,5.293850467
7/10/2016 13:00,5.720776622
7/10/2016 14:00,6.488301402
7/10/2016 15:00,6.633761904
7/10/2016 16:00,7.049270256
7/10/2016 17:00,7.290120575
7/10/2016 18:00,6.902888989
7/10/2016 19:00,5.308300369
7/10/2016 20:00,3.981604158
7/10/2016 21:00,3.265405965
7/10/2016 22:00,2.870557106
7/10/2016 23:00,2.189639748
7/11/2016 0:00,1.983498668
7/11/2016 1:00,1.612479454
7/11/2016 2:00,1.141810972
7/11/2016 3:00,1.638213711
7/11/2016 4:00,1.389182205
7/11/2016 5:00,0.985070629
7/11/2016 6:00,1.097769123
7/11/2016 7:00,1.721888166
7/11/2016 8:00,3.775492243
7/11/2016 9:00,4.826107071
7/11/2016 10:00,5.444915337
7/11/2016 11:00,5.943654837
7/11/2016 12:00,6.017491552
7/11/2016 13:00,6.903749444
7/11/2016 14:00,7.39439068
7/11/2016 15:00,7.390885304
7/11/2016 16:00,7.559166322
7/11/2016 17:00,7.641923606
7/11/2016 18:00,7.009917543
7/11/2016 19:00,5.476612049
7/11/2016 20:00,4.321237541
7/11/2016 21:00,3.332785442
7/11/2016 22:00,3.182402334
7/11/2016 23:00,2.920642055
7/12/2016 0:00,2.295343899
7/12/2016 1:00,1.915310085
7/12/2016 2:00,1.674601395
7/12/2016 3:00,1.901197749
7/12/2016 4:00,1.876847055
7/12/2016 5:00,1.52355166
7/12/2016 6:00,1.830779998
7/12/2016 7:00,2.784265234
7/12/2016 8:00,4.683354751
7/12/2016 9:00,5.651824957
7/12/2016 10:00,5.989096467
7/12/2016 11:00,6.338364925
7/12/2016 12:00,6.100531498
7/12/2016 13:00,7.318023803
7/12/2016 14:00,7.122720382
7/12/2016 15:00,7.902823179
7/12/2016 16:00,7.878237065
7/12/2016 17:00,7.598136415
7/12/2016 18:00,7.21890788
7/12/2016 19:00,5.539936441
7/12/2016 20:00,4.282636156
7/12/2016 21:00,3.599664901
7/12/2016 22:00,3.200665355
7/12/2016 23:00,2.709818311
7/13/2016 0:00,2.712447079
7/13/2016 1:00,1.98421148
7/13/2016 2:00,1.912681315
7/13/2016 3:00,1.934264886
7/13/2016 4:00,1.478837033
7/13/2016 5:00,1.196910877
7/13/2016 6:00,1.298924786
7/13/2016 7:00,2.09527465
7/13/2016 8:00,4.018337845
7/13/2016 9:00,5.320484305
7/13/2016 10:00,5.343199003
7/13/2016 11:00,5.992528736
7/13/2016 12:00,6.431779808
7/13/2016 13:00,6.689991752
7/13/2016 14:00,7.335222856
7/13/2016 15:00,7.343696229
7/13/2016 16:00,7.243680682
7/13/2016 17:00,7.160107836
7/13/2016 18:00,6.121001463
7/13/2016 19:00,4.880941211
7/13/2016 20:00,4.001942521
7/13/2016 21:00,3.155305546
7/13/2016 22:00,2.904869447
7/13/2016 23:00,2.419279939
7/14/2016 0:00,2.024728821
7/14/2016 1:00,1.852081293
7/14/2016 2:00,1.669205502
7/14/2016 3:00,1.667268515
7/14/2016 4:00,1.195354828
7/14/2016 5:00,1.260546175
7/14/2016 6:00,1.244160186
7/14/2016 7:00,2.73043967
7/14/2016 8:00,3.773508094
7/14/2016 9:00,4.653781254
7/14/2016 10:00,4.767011325
7/14/2016 11:00,5.178938917
7/14/2016 12:00,5.630692393
7/14/2016 13:00,6.206347972
7/14/2016 14:00,6.803859524
7/14/2016 15:00,6.623077391
7/14/2016 16:00,6.914211535
7/14/2016 17:00,5.63458765
7/14/2016 18:00,4.316345329
7/14/2016 19:00,3.470626173
7/14/2016 20:00,2.890203273
7/14/2016 21:00,2.242651209
7/14/2016 22:00,1.831061247
7/14/2016 23:00,1.515203688
7/15/2016 0:00,1.260084508
7/15/2016 1:00,1.155923306
7/15/2016 2:00,1.042810774
7/15/2016 3:00,1.135488208
7/15/2016 4:00,0.989854048
7/15/2016 5:00,1.001767888
7/15/2016 6:00,1.109732324
7/15/2016 7:00,1.469984418
7/15/2016 8:00,2.957193174
7/15/2016 9:00,4.408953564
7/15/2016 10:00,4.805326344
7/15/2016 11:00,5.191649727
7/15/2016 12:00,6.046362045
7/15/2016 13:00,6.458282995
7/15/2016 14:00,6.538839167
7/15/2016 15:00,6.772756079
7/15/2016 16:00,6.688349045
7/15/2016 17:00,6.413883962
7/15/2016 18:00,5.851020885
7/15/2016 19:00,4.935012951
7/15/2016 20:00,3.761212388
7/15/2016 21:00,3.086127438
7/15/2016 22:00,2.642853901
7/15/2016 23:00,1.982253462
7/16/2016 0:00,1.753028341
7/16/2016 1:00,1.458913738
7/16/2016 2:00,1.181795919
7/16/2016 3:00,1.047514885
7/16/2016 4:00,0.952398544
7/16/2016 5:00,0.995428535
7/16/2016 6:00,1.213631559
7/16/2016 7:00,2.289477745
7/16/2016 8:00,3.06009279
7/16/2016 9:00,4.335159793
7/16/2016 10:00,4.503050448
7/16/2016 11:00,5.204551182
7/16/2016 12:00,5.553977515
7/16/2016 13:00,5.884191751
7/16/2016 14:00,6.547614136
7/16/2016 15:00,6.767698715
7/16/2016 16:00,6.683774699
7/16/2016 17:00,6.559650936
7/16/2016 18:00,6.535174813
7/16/2016 19:00,4.885022441
7/16/2016 20:00,3.985478132
7/16/2016 21:00,3.328634755
7/16/2016 22:00,2.749526545
7/16/2016 23:00,2.482647087
7/17/2016 0:00,2.298249379
7/17/2016 1:00,1.702687708
7/17/2016 2:00,1.695493185
7/17/2016 3:00,1.415608241
7/17/2016 4:00,1.121887678
7/17/2016 5:00,1.123153704
7/17/2016 6:00,1.148672898
7/17/2016 7:00,1.763760237
7/17/2016 8:00,3.517339904
7/17/2016 9:00,5.164354255
7/17/2016 10:00,4.685959041
7/17/2016 11:00,5.542117954
7/17/2016 12:00,5.396549746
7/17/2016 13:00,6.00845707
7/17/2016 14:00,6.746806768
7/17/2016 15:00,6.875397532
7/17/2016 16:00,7.174907969
7/17/2016 17:00,7.490100355
7/17/2016 18:00,6.618932117
7/17/2016 19:00,5.106797773
7/17/2016 20:00,4.149122407
7/17/2016 21:00,3.580295031
7/17/2016 22:00,3.12221738
7/17/2016 23:00,2.366427865
7/18/2016 0:00,2.358126491
7/18/2016 1:00,2.07620868
7/18/2016 2:00,1.638905492
7/18/2016 3:00,1.630742474
7/18/2016 4:00,1.377975351
7/18/2016 5:00,1.095281843
7/18/2016 6:00,1.197196603
7/18/2016 7:00,3.000889592
7/18/2016 8:00,4.735120751
7/18/2016 9:00,5.454086549
7/18/2016 10:00,5.892969315
7/18/2016 11:00,6.480052776
7/18/2016 12:00,6.578368646
7/18/2016 13:00,6.837371544
7/18/2016 14:00,7.480516507
7/18/2016 15:00,7.605399905
7/18/2016 16:00,7.422619425
7/18/2016 17:00,7.504979139
7/18/2016 18:00,6.711117151
7/18/2016 19:00,5.501371359
7/18/2016 20:00,4.4256868
7/18/2016 21:00,4.021748906
7/18/2016 22:00,3.331934275
7/18/2016 23:00,2.866129706
7/19/2016 0:00,2.827666678
7/19/2016 1:00,2.319269425
7/19/2016 2:00,1.819982651
7/19/2016 3:00,1.636276724
7/19/2016 4:00,1.181242494
7/19/2016 5:00,1.157734721
7/19/2016 6:00,1.935859021
7/19/2016 7:00,2.772975968
7/19/2016 8:00,3.883136171
7/19/2016 9:00,4.918985916
7/19/2016 10:00,5.558728446
7/19/2016 11:00,6.154220534
7/19/2016 12:00,6.391351734
7/19/2016 13:00,7.083817588
7/19/2016 14:00,7.281211008
7/19/2016 15:00,7.56057888
7/19/2016 16:00,7.930618557
7/19/2016 17:00,7.73876751
7/19/2016 18:00,7.262156223
7/19/2016 19:00,5.419174981
7/19/2016 20:00,4.405348436
7/19/2016 21:00,3.755582673
7/19/2016 22:00,3.624409634
7/19/2016 23:00,2.863500939
7/20/2016 0:00,2.605221011
7/20/2016 1:00,2.065416895
7/20/2016 2:00,1.625761652
7/20/2016 3:00,1.672664408
7/20/2016 4:00,1.428890439
7/20/2016 5:00,1.441770351
7/20/2016 6:00,1.763401494
7/20/2016 7:00,2.179430466
7/20/2016 8:00,3.383055348
7/20/2016 9:00,4.399670462
7/20/2016 10:00,5.567364384
7/20/2016 11:00,6.115679207
7/20/2016 12:00,6.103373732
7/20/2016 13:00,6.992812363
7/20/2016 14:00,6.763095109
7/20/2016 15:00,7.307305757
7/20/2016 16:00,7.518995653
7/20/2016 17:00,7.664943262
7/20/2016 18:00,7.044836015
7/20/2016 19:00,5.698795996
7/20/2016 20:00,4.454879962
7/20/2016 21:00,3.777166242
7/20/2016 22:00,3.349228802
7/20/2016 23:00,2.653092261
7/21/2016 0:00,2.192683585
7/21/2016 1:00,1.661595912
7/21/2016 2:00,1.402602758
7/21/2016 3:00,1.376730145
7/21/2016 4:00,1.175016465
7/21/2016 5:00,1.1950909
7/21/2016 6:00,1.600704338
7/21/2016 7:00,2.811842012
7/21/2016 8:00,4.029553864
7/21/2016 9:00,4.662090227
7/21/2016 10:00,4.791682329
7/21/2016 11:00,5.468794812
7/21/2016 12:00,6.069581169
7/21/2016 13:00,7.088939237
7/21/2016 14:00,7.843126327
7/21/2016 15:00,7.840146797
7/21/2016 16:00,7.570388535
7/21/2016 17:00,7.461662949
7/21/2016 18:00,6.685086102
7/21/2016 19:00,5.672382742
7/21/2016 20:00,4.589054362
7/21/2016 21:00,3.984116014
7/21/2016 22:00,3.337745236
7/21/2016 23:00,2.819365305
7/22/2016 0:00,2.340831964
7/22/2016 1:00,1.819290868
7/22/2016 2:00,1.630327406
7/22/2016 3:00,1.776815511
7/22/2016 4:00,1.624239733
7/22/2016 5:00,1.683456194
7/22/2016 6:00,1.794907128
7/22/2016 7:00,2.155235233
7/22/2016 8:00,3.155549882
7/22/2016 9:00,4.814693894
7/22/2016 10:00,5.899413668
7/22/2016 11:00,6.731043248
7/22/2016 12:00,6.916691857
7/22/2016 13:00,7.42289057
7/22/2016 14:00,8.001460894
7/22/2016 15:00,7.898606762
7/22/2016 16:00,7.83125816
7/22/2016 17:00,7.014912978
7/22/2016 18:00,6.851899215
7/22/2016 19:00,5.902814719
7/22/2016 20:00,4.582136552
7/22/2016 21:00,3.787681315
7/22/2016 22:00,3.136468071
7/22/2016 23:00,2.704560774
7/23/2016 0:00,2.232115107
7/23/2016 1:00,1.889714184
7/23/2016 2:00,2.128230618
7/23/2016 3:00,1.877262125
7/23/2016 4:00,1.667821941
7/23/2016 5:00,1.653847962
7/23/2016 6:00,1.924817753
7/23/2016 7:00,2.494518212
7/23/2016 8:00,3.047962256
7/23/2016 9:00,3.883495395
7/23/2016 10:00,4.534427983
7/23/2016 11:00,6.039630744
7/23/2016 12:00,7.252857943
7/23/2016 13:00,7.03830483
7/23/2016 14:00,7.874819278
7/23/2016 15:00,7.583748594
7/23/2016 16:00,7.455205918
7/23/2016 17:00,7.12120642
7/23/2016 18:00,6.801831219
7/23/2016 19:00,5.815148013
7/23/2016 20:00,4.714405095
7/23/2016 21:00,3.576697769
7/23/2016 22:00,3.312042111
7/23/2016 23:00,2.715905985
7/24/2016 0:00,2.226580859
7/24/2016 1:00,1.679028794
7/24/2016 2:00,1.187330167
7/24/2016 3:00,1.057981533
7/24/2016 4:00,0.978054781
7/24/2016 5:00,1.08970874
7/24/2016 6:00,1.250840884
7/24/2016 7:00,1.998894536
7/24/2016 8:00,2.948898015
7/24/2016 9:00,4.443916161
7/24/2016 10:00,4.992514586
7/24/2016 11:00,5.836158646
7/24/2016 12:00,6.266893593
7/24/2016 13:00,6.64897347
7/24/2016 14:00,7.459252288
7/24/2016 15:00,7.575988408
7/24/2016 16:00,7.79646545
7/24/2016 17:00,7.840402737
7/24/2016 18:00,7.09423658
7/24/2016 19:00,5.755201419
7/24/2016 20:00,4.670684532
7/24/2016 21:00,3.835275854
7/24/2016 22:00,3.15514616
7/24/2016 23:00,2.509764906
7/25/2016 0:00,2.0387028
7/25/2016 1:00,1.919599127
7/25/2016 2:00,1.451995927
7/25/2016 3:00,1.218183605
7/25/2016 4:00,1.231465801
7/25/2016 5:00,1.293034318
7/25/2016 6:00,1.557431611
7/25/2016 7:00,2.06383208
7/25/2016 8:00,4.116849951
7/25/2016 9:00,5.051828296
7/25/2016 10:00,5.528175759
7/25/2016 11:00,6.157942858
7/25/2016 12:00,6.250218441
7/25/2016 13:00,7.051016317
7/25/2016 14:00,6.980668809
7/25/2016 15:00,7.448321998
7/25/2016 16:00,7.750480286
7/25/2016 17:00,7.981436168
7/25/2016 18:00,7.352842105
7/25/2016 19:00,6.023184628
7/25/2016 20:00,4.949047555
7/25/2016 21:00,4.353517431
7/25/2016 22:00,3.632157582
7/25/2016 23:00,3.198451655
7/26/2016 0:00,2.674814187
7/26/2016 1:00,2.148430626
7/26/2016 2:00,1.931082693
7/26/2016 3:00,1.906731999
7/26/2016 4:00,1.701719214
7/26/2016 5:00,1.503879508
7/26/2016 6:00,1.776580442
7/26/2016 7:00,3.248944709
7/26/2016 8:00,4.264552587
7/26/2016 9:00,5.296000949
7/26/2016 10:00,5.736303585
7/26/2016 11:00,6.261872861
7/26/2016 12:00,6.446634171
7/26/2016 13:00,7.097243899
7/26/2016 14:00,7.578501465
7/26/2016 15:00,7.948474622
7/26/2016 16:00,8.148195521
7/26/2016 17:00,8.218245878
7/26/2016 18:00,7.660078641
7/26/2016 19:00,6.258921154
7/26/2016 20:00,4.970907839
7/26/2016 21:00,4.063809195
7/26/2016 22:00,3.653741152
7/26/2016 23:00,3.186968089
7/27/2016 0:00,2.72337722
7/27/2016 1:00,2.156178574
7/27/2016 2:00,1.959584073
7/27/2016 3:00,1.443556198
7/27/2016 4:00,1.199643872
7/27/2016 5:00,1.145948416
7/27/2016 6:00,1.5939508
7/27/2016 7:00,2.675528068
7/27/2016 8:00,4.038456135
7/27/2016 9:00,5.119309013
7/27/2016 10:00,5.698124635
7/27/2016 11:00,6.261291143
7/27/2016 12:00,6.52944053
7/27/2016 13:00,7.289675902
7/27/2016 14:00,7.74946865
7/27/2016 15:00,8.056966253
7/27/2016 16:00,8.282766852
7/27/2016 17:00,8.52578173
7/27/2016 18:00,8.155880491
7/27/2016 19:00,6.231941692
7/27/2016 20:00,5.397142528
7/27/2016 21:00,4.282125621
7/27/2016 22:00,3.648068547
7/27/2016 23:00,3.153070816
7/28/2016 0:00,2.671770351
7/28/2016 1:00,2.159499122
7/28/2016 2:00,1.894695007
7/28/2016 3:00,1.481742513
7/28/2016 4:00,1.490182242
7/28/2016 5:00,1.21763018
7/28/2016 6:00,1.65268496
7/28/2016 7:00,3.218982418
7/28/2016 8:00,4.542182738
7/28/2016 9:00,5.351522901
7/28/2016 10:00,6.234583639
7/28/2016 11:00,6.610342037
7/28/2016 12:00,7.006946355
7/28/2016 13:00,8.247191063
7/28/2016 14:00,8.955121453
7/28/2016 15:00,9.156279188
7/28/2016 16:00,8.695507246
7/28/2016 17:00,8.992142136
7/28/2016 18:00,7.981657418
7/28/2016 19:00,6.777313869
7/28/2016 20:00,5.147695954
7/28/2016 21:00,4.300111931
7/28/2016 22:00,3.61320278
7/28/2016 23:00,3.42615486
7/29/2016 0:00,2.924516029
7/29/2016 1:00,2.907519246
7/29/2016 2:00,2.698494132
7/29/2016 3:00,2.631114653
7/29/2016 4:00,2.202527907
7/29/2016 5:00,1.762042526
7/29/2016 6:00,1.836816425
7/29/2016 7:00,2.911866969
7/29/2016 8:00,5.120034898
7/29/2016 9:00,6.19548295
7/29/2016 10:00,6.532489636
7/29/2016 11:00,5.602475919
7/29/2016 12:00,6.147708952
7/29/2016 13:00,6.395435093
7/29/2016 14:00,6.306094125
7/29/2016 15:00,4.9607224
7/29/2016 16:00,4.387295949
7/29/2016 17:00,4.88182306
7/29/2016 18:00,3.738634551
7/29/2016 19:00,2.924511078
7/29/2016 20:00,1.916948913
7/29/2016 21:00,1.688160305
7/29/2016 22:00,1.736702307
7/29/2016 23:00,1.480614634
7/30/2016 0:00,1.238777651
7/30/2016 1:00,1.166576735
7/30/2016 2:00,1.178613726
7/30/2016 3:00,1.121749321
7/30/2016 4:00,1.061274411
7/30/2016 5:00,1.036664525
7/30/2016 6:00,1.259667736
7/30/2016 7:00,1.758882958
7/30/2016 8:00,2.711439963
7/30/2016 9:00,3.818660468
7/30/2016 10:00,4.275549505
7/30/2016 11:00,4.524145553
7/30/2016 12:00,4.84436945
7/30/2016 13:00,4.95835384
7/30/2016 14:00,5.256833361
7/30/2016 15:00,5.554332476
7/30/2016 16:00,5.376242774
7/30/2016 17:00,5.674236189
7/30/2016 18:00,4.979756453
7/30/2016 19:00,4.108211441
7/30/2016 20:00,1.868800949
7/30/2016 21:00,1.084794968
7/30/2016 22:00,1.147592154
7/30/2016 23:00,1.134432284
7/31/2016 0:00,1.14464626
7/31/2016 1:00,1.090549085
7/31/2016 2:00,1.162808475
7/31/2016 3:00,1.148244905
7/31/2016 4:00,1.15346494
7/31/2016 5:00,1.247349215
7/31/2016 6:00,1.770667959
7/31/2016 7:00,2.657246993
7/31/2016 8:00,2.770626934
7/31/2016 9:00,3.357643186
7/31/2016 10:00,3.360898532
7/31/2016 11:00,3.334179618
7/31/2016 12:00,3.361044058
7/31/2016 13:00,4.283878869
7/31/2016 14:00,4.95735044
7/31/2016 15:00,5.468784375
7/31/2016 16:00,5.291954035
7/31/2016 17:00,4.571656138
7/31/2016 18:00,2.308294146
7/31/2016 19:00,2.054837487
7/31/2016 20:00,1.333658471
7/31/2016 21:00,1.912404604
7/31/2016 22:00,1.873600941
7/31/2016 23:00,1.765342045
8/1/2016 0:00,1.735552567
8/1/2016 1:00,1.484946152
8/1/2016 2:00,1.408807341
8/1/2016 3:00,1.307327899
8/1/2016 4:00,1.220674015
8/1/2016 5:00,1.257476769
8/1/2016 6:00,1.918143651
8/1/2016 7:00,2.880757139
8/1/2016 8:00,4.691040623
8/1/2016 9:00,5.594660293
8/1/2016 10:00,6.128329547
8/1/2016 11:00,6.462972477
8/1/2016 12:00,6.305591356
8/1/2016 13:00,6.989640539
8/1/2016 14:00,7.3952636
8/1/2016 15:00,7.381713866
8/1/2016 16:00,7.567376852
8/1/2016 17:00,7.133077998
8/1/2016 18:00,6.237538892
8/1/2016 19:00,4.944949445
8/1/2016 20:00,4.25812566
8/1/2016 21:00,3.435999181
8/1/2016 22:00,2.499664901
8/1/2016 23:00,1.992491822
8/2/2016 0:00,2.009647994
8/2/2016 1:00,1.460158944
8/2/2016 2:00,1.422110985
8/2/2016 3:00,1.445078115
8/2/2016 4:00,1.118194159
8/2/2016 5:00,1.211759871
8/2/2016 6:00,1.498660018
8/2/2016 7:00,2.269934195
8/2/2016 8:00,4.068589366
8/2/2016 9:00,5.100291072
8/2/2016 10:00,5.424606971
8/2/2016 11:00,5.949604978
8/2/2016 12:00,6.262284693
8/2/2016 13:00,6.844702542
8/2/2016 14:00,7.423016856
8/2/2016 15:00,7.527823057
8/2/2016 16:00,7.560472846
8/2/2016 17:00,7.358617883
8/2/2016 18:00,6.803799115
8/2/2016 19:00,5.198727953
8/2/2016 20:00,4.174303239
8/2/2016 21:00,3.334860786
8/2/2016 22:00,2.262691832
8/2/2016 23:00,2.251761689
8/3/2016 0:00,1.974090446
8/3/2016 1:00,1.903964874
8/3/2016 2:00,1.691757567
8/3/2016 3:00,1.445078115
8/3/2016 4:00,1.513287732
8/3/2016 5:00,1.079112402
8/3/2016 6:00,1.453073593
8/3/2016 7:00,2.825181752
8/3/2016 8:00,4.229369512
8/3/2016 9:00,5.6081736
8/3/2016 10:00,5.68731244
8/3/2016 11:00,5.964792482
8/3/2016 12:00,6.415680898
8/3/2016 13:00,6.940243827
8/3/2016 14:00,7.360824461
8/3/2016 15:00,7.500975575
8/3/2016 16:00,7.857766442
8/3/2016 17:00,7.623669751
8/3/2016 18:00,6.835144166
8/3/2016 19:00,5.505709269
8/3/2016 20:00,4.083295978
8/3/2016 21:00,2.8608932
8/3/2016 22:00,2.020716492
8/3/2016 23:00,1.834105085
8/4/2016 0:00,2.225889078
8/4/2016 1:00,1.888192266
8/4/2016 2:00,1.412702761
8/4/2016 3:00,1.171834272
8/4/2016 4:00,0.991380724
8/4/2016 5:00,1.011513695
8/4/2016 6:00,1.321040952
8/4/2016 7:00,2.537312124
8/4/2016 8:00,3.877755909
8/4/2016 9:00,5.313323372
8/4/2016 10:00,5.953042056
8/4/2016 11:00,6.019695596
8/4/2016 12:00,6.607881517
8/4/2016 13:00,6.943986749
8/4/2016 14:00,7.58212803
8/4/2016 15:00,7.743052995
8/4/2016 16:00,7.912400334
8/4/2016 17:00,7.723317461
8/4/2016 18:00,6.956512664
8/4/2016 19:00,4.581294654
8/4/2016 20:00,3.341480439
8/4/2016 21:00,2.472153045
8/4/2016 22:00,1.295918768
8/4/2016 23:00,1.325388642
8/5/2016 0:00,1.554081786
8/5/2016 1:00,1.496269916
8/5/2016 2:00,1.417545228
8/5/2016 3:00,1.089616682
8/5/2016 4:00,1.108100405
8/5/2016 5:00,0.951856187
8/5/2016 6:00,1.057179858
8/5/2016 7:00,2.089177997
8/5/2016 8:00,3.6784438
8/5/2016 9:00,5.520901661
8/5/2016 10:00,6.121851003
8/5/2016 11:00,7.376347007
8/5/2016 12:00,7.303522983
8/5/2016 13:00,7.9453107
8/5/2016 14:00,8.295289284
8/5/2016 15:00,8.362337367
8/5/2016 16:00,7.948837027
8/5/2016 17:00,7.244720324
8/5/2016 18:00,6.623701969
8/5/2016 19:00,6.209615204
8/5/2016 20:00,3.764671293
8/5/2016 21:00,3.098994566
8/5/2016 22:00,2.896153006
8/5/2016 23:00,2.437819672
8/6/2016 0:00,2.192406873
8/6/2016 1:00,1.672387696
8/6/2016 2:00,1.403156182
8/6/2016 3:00,1.025287959
8/6/2016 4:00,1.266213595
8/6/2016 5:00,1.140150698
8/6/2016 6:00,1.523837448
8/6/2016 7:00,2.694554692
8/6/2016 8:00,3.381787673
8/6/2016 9:00,4.683795085
8/6/2016 10:00,4.723825562
8/6/2016 11:00,5.519701499
8/6/2016 12:00,6.286340069
8/6/2016 13:00,6.139988709
8/6/2016 14:00,6.569989602
8/6/2016 15:00,6.554016119
8/6/2016 16:00,5.722124179
8/6/2016 17:00,4.823624241
8/6/2016 18:00,4.453762598
8/6/2016 19:00,3.845972174
8/6/2016 20:00,3.264831094
8/6/2016 21:00,2.627379035
8/6/2016 22:00,2.204443864
8/6/2016 23:00,2.231423326
8/7/2016 0:00,1.918194534
8/7/2016 1:00,1.042928377
8/7/2016 2:00,1.031809805
8/7/2016 3:00,1.012689506
8/7/2016 4:00,1.116385847
8/7/2016 5:00,1.037668001
8/7/2016 6:00,1.11652816
8/7/2016 7:00,1.442655216
8/7/2016 8:00,1.560766919
8/7/2016 9:00,2.685099791
8/7/2016 10:00,2.266038328
8/7/2016 11:00,3.145758369
8/7/2016 12:00,3.639223697
8/7/2016 13:00,4.714317593
8/7/2016 14:00,5.50496721
8/7/2016 15:00,5.823351304
8/7/2016 16:00,5.998019505
8/7/2016 17:00,5.683208675
8/7/2016 18:00,5.13021501
8/7/2016 19:00,3.857594095
8/7/2016 20:00,2.988128345
8/7/2016 21:00,2.121589519
8/7/2016 22:00,1.133821217
8/7/2016 23:00,1.80066586
8/8/2016 0:00,1.917779466
8/8/2016 1:00,1.602656162
8/8/2016 2:00,0.890426026
8/8/2016 3:00,0.889388355
8/8/2016 4:00,0.913877405
8/8/2016 5:00,0.96928907
8/8/2016 6:00,1.063094586
8/8/2016 7:00,1.606902476
8/8/2016 8:00,2.729938077
8/8/2016 9:00,3.385788362
8/8/2016 10:00,4.554241205
8/8/2016 11:00,5.199891602
8/8/2016 12:00,5.489951735
8/8/2016 13:00,5.680516797
8/8/2016 14:00,6.126630368
8/8/2016 15:00,5.931928841
8/8/2016 16:00,6.235745404
8/8/2016 17:00,5.609383235
8/8/2016 18:00,5.150347606
8/8/2016 19:00,4.092522953
8/8/2016 20:00,2.748664862
8/8/2016 21:00,2.126570342
8/8/2016 22:00,1.16181068
8/8/2016 23:00,0.931466262
8/9/2016 0:00,0.918235626
8/9/2016 1:00,0.906613704
8/9/2016 2:00,0.923631519
8/9/2016 3:00,0.883473627
8/9/2016 4:00,0.92798974
8/9/2016 5:00,0.9546579
8/9/2016 6:00,1.035596288
8/9/2016 7:00,1.06807541
8/9/2016 8:00,2.269323941
8/9/2016 9:00,4.28039408
8/9/2016 10:00,5.382931555
8/9/2016 11:00,5.836419453
8/9/2016 12:00,6.37665628
8/9/2016 13:00,6.722349657
8/9/2016 14:00,6.787621987
8/9/2016 15:00,6.797725171
8/9/2016 16:00,6.645647447
8/9/2016 17:00,6.233853106
8/9/2016 18:00,5.299417959
8/9/2016 19:00,4.633870018
8/9/2016 20:00,3.534317875
8/9/2016 21:00,2.887734306
8/9/2016 22:00,1.511329714
8/9/2016 23:00,2.000239772
8/10/2016 0:00,1.528762598
8/10/2016 1:00,1.197430172
8/10/2016 2:00,1.472057579
8/10/2016 3:00,1.182764413
8/10/2016 4:00,0.963685644
8/10/2016 5:00,0.962544205
8/10/2016 6:00,1.639856636
8/10/2016 7:00,2.653584872
8/10/2016 8:00,3.677688633
8/10/2016 9:00,5.352068219
8/10/2016 10:00,5.622205221
8/10/2016 11:00,6.310105106
8/10/2016 12:00,6.63377724
8/10/2016 13:00,6.777549539
8/10/2016 14:00,6.800818359
8/10/2016 15:00,7.281197456
8/10/2016 16:00,7.155817412
8/10/2016 17:00,4.819353129
8/10/2016 18:00,4.61017154
8/10/2016 19:00,3.40978552
8/10/2016 20:00,2.344843879
8/10/2016 21:00,1.933573105
8/10/2016 22:00,1.198502749
8/10/2016 23:00,1.043913494
8/11/2016 0:00,0.926353343
8/11/2016 1:00,0.929961921
8/11/2016 2:00,0.896652056
8/11/2016 3:00,0.915433913
8/11/2016 4:00,0.945007554
8/11/2016 5:00,0.954865435
8/11/2016 6:00,1.047425744
8/11/2016 7:00,1.13675764
8/11/2016 8:00,2.461314647
8/11/2016 9:00,3.880306266
8/11/2016 10:00,5.328265579
8/11/2016 11:00,6.383021221
8/11/2016 12:00,6.714430659
8/11/2016 13:00,5.931394979
8/11/2016 14:00,7.21289272
8/11/2016 15:00,7.376354566
8/11/2016 16:00,7.746547598
8/11/2016 17:00,7.281041458
8/11/2016 18:00,3.675710671
8/11/2016 19:00,2.722227065
8/11/2016 20:00,1.388447533
8/11/2016 21:00,1.457668532
8/11/2016 22:00,1.490714638
8/11/2016 23:00,1.248324229
8/12/2016 0:00,0.949429458
8/12/2016 1:00,0.919065763
8/12/2016 2:00,0.921348641
8/12/2016 3:00,0.926329465
8/12/2016 4:00,0.916056516
8/12/2016 5:00,0.970534276
8/12/2016 6:00,1.039331905
8/12/2016 7:00,1.076065481
8/12/2016 8:00,1.457857548
8/12/2016 9:00,2.245233036
8/12/2016 10:00,2.281217652
8/12/2016 11:00,3.825220429
8/12/2016 12:00,4.131318881
8/12/2016 13:00,5.190968956
8/12/2016 14:00,5.615234687
8/12/2016 15:00,5.606024655
8/12/2016 16:00,5.488111398
8/12/2016 17:00,5.445406693
8/12/2016 18:00,4.557125717
8/12/2016 19:00,2.934711085
8/12/2016 20:00,1.903113292
8/12/2016 21:00,0.978731882
8/12/2016 22:00,0.947290432
8/12/2016 23:00,0.970534276
8/13/2016 0:00,0.915433913
8/13/2016 1:00,0.911179459
8/13/2016 2:00,0.883888695
8/13/2016 3:00,0.870502731
8/13/2016 4:00,0.902255483
8/13/2016 5:00,0.867597251
8/13/2016 6:00,0.881605818
8/13/2016 7:00,0.847673955
8/13/2016 8:00,0.840098952
8/13/2016 9:00,0.860748618
8/13/2016 10:00,0.896340755
8/13/2016 11:00,1.567277033
8/13/2016 12:00,1.745570005
8/13/2016 13:00,4.257922787
8/13/2016 14:00,4.496806073
8/13/2016 15:00,5.261121454
8/13/2016 16:00,5.793871983
8/13/2016 17:00,5.217824947
8/13/2016 18:00,4.787213604
8/13/2016 19:00,2.701442501
8/13/2016 20:00,1.193210623
8/13/2016 21:00,0.941998307
8/13/2016 22:00,0.957044545
8/13/2016 23:00,0.932970563
8/14/2016 0:00,0.907962677
8/14/2016 1:00,0.877040062
8/14/2016 2:00,0.913151035
8/14/2016 3:00,0.877973967
8/14/2016 4:00,0.864588003
8/14/2016 5:00,0.889699656
8/14/2016 6:00,0.872163006
8/14/2016 7:00,0.860229782
8/14/2016 8:00,0.844976009
8/14/2016 9:00,0.864069167
8/14/2016 10:00,1.721151235
8/14/2016 11:00,1.685232732
8/14/2016 12:00,3.15264995
8/14/2016 13:00,4.384309062
8/14/2016 14:00,5.495373294
8/14/2016 15:00,5.362822373
8/14/2016 16:00,5.702213836
8/14/2016 17:00,5.516705432
8/14/2016 18:00,4.831040901
8/14/2016 19:00,3.340736082
8/14/2016 20:00,2.068556198
8/14/2016 21:00,1.378528775
8/14/2016 22:00,1.103479698
8/14/2016 23:00,0.893746576
8/15/2016 0:00,0.905679799
8/15/2016 1:00,0.892190068
8/15/2016 2:00,0.894369179
8/15/2016 3:00,0.865314373
8/15/2016 4:00,0.896340755
8/15/2016 5:00,0.933281865
8/15/2016 6:00,1.027917518
8/15/2016 7:00,1.004984975
8/15/2016 8:00,1.1218268
8/15/2016 9:00,1.505247074
8/15/2016 10:00,2.272370673
8/15/2016 11:00,2.03786961
8/15/2016 12:00,3.7219217
8/15/2016 13:00,4.590808542
8/15/2016 14:00,5.492815075
8/15/2016 15:00,5.833149893
8/15/2016 16:00,5.7895802
8/15/2016 17:00,5.37159662
8/15/2016 18:00,4.377220938
8/15/2016 19:00,2.893757645
8/15/2016 20:00,1.891353013
8/15/2016 21:00,1.091145518
8/15/2016 22:00,0.938677757
8/15/2016 23:00,0.930376384
8/16/2016 0:00,0.922801381
8/16/2016 1:00,0.906925005
8/16/2016 2:00,0.895718152
8/16/2016 3:00,0.928404808
8/16/2016 4:00,0.938677757
8/16/2016 5:00,0.99782504
8/16/2016 6:00,1.031653135
8/16/2016 7:00,1.043793894
8/16/2016 8:00,1.126807624
8/16/2016 9:00,1.18657751
8/16/2016 10:00,1.619957523
8/16/2016 11:00,2.186074909
8/16/2016 12:00,2.559800853
8/16/2016 13:00,4.936225351
8/16/2016 14:00,5.713032422
8/16/2016 15:00,6.347103386
8/16/2016 16:00,6.135422218
8/16/2016 17:00,5.83603371
8/16/2016 18:00,4.973495211
8/16/2016 19:00,3.383912907
8/16/2016 20:00,2.196258986
8/16/2016 21:00,1.209052094
8/16/2016 22:00,1.005607577
8/16/2016 23:00,0.95247879
8/17/2016 0:00,0.937743853
8/17/2016 1:00,0.925499328
8/17/2016 2:00,0.941998307
8/17/2016 3:00,0.896859591
8/17/2016 4:00,0.909934253
8/17/2016 5:00,0.982882569
8/17/2016 6:00,1.011522306
8/17/2016 7:00,0.988174694
8/17/2016 8:00,1.072848699
8/17/2016 9:00,1.12037406
8/17/2016 10:00,1.180662782
8/17/2016 11:00,2.322658295
8/17/2016 12:00,4.684313161
8/17/2016 13:00,4.995019152
8/17/2016 14:00,6.20926188
8/17/2016 15:00,6.50565237
8/17/2016 16:00,5.871441128
8/17/2016 17:00,5.822331999
8/17/2016 18:00,5.416154733
8/17/2016 19:00,4.034274986
8/17/2016 20:00,1.088506512
8/17/2016 21:00,0.949884611
8/17/2016 22:00,0.928508575
8/17/2016 23:00,0.930480151
8/18/2016 0:00,0.904434593
8/18/2016 1:00,0.897067125
8/18/2016 2:00,0.883992462
8/18/2016 3:00,0.884407531
8/18/2016 4:00,0.89945377
8/18/2016 5:00,0.931414056
8/18/2016 6:00,1.039954508
8/18/2016 7:00,1.002702097
8/18/2016 8:00,1.080942538
8/18/2016 9:00,1.142165164
8/18/2016 10:00,1.215217247
8/18/2016 11:00,2.296770261
8/18/2016 12:00,4.601785286
8/18/2016 13:00,5.671827712
8/18/2016 14:00,6.81688192
8/18/2016 15:00,6.749493171
8/18/2016 16:00,7.122365227
8/18/2016 17:00,3.186707126
8/18/2016 18:00,4.096752613
8/18/2016 19:00,3.547301915
8/18/2016 20:00,2.541140221
8/18/2016 21:00,2.306817365
8/18/2016 22:00,2.157817819
8/18/2016 23:00,2.1284863
8/19/2016 0:00,1.870323282
8/19/2016 1:00,1.586053416
8/19/2016 2:00,1.302146459
8/19/2016 3:00,1.028902614
8/19/2016 4:00,1.255105345
8/19/2016 5:00,1.076358796
8/19/2016 6:00,1.420834233
8/19/2016 7:00,2.798040505
8/19/2016 8:00,3.853714992
8/19/2016 9:00,4.708194361
8/19/2016 10:00,5.205921453
8/19/2016 11:00,5.267151189
8/19/2016 12:00,5.711959925
8/19/2016 13:00,6.947830171
8/19/2016 14:00,7.368280707
8/19/2016 15:00,7.818714979
8/19/2016 16:00,7.604917119
8/19/2016 17:00,6.9396792
8/19/2016 18:00,5.473302369
8/19/2016 19:00,4.625143891
8/19/2016 20:00,3.733402788
8/19/2016 21:00,3.084052094
8/19/2016 22:00,2.888820126
8/19/2016 23:00,1.159576227
8/20/2016 0:00,0.95968691
8/20/2016 1:00,0.964614085
8/20/2016 2:00,0.92871611
8/20/2016 3:00,0.928197274
8/20/2016 4:00,0.965138384
8/20/2016 5:00,0.937017483
8/20/2016 6:00,0.977175375
8/20/2016 7:00,0.938989059
8/20/2016 8:00,1.399701421
8/20/2016 9:00,4.088012663
8/20/2016 10:00,5.009117908
8/20/2016 11:00,6.138063495
8/20/2016 12:00,6.575377669
8/20/2016 13:00,6.664842348
8/20/2016 14:00,6.790832987
8/20/2016 15:00,7.08235773
8/20/2016 16:00,6.873427941
8/20/2016 17:00,6.718508768
8/20/2016 18:00,5.905760811
8/20/2016 19:00,5.01194706
8/20/2016 20:00,4.16766214
8/20/2016 21:00,3.641863547
8/20/2016 22:00,3.212840702
8/20/2016 23:00,2.896014649
8/21/2016 0:00,0.954969202
8/21/2016 1:00,0.946771596
8/21/2016 2:00,0.950092145
8/21/2016 3:00,0.945733924
8/21/2016 4:00,0.952582557
8/21/2016 5:00,0.948328103
8/21/2016 6:00,0.949573309
8/21/2016 7:00,0.946356527
8/21/2016 8:00,1.212074809
8/21/2016 9:00,2.020580327
8/21/2016 10:00,3.993525396
8/21/2016 11:00,4.617939108
8/21/2016 12:00,4.764339321
8/21/2016 13:00,5.035460809
8/21/2016 14:00,4.721756414
8/21/2016 15:00,5.676587063
8/21/2016 16:00,1.377125608
8/21/2016 17:00,1.343222746
8/21/2016 18:00,1.51846028
8/21/2016 19:00,1.287401132
8/21/2016 20:00,0.988003172
8/21/2016 21:00,0.961817835
8/21/2016 22:00,0.975930169
8/21/2016 23:00,0.920207202
8/22/2016 0:00,0.938262689
8/22/2016 1:00,0.95102605
8/22/2016 2:00,0.958082217
8/22/2016 3:00,0.926536999
8/22/2016 4:00,0.950610981
8/22/2016 5:00,0.966591124
8/22/2016 6:00,0.994089422
8/22/2016 7:00,0.951648653
8/22/2016 8:00,1.983135484
8/22/2016 9:00,3.635851063
8/22/2016 10:00,4.357955392
8/22/2016 11:00,5.044332142
8/22/2016 12:00,4.537031848
8/22/2016 13:00,4.118799986
8/22/2016 14:00,4.592978568
8/22/2016 15:00,5.826456995
8/22/2016 16:00,5.883071873
8/22/2016 17:00,4.548153099
8/22/2016 18:00,3.625966853
8/22/2016 19:00,2.725270901
8/22/2016 20:00,2.237627495
8/22/2016 21:00,1.831774059
8/22/2016 22:00,2.088511039
8/22/2016 23:00,1.478816002
8/23/2016 0:00,1.424165298
8/23/2016 1:00,1.6312959
8/23/2016 2:00,1.625900007
8/23/2016 3:00,1.572217794
8/23/2016 4:00,1.624101376
8/23/2016 5:00,1.687191812
8/23/2016 6:00,1.885978151
8/23/2016 7:00,2.911670247
8/23/2016 8:00,3.513104832
8/23/2016 9:00,5.134968912
8/23/2016 10:00,4.979190986
8/23/2016 11:00,5.330476136
8/23/2016 12:00,5.940845901
8/23/2016 13:00,6.23524196
8/23/2016 14:00,6.632366594
8/23/2016 15:00,6.594992045
8/23/2016 16:00,6.043951927
8/23/2016 17:00,6.255572251
8/23/2016 18:00,5.317859661
8/23/2016 19:00,3.187616566
8/23/2016 20:00,2.53868094
8/23/2016 21:00,2.338532068
8/23/2016 22:00,2.137904207
8/23/2016 23:00,1.793843425
8/24/2016 0:00,1.904635625
8/24/2016 1:00,1.829944298
8/24/2016 2:00,1.817077169
8/24/2016 3:00,1.815416895
8/24/2016 4:00,1.67224934
8/24/2016 5:00,1.459605519
8/24/2016 6:00,1.749845318
8/24/2016 7:00,2.962560596
8/24/2016 8:00,4.076643026
8/24/2016 9:00,5.054285628
8/24/2016 10:00,4.985313636
8/24/2016 11:00,6.035583561
8/24/2016 12:00,6.124426557
8/24/2016 13:00,6.737362899
8/24/2016 14:00,7.339624969
8/24/2016 15:00,7.544040633
8/24/2016 16:00,7.190888909
8/24/2016 17:00,7.023990314
8/24/2016 18:00,6.314020417
8/24/2016 19:00,4.579772735
8/24/2016 20:00,3.878676816
8/24/2016 21:00,3.285083678
8/24/2016 22:00,2.90116496
8/24/2016 23:00,2.438234741
8/25/2016 0:00,2.158371242
8/25/2016 1:00,2.072611419
8/25/2016 2:00,2.037468939
8/25/2016 3:00,1.832849779
8/25/2016 4:00,1.650389058
8/25/2016 5:00,1.477730182
8/25/2016 6:00,1.452112422
8/25/2016 7:00,2.28262509
8/25/2016 8:00,3.85029388
8/25/2016 9:00,5.023380306
8/25/2016 10:00,5.593712988
8/25/2016 11:00,6.124747573
8/25/2016 12:00,6.36482041
8/25/2016 13:00,7.108007866
8/25/2016 14:00,7.604264409
8/25/2016 15:00,7.676654272
8/25/2016 16:00,7.796453298
8/25/2016 17:00,7.252346636
8/25/2016 18:00,6.231758797
8/25/2016 19:00,3.856220219
8/25/2016 20:00,3.466139392
8/25/2016 21:00,3.275813812
8/25/2016 22:00,3.117522953
8/25/2016 23:00,2.677442955
8/26/2016 0:00,2.185627418
8/26/2016 1:00,1.849729238
8/26/2016 2:00,2.090597727
8/26/2016 3:00,1.858722392
8/26/2016 4:00,1.864235194
8/26/2016 5:00,1.724271278
8/26/2016 6:00,2.043427526
8/26/2016 7:00,3.198746725
8/26/2016 8:00,3.750937051
8/26/2016 9:00,5.536153787
8/26/2016 10:00,5.989858353
8/26/2016 11:00,6.579441852
8/26/2016 12:00,6.857372518
8/26/2016 13:00,7.201727291
8/26/2016 14:00,7.904107859
8/26/2016 15:00,7.845009906
8/26/2016 16:00,7.928792425
8/26/2016 17:00,7.519361201
8/26/2016 18:00,6.363306542
8/26/2016 19:00,5.034647165
8/26/2016 20:00,4.175856287
8/26/2016 21:00,3.29158642
8/26/2016 22:00,2.949589635
8/26/2016 23:00,2.205274
8/27/2016 0:00,1.938947967
8/27/2016 1:00,1.829805941
8/27/2016 2:00,1.859829241
8/27/2016 3:00,1.814033333
8/27/2016 4:00,1.851666225
8/27/2016 5:00,1.636691792
8/27/2016 6:00,1.537468525
8/27/2016 7:00,2.505708749
8/27/2016 8:00,3.710063669
8/27/2016 9:00,4.432205793
8/27/2016 10:00,5.051788444
8/27/2016 11:00,5.987206952
8/27/2016 12:00,6.09083393
8/27/2016 13:00,5.675584527
8/27/2016 14:00,7.172865442
8/27/2016 15:00,7.091658791
8/27/2016 16:00,6.595130654
8/27/2016 17:00,5.876018772
8/27/2016 18:00,5.265071725
8/27/2016 19:00,4.781040218
8/27/2016 20:00,3.976761689
8/27/2016 21:00,3.282285424
8/27/2016 22:00,2.686159398
8/27/2016 23:00,2.408488154
8/28/2016 0:00,1.730891346
8/28/2016 1:00,1.385446586
8/28/2016 2:00,1.102082577
8/28/2016 3:00,1.040703507
8/28/2016 4:00,1.116351213
8/28/2016 5:00,1.105883572
8/28/2016 6:00,1.004747296
8/28/2016 7:00,1.417889913
8/28/2016 8:00,2.480830955
8/28/2016 9:00,3.414455298
8/28/2016 10:00,4.566220593
8/28/2016 11:00,5.415820616
8/28/2016 12:00,5.718545998
8/28/2016 13:00,6.720733099
8/28/2016 14:00,6.086141162
8/28/2016 15:00,5.663161166
8/28/2016 16:00,5.741110875
8/28/2016 17:00,5.486305952
8/28/2016 18:00,2.167976789
8/28/2016 19:00,1.360478132
8/28/2016 20:00,1.229549884
8/28/2016 21:00,1.478699707
8/28/2016 22:00,1.308232472
8/28/2016 23:00,1.199325968
8/29/2016 0:00,1.160849776
8/29/2016 1:00,1.076568958
8/29/2016 2:00,0.974439686
8/29/2016 3:00,0.93930036
8/29/2016 4:00,0.947601733
8/29/2016 5:00,0.996891136
8/29/2016 6:00,1.131165845
8/29/2016 7:00,1.407202816
8/29/2016 8:00,2.862332305
8/29/2016 9:00,3.80472192
8/29/2016 10:00,4.390964942
8/29/2016 11:00,4.867074818
8/29/2016 12:00,5.1431961
8/29/2016 13:00,5.916979227
8/29/2016 14:00,6.434433563
8/29/2016 15:00,6.764490036
8/29/2016 16:00,6.318467978
8/29/2016 17:00,5.583305662
8/29/2016 18:00,5.152738199
8/29/2016 19:00,3.16368094
8/29/2016 20:00,1.819832534
8/29/2016 21:00,1.270607368
8/29/2016 22:00,1.262669126
8/29/2016 23:00,1.054874591
8/30/2016 0:00,0.924565423
8/30/2016 1:00,0.914396241
8/30/2016 2:00,0.901840414
8/30/2016 3:00,0.910141787
8/30/2016 4:00,0.911490761
8/30/2016 5:00,0.934630838
8/30/2016 6:00,1.042237386
8/30/2016 7:00,1.081357607
8/30/2016 8:00,1.751191088
8/30/2016 9:00,3.07656406
8/30/2016 10:00,4.696386595
8/30/2016 11:00,5.542415324
8/30/2016 12:00,6.18963347
8/30/2016 13:00,6.631574676
8/30/2016 14:00,7.200918372
8/30/2016 15:00,7.37967099
8/30/2016 16:00,6.342626185
8/30/2016 17:00,5.28428694
8/30/2016 18:00,5.009804704
8/30/2016 19:00,3.672791005
8/30/2016 20:00,2.824632111
8/30/2016 21:00,1.201772106
8/30/2016 22:00,1.103356245
8/30/2016 23:00,0.9824675
8/31/2016 0:00,0.927574671
8/31/2016 1:00,0.909726719
8/31/2016 2:00,0.889595889
8/31/2016 3:00,0.8987274
8/31/2016 4:00,0.891567465
8/31/2016 5:00,0.988589763
8/31/2016 6:00,1.085196992
8/31/2016 7:00,1.077829523
8/31/2016 8:00,1.092875762
8/31/2016 9:00,1.180455247
8/31/2016 10:00,2.373073996
8/31/2016 11:00,4.883122341
8/31/2016 12:00,5.183308223
8/31/2016 13:00,6.341697498
8/31/2016 14:00,6.673980844
8/31/2016 15:00,6.623033607
8/31/2016 16:00,5.855913918
8/31/2016 17:00,4.527458618
8/31/2016 18:00,4.238078232
8/31/2016 19:00,3.130613804
8/31/2016 20:00,2.275813812
8/31/2016 21:00,1.434019304
8/31/2016 22:00,1.487542129
8/31/2016 23:00,1.304911922
