Time,Drybulb C
6/1/2016 0:00,15.3
6/1/2016 1:00,15.7
6/1/2016 2:00,16.1
6/1/2016 3:00,16.6
6/1/2016 4:00,17
6/1/2016 5:00,18
6/1/2016 6:00,18
6/1/2016 7:00,17
6/1/2016 8:00,18
6/1/2016 9:00,19
6/1/2016 10:00,19
6/1/2016 11:00,20
6/1/2016 12:00,22
6/1/2016 13:00,24
6/1/2016 14:00,26
6/1/2016 15:00,27
6/1/2016 16:00,26
6/1/2016 17:00,27
6/1/2016 18:00,24
6/1/2016 19:00,22
6/1/2016 20:00,19
6/1/2016 21:00,18
6/1/2016 22:00,14
6/1/2016 23:00,13
6/2/2016 0:00,13
6/2/2016 1:00,12
6/2/2016 2:00,11
6/2/2016 3:00,12
6/2/2016 4:00,13
6/2/2016 5:00,12
6/2/2016 6:00,13
6/2/2016 7:00,17
6/2/2016 8:00,19
6/2/2016 9:00,24
6/2/2016 10:00,27
6/2/2016 11:00,28
6/2/2016 12:00,29
6/2/2016 13:00,22
6/2/2016 14:00,23
6/2/2016 15:00,23
6/2/2016 16:00,22
6/2/2016 17:00,23
6/2/2016 18:00,23
6/2/2016 19:00,23
6/2/2016 20:00,22
6/2/2016 21:00,19
6/2/2016 22:00,17
6/2/2016 23:00,16
6/3/2016 0:00,14
6/3/2016 1:00,12
6/3/2016 2:00,12
6/3/2016 3:00,11
6/3/2016 4:00,12
6/3/2016 5:00,12
6/3/2016 6:00,11
6/3/2016 7:00,11
6/3/2016 8:00,12
6/3/2016 9:00,13
6/3/2016 10:00,14
6/3/2016 11:00,16
6/3/2016 12:00,16
6/3/2016 13:00,17
6/3/2016 14:00,18
6/3/2016 15:00,18
6/3/2016 16:00,18
6/3/2016 17:00,18
6/3/2016 18:00,17
6/3/2016 19:00,15
6/3/2016 20:00,12
6/3/2016 21:00,9
6/3/2016 22:00,7
6/3/2016 23:00,6
6/4/2016 0:00,5
6/4/2016 1:00,4
6/4/2016 2:00,4
6/4/2016 3:00,3
6/4/2016 4:00,3
6/4/2016 5:00,3
6/4/2016 6:00,5
6/4/2016 7:00,7
6/4/2016 8:00,10
6/4/2016 9:00,13
6/4/2016 10:00,17
6/4/2016 11:00,19
6/4/2016 12:00,19
6/4/2016 13:00,20
6/4/2016 14:00,21
6/4/2016 15:00,20
6/4/2016 16:00,19
6/4/2016 17:00,18
6/4/2016 18:00,17
6/4/2016 19:00,17
6/4/2016 20:00,16
6/4/2016 21:00,15
6/4/2016 22:00,14
6/4/2016 23:00,14
6/5/2016 0:00,13
6/5/2016 1:00,13
6/5/2016 2:00,12
6/5/2016 3:00,11
6/5/2016 4:00,11
6/5/2016 5:00,11
6/5/2016 6:00,11
6/5/2016 7:00,11
6/5/2016 8:00,11
6/5/2016 9:00,11
6/5/2016 10:00,12
6/5/2016 11:00,12
6/5/2016 12:00,11
6/5/2016 13:00,11
6/5/2016 14:00,12
6/5/2016 15:00,12
6/5/2016 16:00,12
6/5/2016 17:00,12
6/5/2016 18:00,12
6/5/2016 19:00,11
6/5/2016 20:00,12
6/5/2016 21:00,12
6/5/2016 22:00,12
6/5/2016 23:00,12
6/6/2016 0:00,12
6/6/2016 1:00,12
6/6/2016 2:00,12
6/6/2016 3:00,11
6/6/2016 4:00,11
6/6/2016 5:00,11
6/6/2016 6:00,11
6/6/2016 7:00,11
6/6/2016 8:00,11
6/6/2016 9:00,11
6/6/2016 10:00,11
6/6/2016 11:00,11
6/6/2016 12:00,11
6/6/2016 13:00,12
6/6/2016 14:00,12
6/6/2016 15:00,11
6/6/2016 16:00,11
6/6/2016 17:00,11
6/6/2016 18:00,11
6/6/2016 19:00,11
6/6/2016 20:00,11
6/6/2016 21:00,11
6/6/2016 22:00,11
6/6/2016 23:00,11
6/7/2016 0:00,11
6/7/2016 1:00,11
6/7/2016 2:00,11
6/7/2016 3:00,10
6/7/2016 4:00,7
6/7/2016 5:00,7
6/7/2016 6:00,9
6/7/2016 7:00,11
6/7/2016 8:00,13
6/7/2016 9:00,16
6/7/2016 10:00,19
6/7/2016 11:00,21
6/7/2016 12:00,21
6/7/2016 13:00,21
6/7/2016 14:00,22
6/7/2016 15:00,22
6/7/2016 16:00,22
6/7/2016 17:00,21
6/7/2016 18:00,21
6/7/2016 19:00,19
6/7/2016 20:00,17
6/7/2016 21:00,14
6/7/2016 22:00,13
6/7/2016 23:00,12
6/8/2016 0:00,12
6/8/2016 1:00,12
6/8/2016 2:00,13
6/8/2016 3:00,11
6/8/2016 4:00,11
6/8/2016 5:00,11
6/8/2016 6:00,12
6/8/2016 7:00,13
6/8/2016 8:00,16
6/8/2016 9:00,18
6/8/2016 10:00,19
6/8/2016 11:00,21
6/8/2016 12:00,21
6/8/2016 13:00,23
6/8/2016 14:00,23
6/8/2016 15:00,24
6/8/2016 16:00,24
6/8/2016 17:00,23
6/8/2016 18:00,23
6/8/2016 19:00,21
6/8/2016 20:00,18.6
6/8/2016 21:00,17
6/8/2016 22:00,17
6/8/2016 23:00,16
6/9/2016 0:00,14
6/9/2016 1:00,13
6/9/2016 2:00,13
6/9/2016 3:00,11
6/9/2016 4:00,13
6/9/2016 5:00,13
6/9/2016 6:00,15.3
6/9/2016 7:00,18
6/9/2016 8:00,22
6/9/2016 9:00,22
6/9/2016 10:00,23
6/9/2016 11:00,23
6/9/2016 12:00,22
6/9/2016 13:00,18
6/9/2016 14:00,19
6/9/2016 15:00,22
6/9/2016 16:00,24
6/9/2016 17:00,27
6/9/2016 18:00,26
6/9/2016 19:00,22
6/9/2016 20:00,19
6/9/2016 21:00,19
6/9/2016 22:00,16
6/9/2016 23:00,14
6/10/2016 0:00,15
6/10/2016 1:00,14
6/10/2016 2:00,13
6/10/2016 3:00,12
6/10/2016 4:00,13
6/10/2016 5:00,12
6/10/2016 6:00,14
6/10/2016 7:00,16
6/10/2016 8:00,19
6/10/2016 9:00,26
6/10/2016 10:00,28
6/10/2016 11:00,29
6/10/2016 12:00,29
6/10/2016 13:00,31
6/10/2016 14:00,31
6/10/2016 15:00,32
6/10/2016 16:00,32
6/10/2016 17:00,31
6/10/2016 18:00,30
6/10/2016 19:00,27
6/10/2016 20:00,23
6/10/2016 21:00,19
6/10/2016 22:00,18
6/10/2016 23:00,18
6/11/2016 0:00,18
6/11/2016 1:00,17
6/11/2016 2:00,20
6/11/2016 3:00,19
6/11/2016 4:00,21
6/11/2016 5:00,20
6/11/2016 6:00,21
6/11/2016 7:00,22
6/11/2016 8:00,26
6/11/2016 9:00,27
6/11/2016 10:00,28
6/11/2016 11:00,28
6/11/2016 12:00,27
6/11/2016 13:00,28
6/11/2016 14:00,26
6/11/2016 15:00,24
6/11/2016 16:00,22
6/11/2016 17:00,22
6/11/2016 18:00,23
6/11/2016 19:00,23
6/11/2016 20:00,22
6/11/2016 21:00,22
6/11/2016 22:00,21
6/11/2016 23:00,21
6/12/2016 0:00,21
6/12/2016 1:00,16
6/12/2016 2:00,15
6/12/2016 3:00,14
6/12/2016 4:00,14
6/12/2016 5:00,13
6/12/2016 6:00,13
6/12/2016 7:00,14
6/12/2016 8:00,15
6/12/2016 9:00,15
6/12/2016 10:00,16
6/12/2016 11:00,16
6/12/2016 12:00,17
6/12/2016 13:00,17
6/12/2016 14:00,18
6/12/2016 15:00,18
6/12/2016 16:00,17
6/12/2016 17:00,17
6/12/2016 18:00,17
6/12/2016 19:00,17
6/12/2016 20:00,16
6/12/2016 21:00,16
6/12/2016 22:00,15
6/12/2016 23:00,15
6/13/2016 0:00,15
6/13/2016 1:00,15
6/13/2016 2:00,15
6/13/2016 3:00,15
6/13/2016 4:00,15
6/13/2016 5:00,15
6/13/2016 6:00,16
6/13/2016 7:00,16
6/13/2016 8:00,17
6/13/2016 9:00,17
6/13/2016 10:00,17
6/13/2016 11:00,18
6/13/2016 12:00,19
6/13/2016 13:00,19
6/13/2016 14:00,20
6/13/2016 15:00,19
6/13/2016 16:00,19
6/13/2016 17:00,18
6/13/2016 18:00,18
6/13/2016 19:00,18
6/13/2016 20:00,18
6/13/2016 21:00,17
6/13/2016 22:00,17
6/13/2016 23:00,17
6/14/2016 0:00,17
6/14/2016 1:00,17
6/14/2016 2:00,17
6/14/2016 3:00,17
6/14/2016 4:00,16
6/14/2016 5:00,17
6/14/2016 6:00,17
6/14/2016 7:00,18
6/14/2016 8:00,18
6/14/2016 9:00,18
6/14/2016 10:00,19
6/14/2016 11:00,21
6/14/2016 12:00,23
6/14/2016 13:00,25
6/14/2016 14:00,26
6/14/2016 15:00,26
6/14/2016 16:00,25
6/14/2016 17:00,23
6/14/2016 18:00,21
6/14/2016 19:00,19
6/14/2016 20:00,18
6/14/2016 21:00,18
6/14/2016 22:00,18
6/14/2016 23:00,18
6/15/2016 0:00,18
6/15/2016 1:00,18
6/15/2016 2:00,17
6/15/2016 3:00,18
6/15/2016 4:00,18
6/15/2016 5:00,17
6/15/2016 6:00,18
6/15/2016 7:00,18
6/15/2016 8:00,19
6/15/2016 9:00,21
6/15/2016 10:00,22
6/15/2016 11:00,23
6/15/2016 12:00,23
6/15/2016 13:00,23
6/15/2016 14:00,23
6/15/2016 15:00,21
6/15/2016 16:00,22
6/15/2016 17:00,23
6/15/2016 18:00,22
6/15/2016 19:00,21
6/15/2016 20:00,21
6/15/2016 21:00,19
6/15/2016 22:00,18
6/15/2016 23:00,19
6/16/2016 0:00,19
6/16/2016 1:00,18
6/16/2016 2:00,16
6/16/2016 3:00,17
6/16/2016 4:00,16
6/16/2016 5:00,16
6/16/2016 6:00,17
6/16/2016 7:00,20
6/16/2016 8:00,22
6/16/2016 9:00,25
6/16/2016 10:00,26
6/16/2016 11:00,27
6/16/2016 12:00,27
6/16/2016 13:00,28
6/16/2016 14:00,29
6/16/2016 15:00,28
6/16/2016 16:00,27
6/16/2016 17:00,26
6/16/2016 18:00,25
6/16/2016 19:00,23
6/16/2016 20:00,23
6/16/2016 21:00,22
6/16/2016 22:00,23
6/16/2016 23:00,22
6/17/2016 0:00,20.4
6/17/2016 1:00,19
6/17/2016 2:00,20
6/17/2016 3:00,19
6/17/2016 4:00,19
6/17/2016 5:00,20
6/17/2016 6:00,21
6/17/2016 7:00,22
6/17/2016 8:00,23
6/17/2016 9:00,24
6/17/2016 10:00,18
6/17/2016 11:00,20
6/17/2016 12:00,21
6/17/2016 13:00,21
6/17/2016 14:00,22
6/17/2016 15:00,21
6/17/2016 16:00,22
6/17/2016 17:00,22
6/17/2016 18:00,22
6/17/2016 19:00,21
6/17/2016 20:00,17
6/17/2016 21:00,16
6/17/2016 22:00,17
6/17/2016 23:00,15
6/18/2016 0:00,15
6/18/2016 1:00,15
6/18/2016 2:00,16
6/18/2016 3:00,14
6/18/2016 4:00,14
6/18/2016 5:00,14
6/18/2016 6:00,14
6/18/2016 7:00,14
6/18/2016 8:00,14
6/18/2016 9:00,14
6/18/2016 10:00,13
6/18/2016 11:00,13
6/18/2016 12:00,14
6/18/2016 13:00,13
6/18/2016 14:00,13
6/18/2016 15:00,13
6/18/2016 16:00,12
6/18/2016 17:00,11
6/18/2016 18:00,11
6/18/2016 19:00,11
6/18/2016 20:00,11
6/18/2016 21:00,11
6/18/2016 22:00,11
6/18/2016 23:00,11
6/19/2016 0:00,11
6/19/2016 1:00,11
6/19/2016 2:00,11
6/19/2016 3:00,11
6/19/2016 4:00,11
6/19/2016 5:00,11
6/19/2016 6:00,11
6/19/2016 7:00,12
6/19/2016 8:00,12
6/19/2016 9:00,14
6/19/2016 10:00,15
6/19/2016 11:00,16
6/19/2016 12:00,19
6/19/2016 13:00,19
6/19/2016 14:00,21
6/19/2016 15:00,21
6/19/2016 16:00,22
6/19/2016 17:00,23
6/19/2016 18:00,22
6/19/2016 19:00,19
6/19/2016 20:00,16
6/19/2016 21:00,13
6/19/2016 22:00,12
6/19/2016 23:00,12
6/20/2016 0:00,11
6/20/2016 1:00,12
6/20/2016 2:00,9
6/20/2016 3:00,11
6/20/2016 4:00,12
6/20/2016 5:00,11
6/20/2016 6:00,12
6/20/2016 7:00,13
6/20/2016 8:00,16
6/20/2016 9:00,19
6/20/2016 10:00,22
6/20/2016 11:00,23
6/20/2016 12:00,24
6/20/2016 13:00,25
6/20/2016 14:00,26
6/20/2016 15:00,26
6/20/2016 16:00,26
6/20/2016 17:00,26
6/20/2016 18:00,26
6/20/2016 19:00,24
6/20/2016 20:00,20
6/20/2016 21:00,20
6/20/2016 22:00,19
6/20/2016 23:00,19
6/21/2016 0:00,20
6/21/2016 1:00,20
6/21/2016 2:00,21
6/21/2016 3:00,20
6/21/2016 4:00,21
6/21/2016 5:00,20
6/21/2016 6:00,21
6/21/2016 7:00,21
6/21/2016 8:00,21
6/21/2016 9:00,23
6/21/2016 10:00,24
6/21/2016 11:00,24
6/21/2016 12:00,24
6/21/2016 13:00,25
6/21/2016 14:00,26
6/21/2016 15:00,26
6/21/2016 16:00,24
6/21/2016 17:00,22
6/21/2016 18:00,22
6/21/2016 19:00,22
6/21/2016 20:00,22
6/21/2016 21:00,22
6/21/2016 22:00,21
6/21/2016 23:00,21
6/22/2016 0:00,20
6/22/2016 1:00,19
6/22/2016 2:00,18
6/22/2016 3:00,17
6/22/2016 4:00,16
6/22/2016 5:00,14
6/22/2016 6:00,17
6/22/2016 7:00,21
6/22/2016 8:00,22
6/22/2016 9:00,23
6/22/2016 10:00,24
6/22/2016 11:00,24
6/22/2016 12:00,26
6/22/2016 13:00,24
6/22/2016 14:00,27
6/22/2016 15:00,24
6/22/2016 16:00,24
6/22/2016 17:00,24
6/22/2016 18:00,24
6/22/2016 19:00,23
6/22/2016 20:00,21
6/22/2016 21:00,18
6/22/2016 22:00,19
6/22/2016 23:00,18
6/23/2016 0:00,19
6/23/2016 1:00,18
6/23/2016 2:00,17
6/23/2016 3:00,14
6/23/2016 4:00,12
6/23/2016 5:00,14
6/23/2016 6:00,16
6/23/2016 7:00,16
6/23/2016 8:00,17
6/23/2016 9:00,18
6/23/2016 10:00,20
6/23/2016 11:00,21
6/23/2016 12:00,22
6/23/2016 13:00,24
6/23/2016 14:00,24
6/23/2016 15:00,24
6/23/2016 16:00,23
6/23/2016 17:00,23
6/23/2016 18:00,23
6/23/2016 19:00,21
6/23/2016 20:00,19
6/23/2016 21:00,16
6/23/2016 22:00,18
6/23/2016 23:00,14
6/24/2016 0:00,14
6/24/2016 1:00,13
6/24/2016 2:00,12
6/24/2016 3:00,12
6/24/2016 4:00,12
6/24/2016 5:00,12
6/24/2016 6:00,13
6/24/2016 7:00,13
6/24/2016 8:00,14
6/24/2016 9:00,17
6/24/2016 10:00,21
6/24/2016 11:00,24
6/24/2016 12:00,26
6/24/2016 13:00,27
6/24/2016 14:00,27
6/24/2016 15:00,27
6/24/2016 16:00,28
6/24/2016 17:00,27
6/24/2016 18:00,26
6/24/2016 19:00,25
6/24/2016 20:00,23
6/24/2016 21:00,23
6/24/2016 22:00,21
6/24/2016 23:00,21
6/25/2016 0:00,22
6/25/2016 1:00,23
6/25/2016 2:00,24
6/25/2016 3:00,23
6/25/2016 4:00,23
6/25/2016 5:00,23
6/25/2016 6:00,23
6/25/2016 7:00,24
6/25/2016 8:00,26
6/25/2016 9:00,27
6/25/2016 10:00,28
6/25/2016 11:00,28
6/25/2016 12:00,30
6/25/2016 13:00,28
6/25/2016 14:00,28
6/25/2016 15:00,28
6/25/2016 16:00,28
6/25/2016 17:00,26
6/25/2016 18:00,27
6/25/2016 19:00,25
6/25/2016 20:00,24
6/25/2016 21:00,22
6/25/2016 22:00,21
6/25/2016 23:00,20
6/26/2016 0:00,20
6/26/2016 1:00,19
6/26/2016 2:00,20
6/26/2016 3:00,20
6/26/2016 4:00,21
6/26/2016 5:00,20
6/26/2016 6:00,21
6/26/2016 7:00,21
6/26/2016 8:00,22
6/26/2016 9:00,23
6/26/2016 10:00,24
6/26/2016 11:00,24
6/26/2016 12:00,24
6/26/2016 13:00,25
6/26/2016 14:00,26
6/26/2016 15:00,27
6/26/2016 16:00,28
6/26/2016 17:00,28
6/26/2016 18:00,27
6/26/2016 19:00,25
6/26/2016 20:00,23
6/26/2016 21:00,23
6/26/2016 22:00,22
6/26/2016 23:00,21
6/27/2016 0:00,23
6/27/2016 1:00,22
6/27/2016 2:00,23
6/27/2016 3:00,22
6/27/2016 4:00,21
6/27/2016 5:00,21
6/27/2016 6:00,21
6/27/2016 7:00,21
6/27/2016 8:00,19
6/27/2016 9:00,19
6/27/2016 10:00,18
6/27/2016 11:00,21
6/27/2016 12:00,24
6/27/2016 13:00,24
6/27/2016 14:00,25
6/27/2016 15:00,24
6/27/2016 16:00,25
6/27/2016 17:00,24
6/27/2016 18:00,24
6/27/2016 19:00,21
6/27/2016 20:00,19
6/27/2016 21:00,18
6/27/2016 22:00,16
6/27/2016 23:00,14
6/28/2016 0:00,14
6/28/2016 1:00,13
6/28/2016 2:00,12
6/28/2016 3:00,12
6/28/2016 4:00,11
6/28/2016 5:00,10
6/28/2016 6:00,12
6/28/2016 7:00,13
6/28/2016 8:00,15
6/28/2016 9:00,19
6/28/2016 10:00,21
6/28/2016 11:00,22
6/28/2016 12:00,23
6/28/2016 13:00,23
6/28/2016 14:00,24
6/28/2016 15:00,23
6/28/2016 16:00,22
6/28/2016 17:00,22
6/28/2016 18:00,21
6/28/2016 19:00,19
6/28/2016 20:00,17
6/28/2016 21:00,15
6/28/2016 22:00,14
6/28/2016 23:00,15
6/29/2016 0:00,14
6/29/2016 1:00,14
6/29/2016 2:00,14
6/29/2016 3:00,12
6/29/2016 4:00,12
6/29/2016 5:00,12
6/29/2016 6:00,13
6/29/2016 7:00,14
6/29/2016 8:00,16
6/29/2016 9:00,20
6/29/2016 10:00,22
6/29/2016 11:00,17
6/29/2016 12:00,16
6/29/2016 13:00,18
6/29/2016 14:00,21
6/29/2016 15:00,22
6/29/2016 16:00,21
6/29/2016 17:00,21
6/29/2016 18:00,22
6/29/2016 19:00,18
6/29/2016 20:00,16
6/29/2016 21:00,16
6/29/2016 22:00,15
6/29/2016 23:00,14
6/30/2016 0:00,13
6/30/2016 1:00,12
6/30/2016 2:00,12
6/30/2016 3:00,12
6/30/2016 4:00,11
6/30/2016 5:00,11
6/30/2016 6:00,12
6/30/2016 7:00,14.5
6/30/2016 8:00,17.4
6/30/2016 9:00,20.4
6/30/2016 10:00,23
6/30/2016 11:00,19
6/30/2016 12:00,21
6/30/2016 13:00,22
6/30/2016 14:00,23
6/30/2016 15:00,23
6/30/2016 16:00,23
6/30/2016 17:00,23
6/30/2016 18:00,22
6/30/2016 19:00,20
6/30/2016 20:00,14
6/30/2016 21:00,15
6/30/2016 22:00,14.6
6/30/2016 23:00,14.1
7/1/2016 0:00,13.7
7/1/2016 1:00,13.3
7/1/2016 2:00,12.9
7/1/2016 3:00,12.4
7/1/2016 4:00,12
7/1/2016 5:00,13
7/1/2016 6:00,13
7/1/2016 7:00,13
7/1/2016 8:00,14
7/1/2016 9:00,17
7/1/2016 10:00,23
7/1/2016 11:00,26
7/1/2016 12:00,27
7/1/2016 13:00,27
7/1/2016 14:00,26
7/1/2016 15:00,27
7/1/2016 16:00,26
7/1/2016 17:00,26
7/1/2016 18:00,25
7/1/2016 19:00,24
7/1/2016 20:00,20
7/1/2016 21:00,18
7/1/2016 22:00,16
7/1/2016 23:00,14
7/2/2016 0:00,12.3
7/2/2016 1:00,12.1
7/2/2016 2:00,10.9
7/2/2016 3:00,10.2
7/2/2016 4:00,10.5
7/2/2016 5:00,10.3
7/2/2016 6:00,11.5
7/2/2016 7:00,11.8
7/2/2016 8:00,14.1
7/2/2016 9:00,16.9
7/2/2016 10:00,21.2
7/2/2016 11:00,23
7/2/2016 12:00,25
7/2/2016 13:00,26
7/2/2016 14:00,26
7/2/2016 15:00,25
7/2/2016 16:00,26
7/2/2016 17:00,25
7/2/2016 18:00,23
7/2/2016 19:00,21
7/2/2016 20:00,19
7/2/2016 21:00,16
7/2/2016 22:00,14
7/2/2016 23:00,12
7/3/2016 0:00,11
7/3/2016 1:00,10
7/3/2016 2:00,9
7/3/2016 3:00,9
7/3/2016 4:00,9
7/3/2016 5:00,8
7/3/2016 6:00,11
7/3/2016 7:00,12
7/3/2016 8:00,16
7/3/2016 9:00,19
7/3/2016 10:00,22
7/3/2016 11:00,23
7/3/2016 12:00,24
7/3/2016 13:00,25
7/3/2016 14:00,26
7/3/2016 15:00,27
7/3/2016 16:00,27
7/3/2016 17:00,27
7/3/2016 18:00,26
7/3/2016 19:00,24
7/3/2016 20:00,19
7/3/2016 21:00,17
7/3/2016 22:00,15
7/3/2016 23:00,14
7/4/2016 0:00,13
7/4/2016 1:00,13
7/4/2016 2:00,12
7/4/2016 3:00,12
7/4/2016 4:00,13
7/4/2016 5:00,13
7/4/2016 6:00,14
7/4/2016 7:00,18
7/4/2016 8:00,20
7/4/2016 9:00,23
7/4/2016 10:00,25
7/4/2016 11:00,26
7/4/2016 12:00,26
7/4/2016 13:00,27
7/4/2016 14:00,27
7/4/2016 15:00,26
7/4/2016 16:00,25
7/4/2016 17:00,26
7/4/2016 18:00,26
7/4/2016 19:00,25
7/4/2016 20:00,24
7/4/2016 21:00,23
7/4/2016 22:00,21
7/4/2016 23:00,22
7/5/2016 0:00,21
7/5/2016 1:00,21
7/5/2016 2:00,21
7/5/2016 3:00,21
7/5/2016 4:00,21
7/5/2016 5:00,19
7/5/2016 6:00,21
7/5/2016 7:00,22
7/5/2016 8:00,24
7/5/2016 9:00,24
7/5/2016 10:00,27
7/5/2016 11:00,27
7/5/2016 12:00,28
7/5/2016 13:00,29
7/5/2016 14:00,29
7/5/2016 15:00,28
7/5/2016 16:00,26
7/5/2016 17:00,27
7/5/2016 18:00,26
7/5/2016 19:00,23
7/5/2016 20:00,22
7/5/2016 21:00,20
7/5/2016 22:00,18
7/5/2016 23:00,17
7/6/2016 0:00,17
7/6/2016 1:00,16
7/6/2016 2:00,16
7/6/2016 3:00,15
7/6/2016 4:00,14
7/6/2016 5:00,15
7/6/2016 6:00,16
7/6/2016 7:00,16
7/6/2016 8:00,17
7/6/2016 9:00,18
7/6/2016 10:00,18
7/6/2016 11:00,19
7/6/2016 12:00,22
7/6/2016 13:00,22
7/6/2016 14:00,24
7/6/2016 15:00,24
7/6/2016 16:00,24
7/6/2016 17:00,24
7/6/2016 18:00,23
7/6/2016 19:00,22
7/6/2016 20:00,19
7/6/2016 21:00,17
7/6/2016 22:00,15
7/6/2016 23:00,16
7/7/2016 0:00,14
7/7/2016 1:00,13
7/7/2016 2:00,13
7/7/2016 3:00,13
7/7/2016 4:00,13.5
7/7/2016 5:00,14
7/7/2016 6:00,16
7/7/2016 7:00,18
7/7/2016 8:00,19
7/7/2016 9:00,23
7/7/2016 10:00,23
7/7/2016 11:00,27
7/7/2016 12:00,26
7/7/2016 13:00,26
7/7/2016 14:00,24
7/7/2016 15:00,28
7/7/2016 16:00,27
7/7/2016 17:00,23
7/7/2016 18:00,22
7/7/2016 19:00,22
7/7/2016 20:00,21
7/7/2016 21:00,20
7/7/2016 22:00,19
7/7/2016 23:00,19
7/8/2016 0:00,19
7/8/2016 1:00,19
7/8/2016 2:00,18
7/8/2016 3:00,17
7/8/2016 4:00,17
7/8/2016 5:00,17
7/8/2016 6:00,18
7/8/2016 7:00,19
7/8/2016 8:00,22
7/8/2016 9:00,23
7/8/2016 10:00,24
7/8/2016 11:00,24
7/8/2016 12:00,25
7/8/2016 13:00,26
7/8/2016 14:00,26.5
7/8/2016 15:00,27
7/8/2016 16:00,27
7/8/2016 17:00,24
7/8/2016 18:00,20
7/8/2016 19:00,18
7/8/2016 20:00,17
7/8/2016 21:00,17
7/8/2016 22:00,17
7/8/2016 23:00,17
7/9/2016 0:00,16
7/9/2016 1:00,16
7/9/2016 2:00,16
7/9/2016 3:00,14
7/9/2016 4:00,13
7/9/2016 5:00,14
7/9/2016 6:00,15
7/9/2016 7:00,16
7/9/2016 8:00,16
7/9/2016 9:00,18
7/9/2016 10:00,18
7/9/2016 11:00,20
7/9/2016 12:00,19
7/9/2016 13:00,21
7/9/2016 14:00,21
7/9/2016 15:00,21
7/9/2016 16:00,23
7/9/2016 17:00,21
7/9/2016 18:00,21
7/9/2016 19:00,19
7/9/2016 20:00,18
7/9/2016 21:00,17
7/9/2016 22:00,18
7/9/2016 23:00,17
7/10/2016 0:00,15
7/10/2016 1:00,13
7/10/2016 2:00,12
7/10/2016 3:00,12
7/10/2016 4:00,11
7/10/2016 5:00,11
7/10/2016 6:00,14
7/10/2016 7:00,14
7/10/2016 8:00,16
7/10/2016 9:00,18
7/10/2016 10:00,20
7/10/2016 11:00,22
7/10/2016 12:00,23
7/10/2016 13:00,25
7/10/2016 14:00,24
7/10/2016 15:00,26
7/10/2016 16:00,26
7/10/2016 17:00,26
7/10/2016 18:00,24
7/10/2016 19:00,23
7/10/2016 20:00,22
7/10/2016 21:00,21
7/10/2016 22:00,19
7/10/2016 23:00,18
7/11/2016 0:00,16
7/11/2016 1:00,14
7/11/2016 2:00,14
7/11/2016 3:00,13
7/11/2016 4:00,12
7/11/2016 5:00,14
7/11/2016 6:00,15
7/11/2016 7:00,16
7/11/2016 8:00,16
7/11/2016 9:00,20
7/11/2016 10:00,23
7/11/2016 11:00,24
7/11/2016 12:00,26
7/11/2016 13:00,27
7/11/2016 14:00,28
7/11/2016 15:00,27
7/11/2016 16:00,28
7/11/2016 17:00,28
7/11/2016 18:00,27
7/11/2016 19:00,26
7/11/2016 20:00,21
7/11/2016 21:00,20
7/11/2016 22:00,20
7/11/2016 23:00,19
7/12/2016 0:00,18
7/12/2016 1:00,17
7/12/2016 2:00,16
7/12/2016 3:00,17
7/12/2016 4:00,17
7/12/2016 5:00,17
7/12/2016 6:00,18
7/12/2016 7:00,20
7/12/2016 8:00,21
7/12/2016 9:00,21
7/12/2016 10:00,20
7/12/2016 11:00,21
7/12/2016 12:00,22
7/12/2016 13:00,22
7/12/2016 14:00,21
7/12/2016 15:00,21
7/12/2016 16:00,21
7/12/2016 17:00,21
7/12/2016 18:00,21
7/12/2016 19:00,21
7/12/2016 20:00,21
7/12/2016 21:00,20
7/12/2016 22:00,19
7/12/2016 23:00,19
7/13/2016 0:00,19
7/13/2016 1:00,19
7/13/2016 2:00,19
7/13/2016 3:00,18
7/13/2016 4:00,18
7/13/2016 5:00,18
7/13/2016 6:00,18
7/13/2016 7:00,18
7/13/2016 8:00,18
7/13/2016 9:00,19
7/13/2016 10:00,20
7/13/2016 11:00,22
7/13/2016 12:00,22
7/13/2016 13:00,23
7/13/2016 14:00,25
7/13/2016 15:00,26
7/13/2016 16:00,25
7/13/2016 17:00,26
7/13/2016 18:00,25
7/13/2016 19:00,23
7/13/2016 20:00,20
7/13/2016 21:00,23
7/13/2016 22:00,20
7/13/2016 23:00,20
7/14/2016 0:00,19.9
7/14/2016 1:00,20
7/14/2016 2:00,19
7/14/2016 3:00,18
7/14/2016 4:00,19
7/14/2016 5:00,18
7/14/2016 6:00,19
7/14/2016 7:00,20
7/14/2016 8:00,21
7/14/2016 9:00,18
7/14/2016 10:00,18
7/14/2016 11:00,20
7/14/2016 12:00,21
7/14/2016 13:00,20
7/14/2016 14:00,16
7/14/2016 15:00,16
7/14/2016 16:00,18
7/14/2016 17:00,18
7/14/2016 18:00,18
7/14/2016 19:00,18
7/14/2016 20:00,17
7/14/2016 21:00,16
7/14/2016 22:00,16
7/14/2016 23:00,15
7/15/2016 0:00,14
7/15/2016 1:00,14
7/15/2016 2:00,14
7/15/2016 3:00,14
7/15/2016 4:00,14
7/15/2016 5:00,15
7/15/2016 6:00,16
7/15/2016 7:00,17
7/15/2016 8:00,18
7/15/2016 9:00,18
7/15/2016 10:00,21
7/15/2016 11:00,21
7/15/2016 12:00,22
7/15/2016 13:00,21
7/15/2016 14:00,22
7/15/2016 15:00,19
7/15/2016 16:00,20
7/15/2016 17:00,19
7/15/2016 18:00,19
7/15/2016 19:00,18
7/15/2016 20:00,18
7/15/2016 21:00,17
7/15/2016 22:00,17
7/15/2016 23:00,17
7/16/2016 0:00,17
7/16/2016 1:00,16
7/16/2016 2:00,16
7/16/2016 3:00,16
7/16/2016 4:00,17
7/16/2016 5:00,17
7/16/2016 6:00,17
7/16/2016 7:00,18
7/16/2016 8:00,17
7/16/2016 9:00,18
7/16/2016 10:00,19
7/16/2016 11:00,19
7/16/2016 12:00,21
7/16/2016 13:00,23
7/16/2016 14:00,23
7/16/2016 15:00,22
7/16/2016 16:00,24
7/16/2016 17:00,23
7/16/2016 18:00,22
7/16/2016 19:00,22
7/16/2016 20:00,21
7/16/2016 21:00,18
7/16/2016 22:00,18
7/16/2016 23:00,18
7/17/2016 0:00,18
7/17/2016 1:00,17
7/17/2016 2:00,16
7/17/2016 3:00,15
7/17/2016 4:00,16
7/17/2016 5:00,15
7/17/2016 6:00,16
7/17/2016 7:00,17
7/17/2016 8:00,19
7/17/2016 9:00,22
7/17/2016 10:00,24
7/17/2016 11:00,25
7/17/2016 12:00,26
7/17/2016 13:00,27
7/17/2016 14:00,24
7/17/2016 15:00,25
7/17/2016 16:00,26
7/17/2016 17:00,26
7/17/2016 18:00,24
7/17/2016 19:00,22
7/17/2016 20:00,21
7/17/2016 21:00,17
7/17/2016 22:00,17
7/17/2016 23:00,17
7/18/2016 0:00,17
7/18/2016 1:00,17
7/18/2016 2:00,17
7/18/2016 3:00,17
7/18/2016 4:00,16
7/18/2016 5:00,16
7/18/2016 6:00,17
7/18/2016 7:00,17
7/18/2016 8:00,18
7/18/2016 9:00,18
7/18/2016 10:00,18
7/18/2016 11:00,19
7/18/2016 12:00,19
7/18/2016 13:00,19
7/18/2016 14:00,20
7/18/2016 15:00,21
7/18/2016 16:00,21
7/18/2016 17:00,22
7/18/2016 18:00,22
7/18/2016 19:00,21
7/18/2016 20:00,20
7/18/2016 21:00,19
7/18/2016 22:00,18
7/18/2016 23:00,17
7/19/2016 0:00,16
7/19/2016 1:00,16
7/19/2016 2:00,15
7/19/2016 3:00,14
7/19/2016 4:00,15
7/19/2016 5:00,15
7/19/2016 6:00,15
7/19/2016 7:00,15
7/19/2016 8:00,16
7/19/2016 9:00,17
7/19/2016 10:00,22
7/19/2016 11:00,22
7/19/2016 12:00,24
7/19/2016 13:00,24
7/19/2016 14:00,24
7/19/2016 15:00,24
7/19/2016 16:00,23
7/19/2016 17:00,24
7/19/2016 18:00,21
7/19/2016 19:00,21
7/19/2016 20:00,18
7/19/2016 21:00,17
7/19/2016 22:00,16
7/19/2016 23:00,16
7/20/2016 0:00,16
7/20/2016 1:00,15
7/20/2016 2:00,15
7/20/2016 3:00,16
7/20/2016 4:00,16
7/20/2016 5:00,15
7/20/2016 6:00,16
7/20/2016 7:00,17
7/20/2016 8:00,19
7/20/2016 9:00,21
7/20/2016 10:00,23
7/20/2016 11:00,24
7/20/2016 12:00,26
7/20/2016 13:00,26
7/20/2016 14:00,26
7/20/2016 15:00,25
7/20/2016 16:00,25
7/20/2016 17:00,24
7/20/2016 18:00,23
7/20/2016 19:00,22
7/20/2016 20:00,18
7/20/2016 21:00,18
7/20/2016 22:00,16
7/20/2016 23:00,16
7/21/2016 0:00,15
7/21/2016 1:00,14
7/21/2016 2:00,14
7/21/2016 3:00,14
7/21/2016 4:00,15
7/21/2016 5:00,16
7/21/2016 6:00,16
7/21/2016 7:00,17
7/21/2016 8:00,17
7/21/2016 9:00,21
7/21/2016 10:00,24
7/21/2016 11:00,26
7/21/2016 12:00,27
7/21/2016 13:00,28
7/21/2016 14:00,29
7/21/2016 15:00,29
7/21/2016 16:00,29
7/21/2016 17:00,29
7/21/2016 18:00,28
7/21/2016 19:00,25
7/21/2016 20:00,22
7/21/2016 21:00,22
7/21/2016 22:00,21
7/21/2016 23:00,19
7/22/2016 0:00,20
7/22/2016 1:00,20
7/22/2016 2:00,20
7/22/2016 3:00,19
7/22/2016 4:00,18
7/22/2016 5:00,19
7/22/2016 6:00,19
7/22/2016 7:00,21
7/22/2016 8:00,24
7/22/2016 9:00,26
7/22/2016 10:00,28
7/22/2016 11:00,28
7/22/2016 12:00,28
7/22/2016 13:00,29
7/22/2016 14:00,29
7/22/2016 15:00,27
7/22/2016 16:00,25
7/22/2016 17:00,24
7/22/2016 18:00,24
7/22/2016 19:00,23
7/22/2016 20:00,23
7/22/2016 21:00,22
7/22/2016 22:00,22
7/22/2016 23:00,21
7/23/2016 0:00,22
7/23/2016 1:00,21.5
7/23/2016 2:00,21
7/23/2016 3:00,20.7
7/23/2016 4:00,20.5
7/23/2016 5:00,20.3
7/23/2016 6:00,21
7/23/2016 7:00,22
7/23/2016 8:00,23
7/23/2016 9:00,24
7/23/2016 10:00,26
7/23/2016 11:00,27
7/23/2016 12:00,24
7/23/2016 13:00,22
7/23/2016 14:00,22
7/23/2016 15:00,22
7/23/2016 16:00,23
7/23/2016 17:00,23
7/23/2016 18:00,22
7/23/2016 19:00,20
7/23/2016 20:00,19
7/23/2016 21:00,18
7/23/2016 22:00,16
7/23/2016 23:00,15
7/24/2016 0:00,13
7/24/2016 1:00,13
7/24/2016 2:00,13
7/24/2016 3:00,13
7/24/2016 4:00,14
7/24/2016 5:00,14
7/24/2016 6:00,14
7/24/2016 7:00,16
7/24/2016 8:00,16
7/24/2016 9:00,18
7/24/2016 10:00,17
7/24/2016 11:00,18
7/24/2016 12:00,19
7/24/2016 13:00,21
7/24/2016 14:00,21
7/24/2016 15:00,22
7/24/2016 16:00,21
7/24/2016 17:00,21
7/24/2016 18:00,19
7/24/2016 19:00,18
7/24/2016 20:00,16
7/24/2016 21:00,14
7/24/2016 22:00,12
7/24/2016 23:00,11
7/25/2016 0:00,11
7/25/2016 1:00,11
7/25/2016 2:00,10
7/25/2016 3:00,9
7/25/2016 4:00,11
7/25/2016 5:00,10
7/25/2016 6:00,12
7/25/2016 7:00,13
7/25/2016 8:00,15
7/25/2016 9:00,17
7/25/2016 10:00,20
7/25/2016 11:00,21
7/25/2016 12:00,22
7/25/2016 13:00,24
7/25/2016 14:00,23
7/25/2016 15:00,25
7/25/2016 16:00,23
7/25/2016 17:00,22
7/25/2016 18:00,21
7/25/2016 19:00,20
7/25/2016 20:00,19
7/25/2016 21:00,19
7/25/2016 22:00,18
7/25/2016 23:00,18
7/26/2016 0:00,17
7/26/2016 1:00,18
7/26/2016 2:00,17
7/26/2016 3:00,17
7/26/2016 4:00,17
7/26/2016 5:00,17
7/26/2016 6:00,17
7/26/2016 7:00,18
7/26/2016 8:00,18
7/26/2016 9:00,19
7/26/2016 10:00,19
7/26/2016 11:00,21
7/26/2016 12:00,21
7/26/2016 13:00,19
7/26/2016 14:00,19
7/26/2016 15:00,19
7/26/2016 16:00,18
7/26/2016 17:00,18
7/26/2016 18:00,18
7/26/2016 19:00,18
7/26/2016 20:00,18
7/26/2016 21:00,18
7/26/2016 22:00,18
7/26/2016 23:00,18
7/27/2016 0:00,18
7/27/2016 1:00,18
7/27/2016 2:00,18
7/27/2016 3:00,17
7/27/2016 4:00,17
7/27/2016 5:00,17
7/27/2016 6:00,17
7/27/2016 7:00,17
7/27/2016 8:00,17
7/27/2016 9:00,18
7/27/2016 10:00,18
7/27/2016 11:00,18
7/27/2016 12:00,18
7/27/2016 13:00,18
7/27/2016 14:00,18
7/27/2016 15:00,18
7/27/2016 16:00,19
7/27/2016 17:00,19
7/27/2016 18:00,19
7/27/2016 19:00,19
7/27/2016 20:00,18
7/27/2016 21:00,18
7/27/2016 22:00,18
7/27/2016 23:00,18
7/28/2016 0:00,18
7/28/2016 1:00,18
7/28/2016 2:00,18
7/28/2016 3:00,18
7/28/2016 4:00,17
7/28/2016 5:00,17
7/28/2016 6:00,18
7/28/2016 7:00,19
7/28/2016 8:00,21
7/28/2016 9:00,21
7/28/2016 10:00,22
7/28/2016 11:00,22
7/28/2016 12:00,24
7/28/2016 13:00,20
7/28/2016 14:00,19
7/28/2016 15:00,18
7/28/2016 16:00,19
7/28/2016 17:00,20
7/28/2016 18:00,20
7/28/2016 19:00,20
7/28/2016 20:00,18
7/28/2016 21:00,18
7/28/2016 22:00,16
7/28/2016 23:00,17
7/29/2016 0:00,17
7/29/2016 1:00,17
7/29/2016 2:00,16
7/29/2016 3:00,15
7/29/2016 4:00,16
7/29/2016 5:00,16
7/29/2016 6:00,16
7/29/2016 7:00,17
7/29/2016 8:00,18
7/29/2016 9:00,18
7/29/2016 10:00,19
7/29/2016 11:00,21
7/29/2016 12:00,23
7/29/2016 13:00,24
7/29/2016 14:00,25
7/29/2016 15:00,26
7/29/2016 16:00,27
7/29/2016 17:00,27
7/29/2016 18:00,26
7/29/2016 19:00,22
7/29/2016 20:00,20
7/29/2016 21:00,20
7/29/2016 22:00,18
7/29/2016 23:00,17
7/30/2016 0:00,17
7/30/2016 1:00,16
7/30/2016 2:00,16
7/30/2016 3:00,16
7/30/2016 4:00,16
7/30/2016 5:00,17
7/30/2016 6:00,17
7/30/2016 7:00,19
7/30/2016 8:00,22
7/30/2016 9:00,24
7/30/2016 10:00,26
7/30/2016 11:00,26
7/30/2016 12:00,27
7/30/2016 13:00,25
7/30/2016 14:00,25
7/30/2016 15:00,25
7/30/2016 16:00,26
7/30/2016 17:00,24
7/30/2016 18:00,23
7/30/2016 19:00,23
7/30/2016 20:00,23
7/30/2016 21:00,24
7/30/2016 22:00,23
7/30/2016 23:00,23
7/31/2016 0:00,23
7/31/2016 1:00,23
7/31/2016 2:00,23
7/31/2016 3:00,23
7/31/2016 4:00,23
7/31/2016 5:00,23
7/31/2016 6:00,23
7/31/2016 7:00,24
7/31/2016 8:00,25
7/31/2016 9:00,25
7/31/2016 10:00,23
7/31/2016 11:00,24
7/31/2016 12:00,25
7/31/2016 13:00,25
7/31/2016 14:00,25
7/31/2016 15:00,25
7/31/2016 16:00,24
7/31/2016 17:00,24
7/31/2016 18:00,23
7/31/2016 19:00,23
7/31/2016 20:00,23
7/31/2016 21:00,23
7/31/2016 22:00,22.6
7/31/2016 23:00,22.1
8/1/2016 0:00,21.7
8/1/2016 1:00,21.3
8/1/2016 2:00,20.9
8/1/2016 3:00,20.4
8/1/2016 4:00,20
8/1/2016 5:00,19
8/1/2016 6:00,20
8/1/2016 7:00,21
8/1/2016 8:00,23
8/1/2016 9:00,25
8/1/2016 10:00,27
8/1/2016 11:00,26
8/1/2016 12:00,28
8/1/2016 13:00,28
8/1/2016 14:00,29
8/1/2016 15:00,29
8/1/2016 16:00,29
8/1/2016 17:00,27
8/1/2016 18:00,25
8/1/2016 19:00,24
8/1/2016 20:00,22
8/1/2016 21:00,21
8/1/2016 22:00,18
8/1/2016 23:00,17.4
8/2/2016 0:00,16.4
8/2/2016 1:00,16.8
8/2/2016 2:00,16.3
8/2/2016 3:00,15.2
8/2/2016 4:00,16.1
8/2/2016 5:00,15.6
8/2/2016 6:00,16
8/2/2016 7:00,16.3
8/2/2016 8:00,17
8/2/2016 9:00,20
8/2/2016 10:00,23
8/2/2016 11:00,24
8/2/2016 12:00,26
8/2/2016 13:00,27
8/2/2016 14:00,27
8/2/2016 15:00,28
8/2/2016 16:00,28
8/2/2016 17:00,28
8/2/2016 18:00,27
8/2/2016 19:00,23
8/2/2016 20:00,21
8/2/2016 21:00,19
8/2/2016 22:00,18
8/2/2016 23:00,18
8/3/2016 0:00,17
8/3/2016 1:00,17
8/3/2016 2:00,16
8/3/2016 3:00,16
8/3/2016 4:00,17
8/3/2016 5:00,17
8/3/2016 6:00,17
8/3/2016 7:00,18
8/3/2016 8:00,19
8/3/2016 9:00,22
8/3/2016 10:00,26
8/3/2016 11:00,28
8/3/2016 12:00,29
8/3/2016 13:00,30
8/3/2016 14:00,28
8/3/2016 15:00,26
8/3/2016 16:00,27
8/3/2016 17:00,24
8/3/2016 18:00,25
8/3/2016 19:00,23
8/3/2016 20:00,21
8/3/2016 21:00,19
8/3/2016 22:00,19
8/3/2016 23:00,20
8/4/2016 0:00,18
8/4/2016 1:00,19
8/4/2016 2:00,19
8/4/2016 3:00,19
8/4/2016 4:00,18
8/4/2016 5:00,18
8/4/2016 6:00,18
8/4/2016 7:00,19
8/4/2016 8:00,19
8/4/2016 9:00,21
8/4/2016 10:00,23
8/4/2016 11:00,23
8/4/2016 12:00,24
8/4/2016 13:00,23
8/4/2016 14:00,22
8/4/2016 15:00,21
8/4/2016 16:00,21
8/4/2016 17:00,19
8/4/2016 18:00,18
8/4/2016 19:00,18
8/4/2016 20:00,17
8/4/2016 21:00,17
8/4/2016 22:00,17
8/4/2016 23:00,16
8/5/2016 0:00,16
8/5/2016 1:00,16
8/5/2016 2:00,16
8/5/2016 3:00,16
8/5/2016 4:00,16
8/5/2016 5:00,16
8/5/2016 6:00,16
8/5/2016 7:00,18
8/5/2016 8:00,17
8/5/2016 9:00,17
8/5/2016 10:00,18
8/5/2016 11:00,19
8/5/2016 12:00,19.3
8/5/2016 13:00,19.3
8/5/2016 14:00,19
8/5/2016 15:00,18.7
8/5/2016 16:00,18
8/5/2016 17:00,19
8/5/2016 18:00,17
8/5/2016 19:00,16
8/5/2016 20:00,14
8/5/2016 21:00,11
8/5/2016 22:00,11
8/5/2016 23:00,10
8/6/2016 0:00,10
8/6/2016 1:00,11
8/6/2016 2:00,9
8/6/2016 3:00,11
8/6/2016 4:00,10
8/6/2016 5:00,8
8/6/2016 6:00,11
8/6/2016 7:00,12
8/6/2016 8:00,13
8/6/2016 9:00,12
8/6/2016 10:00,15
8/6/2016 11:00,13
8/6/2016 12:00,14
8/6/2016 13:00,16
8/6/2016 14:00,17
8/6/2016 15:00,17
8/6/2016 16:00,17
8/6/2016 17:00,17
8/6/2016 18:00,16
8/6/2016 19:00,14
8/6/2016 20:00,13
8/6/2016 21:00,13
8/6/2016 22:00,13
8/6/2016 23:00,12
8/7/2016 0:00,12
8/7/2016 1:00,12
8/7/2016 2:00,12
8/7/2016 3:00,12
8/7/2016 4:00,12
8/7/2016 5:00,12
8/7/2016 6:00,12
8/7/2016 7:00,12
8/7/2016 8:00,14
8/7/2016 9:00,15
8/7/2016 10:00,15
8/7/2016 11:00,14
8/7/2016 12:00,16
8/7/2016 13:00,16
8/7/2016 14:00,16
8/7/2016 15:00,17
8/7/2016 16:00,15
8/7/2016 17:00,17
8/7/2016 18:00,17
8/7/2016 19:00,16
8/7/2016 20:00,14
8/7/2016 21:00,13
8/7/2016 22:00,13
8/7/2016 23:00,13
8/8/2016 0:00,13
8/8/2016 1:00,13
8/8/2016 2:00,13
8/8/2016 3:00,13
8/8/2016 4:00,13
8/8/2016 5:00,12
8/8/2016 6:00,12
8/8/2016 7:00,15
8/8/2016 8:00,17
8/8/2016 9:00,19
8/8/2016 10:00,21
8/8/2016 11:00,22
8/8/2016 12:00,23
8/8/2016 13:00,22
8/8/2016 14:00,23
8/8/2016 15:00,22
8/8/2016 16:00,21
8/8/2016 17:00,23
8/8/2016 18:00,22
8/8/2016 19:00,18
8/8/2016 20:00,17
8/8/2016 21:00,16
8/8/2016 22:00,16
8/8/2016 23:00,16
8/9/2016 0:00,15
8/9/2016 1:00,14
8/9/2016 2:00,12
8/9/2016 3:00,12
8/9/2016 4:00,11
8/9/2016 5:00,12
8/9/2016 6:00,11
8/9/2016 7:00,14
8/9/2016 8:00,17
8/9/2016 9:00,20
8/9/2016 10:00,23
8/9/2016 11:00,25
8/9/2016 12:00,26
8/9/2016 13:00,26
8/9/2016 14:00,26
8/9/2016 15:00,27
8/9/2016 16:00,26
8/9/2016 17:00,26
8/9/2016 18:00,23
8/9/2016 19:00,20
8/9/2016 20:00,17
8/9/2016 21:00,16
8/9/2016 22:00,17
8/9/2016 23:00,14
8/10/2016 0:00,14
8/10/2016 1:00,13
8/10/2016 2:00,13
8/10/2016 3:00,13
8/10/2016 4:00,12
8/10/2016 5:00,12
8/10/2016 6:00,13
8/10/2016 7:00,14
8/10/2016 8:00,16
8/10/2016 9:00,18
8/10/2016 10:00,23
8/10/2016 11:00,26
8/10/2016 12:00,26
8/10/2016 13:00,26
8/10/2016 14:00,24
8/10/2016 15:00,26
8/10/2016 16:00,26
8/10/2016 17:00,23
8/10/2016 18:00,21
8/10/2016 19:00,19
8/10/2016 20:00,19
8/10/2016 21:00,18
8/10/2016 22:00,18
8/10/2016 23:00,18
8/11/2016 0:00,18
8/11/2016 1:00,17
8/11/2016 2:00,17
8/11/2016 3:00,16
8/11/2016 4:00,16
8/11/2016 5:00,16
8/11/2016 6:00,16
8/11/2016 7:00,16
8/11/2016 8:00,18
8/11/2016 9:00,20.5
8/11/2016 10:00,23
8/11/2016 11:00,24
8/11/2016 12:00,26
8/11/2016 13:00,26
8/11/2016 14:00,26
8/11/2016 15:00,26
8/11/2016 16:00,25
8/11/2016 17:00,25
8/11/2016 18:00,23.5
8/11/2016 19:00,21
8/11/2016 20:00,18
8/11/2016 21:00,18
8/11/2016 22:00,19
8/11/2016 23:00,16
8/12/2016 0:00,17
8/12/2016 1:00,16
8/12/2016 2:00,16
8/12/2016 3:00,17
8/12/2016 4:00,16
8/12/2016 5:00,17
8/12/2016 6:00,17
8/12/2016 7:00,17
8/12/2016 8:00,18
8/12/2016 9:00,18
8/12/2016 10:00,17
8/12/2016 11:00,17
8/12/2016 12:00,17
8/12/2016 13:00,17
8/12/2016 14:00,18
8/12/2016 15:00,17
8/12/2016 16:00,17
8/12/2016 17:00,17
8/12/2016 18:00,17
8/12/2016 19:00,17
8/12/2016 20:00,16
8/12/2016 21:00,16
8/12/2016 22:00,16
8/12/2016 23:00,16
8/13/2016 0:00,16
8/13/2016 1:00,16
8/13/2016 2:00,17
8/13/2016 3:00,16
8/13/2016 4:00,17
8/13/2016 5:00,16
8/13/2016 6:00,17
8/13/2016 7:00,17
8/13/2016 8:00,18
8/13/2016 9:00,18
8/13/2016 10:00,18
8/13/2016 11:00,18
8/13/2016 12:00,19.1
8/13/2016 13:00,20
8/13/2016 14:00,21
8/13/2016 15:00,21
8/13/2016 16:00,22
8/13/2016 17:00,22
8/13/2016 18:00,21
8/13/2016 19:00,18
8/13/2016 20:00,17
8/13/2016 21:00,17
8/13/2016 22:00,17
8/13/2016 23:00,17
8/14/2016 0:00,16
8/14/2016 1:00,16
8/14/2016 2:00,16
8/14/2016 3:00,16
8/14/2016 4:00,16
8/14/2016 5:00,15
8/14/2016 6:00,16
8/14/2016 7:00,16
8/14/2016 8:00,17
8/14/2016 9:00,19
8/14/2016 10:00,20
8/14/2016 11:00,20
8/14/2016 12:00,22
8/14/2016 13:00,22
8/14/2016 14:00,23
8/14/2016 15:00,22
8/14/2016 16:00,22
8/14/2016 17:00,22
8/14/2016 18:00,21
8/14/2016 19:00,19
8/14/2016 20:00,18
8/14/2016 21:00,16
8/14/2016 22:00,14
8/14/2016 23:00,13
8/15/2016 0:00,13
8/15/2016 1:00,12
8/15/2016 2:00,13
8/15/2016 3:00,14
8/15/2016 4:00,14
8/15/2016 5:00,14
8/15/2016 6:00,14
8/15/2016 7:00,14
8/15/2016 8:00,16
8/15/2016 9:00,18
8/15/2016 10:00,20
8/15/2016 11:00,22
8/15/2016 12:00,23
8/15/2016 13:00,22
8/15/2016 14:00,23
8/15/2016 15:00,24
8/15/2016 16:00,24
8/15/2016 17:00,23
8/15/2016 18:00,22
8/15/2016 19:00,20
8/15/2016 20:00,19
8/15/2016 21:00,18
8/15/2016 22:00,18
8/15/2016 23:00,18
8/16/2016 0:00,17
8/16/2016 1:00,17
8/16/2016 2:00,16
8/16/2016 3:00,15
8/16/2016 4:00,14
8/16/2016 5:00,15
8/16/2016 6:00,14
8/16/2016 7:00,16
8/16/2016 8:00,17
8/16/2016 9:00,18
8/16/2016 10:00,20
8/16/2016 11:00,22
8/16/2016 12:00,22
8/16/2016 13:00,23
8/16/2016 14:00,23
8/16/2016 15:00,23
8/16/2016 16:00,22
8/16/2016 17:00,21
8/16/2016 18:00,21
8/16/2016 19:00,18
8/16/2016 20:00,17
8/16/2016 21:00,14
8/16/2016 22:00,13
8/16/2016 23:00,12
8/17/2016 0:00,12
8/17/2016 1:00,12
8/17/2016 2:00,13
8/17/2016 3:00,14
8/17/2016 4:00,14
8/17/2016 5:00,13
8/17/2016 6:00,13
8/17/2016 7:00,14
8/17/2016 8:00,14
8/17/2016 9:00,16
8/17/2016 10:00,19
8/17/2016 11:00,23
8/17/2016 12:00,24
8/17/2016 13:00,24
8/17/2016 14:00,25
8/17/2016 15:00,24
8/17/2016 16:00,23
8/17/2016 17:00,24
8/17/2016 18:00,23
8/17/2016 19:00,21
8/17/2016 20:00,19
8/17/2016 21:00,20
8/17/2016 22:00,18
8/17/2016 23:00,16
8/18/2016 0:00,14
8/18/2016 1:00,14
8/18/2016 2:00,13
8/18/2016 3:00,13
8/18/2016 4:00,14
8/18/2016 5:00,14
8/18/2016 6:00,14
8/18/2016 7:00,16
8/18/2016 8:00,18
8/18/2016 9:00,19
8/18/2016 10:00,22
8/18/2016 11:00,23
8/18/2016 12:00,25
8/18/2016 13:00,26
8/18/2016 14:00,24
8/18/2016 15:00,25
8/18/2016 16:00,26
8/18/2016 17:00,25
8/18/2016 18:00,24
8/18/2016 19:00,22
8/18/2016 20:00,20
8/18/2016 21:00,20
8/18/2016 22:00,20
8/18/2016 23:00,18
8/19/2016 0:00,18
8/19/2016 1:00,21
8/19/2016 2:00,21
8/19/2016 3:00,20
8/19/2016 4:00,19
8/19/2016 5:00,19
8/19/2016 6:00,17
8/19/2016 7:00,21
8/19/2016 8:00,21
8/19/2016 9:00,22
8/19/2016 10:00,22
8/19/2016 11:00,24
8/19/2016 12:00,24
8/19/2016 13:00,26
8/19/2016 14:00,26
8/19/2016 15:00,26
8/19/2016 16:00,26
8/19/2016 17:00,25
8/19/2016 18:00,24
8/19/2016 19:00,23
8/19/2016 20:00,21
8/19/2016 21:00,21
8/19/2016 22:00,21
8/19/2016 23:00,20
8/20/2016 0:00,20
8/20/2016 1:00,20
8/20/2016 2:00,20
8/20/2016 3:00,19
8/20/2016 4:00,19
8/20/2016 5:00,19
8/20/2016 6:00,19
8/20/2016 7:00,19
8/20/2016 8:00,19
8/20/2016 9:00,21
8/20/2016 10:00,23
8/20/2016 11:00,24
8/20/2016 12:00,23
8/20/2016 13:00,26
8/20/2016 14:00,25
8/20/2016 15:00,24.2
8/20/2016 16:00,23
8/20/2016 17:00,23
8/20/2016 18:00,22
8/20/2016 19:00,21
8/20/2016 20:00,21
8/20/2016 21:00,20
8/20/2016 22:00,18
8/20/2016 23:00,17
8/21/2016 0:00,17
8/21/2016 1:00,17
8/21/2016 2:00,17
8/21/2016 3:00,17
8/21/2016 4:00,17
8/21/2016 5:00,17
8/21/2016 6:00,15
8/21/2016 7:00,15
8/21/2016 8:00,15
8/21/2016 9:00,16
8/21/2016 10:00,16
8/21/2016 11:00,17
8/21/2016 12:00,17
8/21/2016 13:00,18
8/21/2016 14:00,20
8/21/2016 15:00,21
8/21/2016 16:00,19
8/21/2016 17:00,19
8/21/2016 18:00,18
8/21/2016 19:00,15
8/21/2016 20:00,12
8/21/2016 21:00,11
8/21/2016 22:00,10
8/21/2016 23:00,9
8/22/2016 0:00,8
8/22/2016 1:00,10
8/22/2016 2:00,10
8/22/2016 3:00,9
8/22/2016 4:00,9
8/22/2016 5:00,9
8/22/2016 6:00,9
8/22/2016 7:00,9
8/22/2016 8:00,10
8/22/2016 9:00,12
8/22/2016 10:00,16
8/22/2016 11:00,19
8/22/2016 12:00,20
8/22/2016 13:00,21
8/22/2016 14:00,22
8/22/2016 15:00,22
8/22/2016 16:00,23
8/22/2016 17:00,22
8/22/2016 18:00,21
8/22/2016 19:00,16
8/22/2016 20:00,13
8/22/2016 21:00,13
8/22/2016 22:00,12
8/22/2016 23:00,12
8/23/2016 0:00,11
8/23/2016 1:00,9
8/23/2016 2:00,8
8/23/2016 3:00,9
8/23/2016 4:00,8
8/23/2016 5:00,9
8/23/2016 6:00,9
8/23/2016 7:00,10
8/23/2016 8:00,12
8/23/2016 9:00,17
8/23/2016 10:00,21
8/23/2016 11:00,24
8/23/2016 12:00,28
8/23/2016 13:00,29
8/23/2016 14:00,29
8/23/2016 15:00,27.2
8/23/2016 16:00,25
8/23/2016 17:00,22
8/23/2016 18:00,21
8/23/2016 19:00,21
8/23/2016 20:00,20
8/23/2016 21:00,19
8/23/2016 22:00,19
8/23/2016 23:00,19
8/24/2016 0:00,18
8/24/2016 1:00,17
8/24/2016 2:00,17
8/24/2016 3:00,16
8/24/2016 4:00,16
8/24/2016 5:00,15
8/24/2016 6:00,15
8/24/2016 7:00,15
8/24/2016 8:00,16
8/24/2016 9:00,17
8/24/2016 10:00,18
8/24/2016 11:00,20
8/24/2016 12:00,21
8/24/2016 13:00,21
8/24/2016 14:00,21
8/24/2016 15:00,22
8/24/2016 16:00,22
8/24/2016 17:00,22
8/24/2016 18:00,22
8/24/2016 19:00,18
8/24/2016 20:00,17
8/24/2016 21:00,16
8/24/2016 22:00,15
8/24/2016 23:00,14
8/25/2016 0:00,14
8/25/2016 1:00,14
8/25/2016 2:00,16
8/25/2016 3:00,16
8/25/2016 4:00,17
8/25/2016 5:00,17
8/25/2016 6:00,17
8/25/2016 7:00,18
8/25/2016 8:00,21
8/25/2016 9:00,22
8/25/2016 10:00,23
8/25/2016 11:00,23
8/25/2016 12:00,25
8/25/2016 13:00,23
8/25/2016 14:00,24
8/25/2016 15:00,25
8/25/2016 16:00,25
8/25/2016 17:00,24
8/25/2016 18:00,23
8/25/2016 19:00,22
8/25/2016 20:00,21
8/25/2016 21:00,19
8/25/2016 22:00,20
8/25/2016 23:00,19
8/26/2016 0:00,19
8/26/2016 1:00,19
8/26/2016 2:00,19
8/26/2016 3:00,19
8/26/2016 4:00,18
8/26/2016 5:00,17
8/26/2016 6:00,18
8/26/2016 7:00,19
8/26/2016 8:00,21
8/26/2016 9:00,22
8/26/2016 10:00,22
8/26/2016 11:00,23
8/26/2016 12:00,25
8/26/2016 13:00,26
8/26/2016 14:00,26
8/26/2016 15:00,26
8/26/2016 16:00,24
8/26/2016 17:00,24
8/26/2016 18:00,24
8/26/2016 19:00,23
8/26/2016 20:00,22
8/26/2016 21:00,22
8/26/2016 22:00,22
8/26/2016 23:00,21
8/27/2016 0:00,21
8/27/2016 1:00,21
8/27/2016 2:00,22
8/27/2016 3:00,21
8/27/2016 4:00,19
8/27/2016 5:00,19
8/27/2016 6:00,20
8/27/2016 7:00,21
8/27/2016 8:00,23
8/27/2016 9:00,24
8/27/2016 10:00,26
8/27/2016 11:00,27
8/27/2016 12:00,28
8/27/2016 13:00,28
8/27/2016 14:00,29
8/27/2016 15:00,28.7
8/27/2016 16:00,28
8/27/2016 17:00,28
8/27/2016 18:00,27
8/27/2016 19:00,26
8/27/2016 20:00,24
8/27/2016 21:00,23
8/27/2016 22:00,23
8/27/2016 23:00,22
8/28/2016 0:00,21
8/28/2016 1:00,21
8/28/2016 2:00,19
8/28/2016 3:00,19
8/28/2016 4:00,19
8/28/2016 5:00,19
8/28/2016 6:00,18
8/28/2016 7:00,21
8/28/2016 8:00,22
8/28/2016 9:00,24
8/28/2016 10:00,26
8/28/2016 11:00,27
8/28/2016 12:00,28
8/28/2016 13:00,27
8/28/2016 14:00,27
8/28/2016 15:00,28
8/28/2016 16:00,28
8/28/2016 17:00,28
8/28/2016 18:00,28
8/28/2016 19:00,24
8/28/2016 20:00,24
8/28/2016 21:00,23
8/28/2016 22:00,22
8/28/2016 23:00,21
8/29/2016 0:00,20
8/29/2016 1:00,19
8/29/2016 2:00,19
8/29/2016 3:00,20
8/29/2016 4:00,20
8/29/2016 5:00,19
8/29/2016 6:00,20
8/29/2016 7:00,20
8/29/2016 8:00,21
8/29/2016 9:00,25
8/29/2016 10:00,28
8/29/2016 11:00,27
8/29/2016 12:00,28
8/29/2016 13:00,29
8/29/2016 14:00,29
8/29/2016 15:00,28
8/29/2016 16:00,26
8/29/2016 17:00,27
8/29/2016 18:00,27
8/29/2016 19:00,24
8/29/2016 20:00,23
8/29/2016 21:00,22
8/29/2016 22:00,22
8/29/2016 23:00,22
8/30/2016 0:00,21
8/30/2016 1:00,21
8/30/2016 2:00,22
8/30/2016 3:00,21
8/30/2016 4:00,21
8/30/2016 5:00,21
8/30/2016 6:00,21
8/30/2016 7:00,22
8/30/2016 8:00,22
8/30/2016 9:00,21
8/30/2016 10:00,22
8/30/2016 11:00,21
8/30/2016 12:00,22
8/30/2016 13:00,22
8/30/2016 14:00,22
8/30/2016 15:00,21
8/30/2016 16:00,21
8/30/2016 17:00,21
8/30/2016 18:00,21
8/30/2016 19:00,21
8/30/2016 20:00,21
8/30/2016 21:00,20
8/30/2016 22:00,19
8/30/2016 23:00,19
8/31/2016 0:00,19
8/31/2016 1:00,19
8/31/2016 2:00,19
8/31/2016 3:00,19
8/31/2016 4:00,19
8/31/2016 5:00,18
8/31/2016 6:00,18
8/31/2016 7:00,18
8/31/2016 8:00,18
8/31/2016 9:00,18
8/31/2016 10:00,19
8/31/2016 11:00,21
8/31/2016 12:00,22
8/31/2016 13:00,23
8/31/2016 14:00,22
8/31/2016 15:00,22
8/31/2016 16:00,23
8/31/2016 17:00,23
8/31/2016 18:00,21
8/31/2016 19:00,16
8/31/2016 20:00,16
8/31/2016 21:00,14
8/31/2016 22:00,14
8/31/2016 23:00,13.9
